date,address,crisis del agua (sequia),derrumbe,desborde de rio,deslizamiento,granizada,inundacion,riada
2002-01-01,no hay direccion,0.02,0.32,0.15,0.18,0.41,0.01,0.45
2002-01-02,no hay direccion,0.25,0.22,0.05,0.38,0.05,0.29,0.05
2002-01-03,no hay direccion,0.32,0.22,0.41,0.23,0.36,0.35,0.18
2002-01-04,no hay direccion,0.28,0.15,0.13,0.25,0.28,0.27,0.04
2002-01-05,no hay direccion,0.37,0.07,0.45,0.24,0.24,0.3,0.04
2002-01-06,no hay direccion,0.04,0.3,0.15,0.42,0.4,0.11,0.09
2002-01-07,no hay direccion,0.12,0.45,0.02,0.26,0.27,0.07,0.12
2002-01-08,no hay direccion,0.31,0.04,0.48,0.26,0.44,0.1,0.2
2002-01-09,no hay direccion,0.09,0.22,0.04,0.12,0.39,0.02,0.2
2002-01-10,no hay direccion,0.13,0.22,0.03,0.38,0.2,0.32,0.46
2002-01-11,no hay direccion,0.21,0.15,0.49,0.1,0.07,0.18,0.11
2002-01-12,no hay direccion,0.49,0.42,0.34,0.17,0.11,0.01,0.38
2002-01-13,no hay direccion,0.4,0.4,0.42,0.31,0.29,0.04,0.17
2002-01-14,no hay direccion,0.49,0.49,0.32,0.23,0.43,0.35,0.41
2002-01-15,no hay direccion,0.37,0.26,0.5,0.16,0.03,0.02,0.3
2002-01-16,no hay direccion,0.5,0.14,0.08,0.08,0.04,0.03,0.13
2002-01-17,no hay direccion,0.47,0.2,0.11,0.13,0.07,0.04,0.28
2002-01-18,no hay direccion,0.25,0.49,0.13,0.34,0.46,0.17,0.22
2002-01-19,no hay direccion,0.03,0.0,0.04,0.38,0.08,0.07,0.28
2002-01-20,no hay direccion,0.03,0.45,0.49,0.38,0.33,0.37,0.02
2002-01-21,no hay direccion,0.22,0.32,0.09,0.49,0.19,0.03,0.38
2002-01-22,no hay direccion,0.39,0.28,0.12,0.19,0.21,0.14,0.2
2002-01-23,zona sur,0.29,0.12,0.39,0.5,0.39,0.68,0.09
2002-01-24,no hay direccion,0.02,0.48,0.4,0.34,0.14,0.4,0.17
2002-01-25,no hay direccion,0.04,0.26,0.0,0.2,0.44,0.19,0.28
2002-01-26,no hay direccion,0.24,0.27,0.44,0.33,0.06,0.19,0.26
2002-01-27,no hay direccion,0.33,0.15,0.26,0.24,0.24,0.2,0.02
2002-01-28,zona ovejuyo,0.17,0.48,0.08,0.46,0.05,0.48,0.73
2002-01-29,no hay direccion,0.18,0.23,0.18,0.06,0.2,0.09,0.03
2002-01-30,no hay direccion,0.15,0.35,0.38,0.44,0.42,0.37,0.48
2002-01-31,no hay direccion,0.33,0.37,0.41,0.05,0.14,0.48,0.25
2002-02-01,no hay direccion,0.16,0.4,0.41,0.12,0.19,0.13,0.18
2002-02-02,no hay direccion,0.06,0.27,0.17,0.34,0.2,0.47,0.36
2002-02-03,no hay direccion,0.4,0.32,0.33,0.49,0.01,0.36,0.43
2002-02-04,no hay direccion,0.37,0.04,0.46,0.4,0.42,0.03,0.46
2002-02-05,no hay direccion,0.22,0.33,0.07,0.45,0.17,0.05,0.0
2002-02-06,no hay direccion,0.5,0.17,0.47,0.35,0.44,0.29,0.43
2002-02-07,no hay direccion,0.39,0.28,0.3,0.13,0.26,0.05,0.26
2002-02-08,no hay direccion,0.34,0.34,0.49,0.41,0.44,0.27,0.12
2002-02-09,no hay direccion,0.09,0.39,0.02,0.04,0.24,0.48,0.08
2002-02-10,no hay direccion,0.39,0.15,0.13,0.42,0.39,0.04,0.33
2002-02-11,no hay direccion,0.01,0.15,0.5,0.08,0.21,0.02,0.27
2002-02-12,no hay direccion,0.09,0.22,0.09,0.21,0.26,0.14,0.02
2002-02-13,no hay direccion,0.46,0.3,0.4,0.33,0.27,0.34,0.27
2002-02-14,no hay direccion,0.39,0.09,0.29,0.43,0.39,0.42,0.03
2002-02-15,no hay direccion,0.26,0.25,0.34,0.4,0.03,0.3,0.31
2002-02-16,no hay direccion,0.21,0.1,0.15,0.17,0.35,0.01,0.19
2002-02-17,no hay direccion,0.19,0.45,0.48,0.12,0.3,0.27,0.49
2002-02-18,no hay direccion,0.48,0.07,0.07,0.3,0.25,0.1,0.25
2002-02-19,avenida mancokapac,0.34,0.16,0.03,0.34,0.52,0.94,0.33
2002-02-19,centro de la ciudad,0.5,0.23,0.45,0.33,0.41,0.52,0.4
2002-02-19,zona sur,0.14,0.38,0.15,0.38,0.46,0.68,0.22
2002-02-20,no hay direccion,0.14,0.18,0.2,0.09,0.37,0.16,0.36
2002-02-21,no hay direccion,0.12,0.27,0.32,0.41,0.28,0.08,0.03
2002-02-22,no hay direccion,0.01,0.49,0.06,0.14,0.24,0.36,0.42
2002-02-23,no hay direccion,0.14,0.27,0.18,0.37,0.14,0.43,0.3
2002-02-24,no hay direccion,0.34,0.23,0.38,0.04,0.34,0.4,0.35
2002-02-25,no hay direccion,0.26,0.35,0.18,0.06,0.4,0.01,0.44
2002-02-26,no hay direccion,0.24,0.41,0.22,0.48,0.07,0.41,0.47
2002-02-27,no hay direccion,0.05,0.0,0.41,0.3,0.39,0.19,0.38
2002-02-28,no hay direccion,0.02,0.22,0.26,0.15,0.27,0.5,0.18
2002-03-01,no hay direccion,0.0,0.27,0.38,0.37,0.46,0.08,0.12
2002-03-02,no hay direccion,0.11,0.25,0.47,0.14,0.32,0.31,0.16
2002-03-03,no hay direccion,0.13,0.48,0.44,0.18,0.15,0.03,0.41
2002-03-04,no hay direccion,0.26,0.06,0.18,0.23,0.29,0.43,0.41
2002-03-05,no hay direccion,0.18,0.23,0.36,0.08,0.36,0.18,0.21
2002-03-06,no hay direccion,0.03,0.16,0.34,0.29,0.2,0.2,0.27
2002-03-07,pura pura,0.05,0.06,0.02,0.16,0.12,0.69,0.16
2002-03-08,no hay direccion,0.12,0.16,0.47,0.18,0.12,0.28,0.22
2002-03-09,no hay direccion,0.35,0.09,0.24,0.44,0.44,0.29,0.5
2002-03-10,no hay direccion,0.23,0.44,0.24,0.21,0.27,0.47,0.08
2002-03-11,no hay direccion,0.22,0.28,0.26,0.34,0.03,0.3,0.06
2002-03-12,no hay direccion,0.33,0.25,0.16,0.39,0.2,0.44,0.28
2002-03-13,no hay direccion,0.35,0.27,0.18,0.46,0.48,0.2,0.44
2002-03-14,no hay direccion,0.13,0.19,0.38,0.1,0.33,0.11,0.36
2002-03-15,no hay direccion,0.19,0.4,0.13,0.48,0.24,0.31,0.03
2002-03-16,no hay direccion,0.05,0.09,0.2,0.45,0.36,0.27,0.27
2002-03-17,no hay direccion,0.17,0.38,0.4,0.39,0.0,0.5,0.45
2002-03-18,no hay direccion,0.41,0.1,0.07,0.31,0.03,0.46,0.18
2002-03-19,no hay direccion,0.2,0.0,0.18,0.2,0.48,0.02,0.21
2002-03-20,no hay direccion,0.39,0.01,0.12,0.39,0.36,0.24,0.09
2002-03-21,no hay direccion,0.05,0.33,0.27,0.06,0.41,0.17,0.07
2002-03-22,no hay direccion,0.48,0.24,0.44,0.03,0.38,0.34,0.46
2002-03-23,no hay direccion,0.13,0.39,0.1,0.49,0.22,0.01,0.0
2002-03-24,no hay direccion,0.42,0.45,0.33,0.36,0.41,0.17,0.15
2002-03-25,no hay direccion,0.16,0.21,0.44,0.39,0.37,0.24,0.26
2002-03-26,no hay direccion,0.05,0.22,0.37,0.09,0.34,0.27,0.09
2002-03-27,no hay direccion,0.25,0.14,0.12,0.26,0.33,0.06,0.24
2002-03-28,no hay direccion,0.19,0.46,0.02,0.21,0.37,0.01,0.41
2002-03-29,no hay direccion,0.12,0.13,0.01,0.42,0.48,0.03,0.33
2002-03-30,no hay direccion,0.21,0.39,0.16,0.18,0.11,0.19,0.47
2002-03-31,no hay direccion,0.11,0.43,0.09,0.23,0.22,0.2,0.45
2002-04-01,no hay direccion,0.45,0.45,0.15,0.37,0.05,0.41,0.3
2002-04-02,no hay direccion,0.44,0.19,0.29,0.21,0.12,0.48,0.42
2002-04-03,no hay direccion,0.35,0.4,0.09,0.44,0.01,0.37,0.07
2002-04-04,no hay direccion,0.43,0.35,0.46,0.26,0.37,0.04,0.0
2002-04-05,no hay direccion,0.2,0.17,0.16,0.49,0.34,0.23,0.23
2002-04-06,no hay direccion,0.4,0.2,0.14,0.3,0.39,0.38,0.43
2002-04-07,no hay direccion,0.49,0.34,0.17,0.47,0.35,0.39,0.28
2002-04-08,no hay direccion,0.45,0.06,0.38,0.25,0.49,0.39,0.17
2002-04-09,no hay direccion,0.35,0.15,0.09,0.03,0.47,0.13,0.47
2002-04-10,no hay direccion,0.42,0.27,0.23,0.16,0.19,0.15,0.09
2002-04-11,no hay direccion,0.06,0.03,0.11,0.02,0.06,0.04,0.41
2002-04-12,no hay direccion,0.45,0.11,0.43,0.23,0.04,0.49,0.21
2002-04-13,no hay direccion,0.03,0.22,0.45,0.42,0.24,0.19,0.18
2002-04-14,no hay direccion,0.47,0.21,0.04,0.02,0.16,0.37,0.48
2002-04-15,no hay direccion,0.06,0.21,0.49,0.14,0.37,0.34,0.0
2002-04-16,no hay direccion,0.41,0.5,0.37,0.48,0.47,0.33,0.37
2002-04-17,no hay direccion,0.21,0.34,0.4,0.36,0.03,0.08,0.45
2002-04-18,area urbana,0.45,0.32,0.48,0.94,0.03,0.33,0.24
2002-04-19,no hay direccion,0.05,0.01,0.21,0.09,0.29,0.48,0.13
2002-04-20,no hay direccion,0.4,0.23,0.0,0.37,0.0,0.4,0.05
2002-04-21,no hay direccion,0.13,0.07,0.32,0.23,0.45,0.22,0.3
2002-04-22,no hay direccion,0.3,0.16,0.24,0.15,0.41,0.35,0.39
2002-04-23,no hay direccion,0.08,0.14,0.27,0.28,0.4,0.4,0.04
2002-04-24,no hay direccion,0.31,0.24,0.2,0.17,0.22,0.22,0.32
2002-04-25,no hay direccion,0.24,0.37,0.28,0.17,0.4,0.48,0.36
2002-04-26,no hay direccion,0.29,0.18,0.24,0.06,0.18,0.42,0.23
2002-04-27,no hay direccion,0.25,0.18,0.18,0.35,0.29,0.06,0.48
2002-04-28,no hay direccion,0.14,0.22,0.01,0.38,0.11,0.23,0.45
2002-04-29,no hay direccion,0.37,0.32,0.12,0.35,0.43,0.32,0.49
2002-04-30,no hay direccion,0.08,0.1,0.03,0.27,0.03,0.32,0.27
2002-05-01,no hay direccion,0.15,0.1,0.25,0.04,0.31,0.01,0.33
2002-05-02,no hay direccion,0.44,0.25,0.33,0.12,0.24,0.3,0.3
2002-05-03,no hay direccion,0.23,0.4,0.06,0.37,0.49,0.05,0.27
2002-05-04,no hay direccion,0.04,0.3,0.05,0.38,0.23,0.08,0.31
2002-05-05,no hay direccion,0.44,0.01,0.42,0.13,0.15,0.05,0.09
2002-05-06,no hay direccion,0.01,0.25,0.23,0.0,0.04,0.26,0.5
2002-05-07,no hay direccion,0.07,0.03,0.33,0.28,0.18,0.26,0.29
2002-05-08,no hay direccion,0.32,0.49,0.03,0.18,0.39,0.06,0.04
2002-05-09,no hay direccion,0.13,0.21,0.49,0.01,0.05,0.1,0.11
2002-05-10,no hay direccion,0.4,0.19,0.44,0.34,0.22,0.39,0.16
2002-05-11,no hay direccion,0.27,0.02,0.37,0.45,0.41,0.12,0.05
2002-05-12,no hay direccion,0.43,0.44,0.34,0.23,0.43,0.44,0.19
2002-05-13,no hay direccion,0.47,0.42,0.06,0.04,0.12,0.17,0.22
2002-05-14,no hay direccion,0.31,0.31,0.31,0.4,0.25,0.48,0.47
2002-05-15,no hay direccion,0.37,0.42,0.23,0.15,0.3,0.17,0.09
2002-05-16,no hay direccion,0.28,0.46,0.3,0.18,0.24,0.45,0.44
2002-05-17,no hay direccion,0.06,0.4,0.47,0.37,0.26,0.45,0.5
2002-05-18,no hay direccion,0.03,0.15,0.3,0.28,0.43,0.16,0.39
2002-05-19,no hay direccion,0.33,0.14,0.32,0.33,0.49,0.34,0.32
2002-05-20,no hay direccion,0.27,0.14,0.33,0.17,0.23,0.15,0.06
2002-05-21,no hay direccion,0.21,0.12,0.46,0.03,0.48,0.16,0.29
2002-05-22,no hay direccion,0.02,0.39,0.16,0.34,0.13,0.41,0.06
2002-05-23,no hay direccion,0.06,0.01,0.34,0.44,0.0,0.41,0.35
2002-05-24,no hay direccion,0.13,0.03,0.14,0.06,0.17,0.48,0.09
2002-05-25,no hay direccion,0.3,0.23,0.43,0.23,0.01,0.34,0.5
2002-05-26,no hay direccion,0.02,0.14,0.12,0.4,0.09,0.17,0.43
2002-05-27,no hay direccion,0.17,0.11,0.26,0.14,0.02,0.44,0.39
2002-05-28,no hay direccion,0.2,0.42,0.35,0.42,0.19,0.26,0.14
2002-05-29,no hay direccion,0.37,0.27,0.23,0.46,0.21,0.26,0.48
2002-05-30,no hay direccion,0.17,0.23,0.35,0.2,0.11,0.45,0.46
2002-05-31,no hay direccion,0.14,0.11,0.3,0.42,0.04,0.14,0.07
2002-06-01,no hay direccion,0.22,0.48,0.34,0.4,0.47,0.35,0.39
2002-06-02,no hay direccion,0.33,0.08,0.31,0.04,0.11,0.39,0.07
2002-06-03,no hay direccion,0.32,0.13,0.12,0.29,0.12,0.13,0.04
2002-06-04,no hay direccion,0.39,0.38,0.46,0.4,0.31,0.47,0.43
2002-06-05,no hay direccion,0.33,0.4,0.49,0.32,0.44,0.35,0.44
2002-06-06,no hay direccion,0.18,0.24,0.1,0.45,0.47,0.06,0.0
2002-06-07,no hay direccion,0.31,0.08,0.27,0.46,0.23,0.43,0.0
2002-06-08,no hay direccion,0.28,0.06,0.42,0.18,0.35,0.13,0.5
2002-06-09,no hay direccion,0.05,0.47,0.49,0.16,0.39,0.17,0.42
2002-06-10,no hay direccion,0.17,0.05,0.1,0.32,0.21,0.17,0.3
2002-06-11,no hay direccion,0.32,0.11,0.15,0.37,0.08,0.38,0.13
2002-06-12,no hay direccion,0.2,0.12,0.39,0.19,0.28,0.07,0.14
2002-06-13,no hay direccion,0.25,0.4,0.0,0.07,0.43,0.32,0.41
2002-06-14,no hay direccion,0.36,0.21,0.14,0.37,0.35,0.34,0.23
2002-06-15,no hay direccion,0.25,0.39,0.01,0.37,0.02,0.21,0.21
2002-06-16,no hay direccion,0.45,0.28,0.47,0.42,0.12,0.04,0.16
2002-06-17,no hay direccion,0.49,0.4,0.21,0.43,0.05,0.4,0.3
2002-06-18,no hay direccion,0.1,0.14,0.26,0.12,0.08,0.04,0.12
2002-06-19,no hay direccion,0.38,0.11,0.22,0.5,0.27,0.48,0.49
2002-06-20,no hay direccion,0.27,0.22,0.44,0.23,0.31,0.07,0.5
2002-06-21,no hay direccion,0.11,0.36,0.02,0.08,0.2,0.46,0.46
2002-06-22,no hay direccion,0.03,0.04,0.31,0.36,0.37,0.35,0.3
2002-06-23,no hay direccion,0.18,0.14,0.16,0.33,0.48,0.21,0.12
2002-06-24,no hay direccion,0.25,0.49,0.2,0.36,0.42,0.36,0.29
2002-06-25,no hay direccion,0.17,0.28,0.04,0.29,0.34,0.06,0.21
2002-06-26,no hay direccion,0.04,0.33,0.12,0.28,0.36,0.17,0.42
2002-06-27,no hay direccion,0.12,0.09,0.27,0.28,0.08,0.28,0.3
2002-06-28,no hay direccion,0.0,0.29,0.43,0.16,0.04,0.2,0.39
2002-06-29,no hay direccion,0.5,0.26,0.27,0.38,0.29,0.39,0.11
2002-06-30,no hay direccion,0.45,0.09,0.2,0.45,0.49,0.25,0.45
2002-07-01,no hay direccion,0.21,0.08,0.22,0.17,0.23,0.08,0.33
2002-07-02,no hay direccion,0.25,0.25,0.06,0.11,0.42,0.15,0.05
2002-07-03,no hay direccion,0.04,0.02,0.38,0.11,0.23,0.46,0.1
2002-07-04,no hay direccion,0.47,0.11,0.02,0.22,0.18,0.24,0.11
2002-07-05,no hay direccion,0.27,0.44,0.22,0.0,0.37,0.2,0.26
2002-07-06,no hay direccion,0.49,0.01,0.03,0.22,0.19,0.02,0.44
2002-07-07,no hay direccion,0.03,0.06,0.42,0.18,0.13,0.27,0.33
2002-07-08,no hay direccion,0.15,0.2,0.11,0.47,0.01,0.05,0.19
2002-07-09,no hay direccion,0.13,0.02,0.43,0.28,0.38,0.43,0.04
2002-07-10,no hay direccion,0.42,0.44,0.14,0.07,0.01,0.12,0.45
2002-07-11,no hay direccion,0.05,0.13,0.31,0.47,0.3,0.17,0.21
2002-07-12,no hay direccion,0.32,0.17,0.09,0.14,0.22,0.16,0.09
2002-07-13,no hay direccion,0.42,0.2,0.37,0.39,0.32,0.01,0.17
2002-07-14,no hay direccion,0.08,0.02,0.07,0.12,0.48,0.5,0.01
2002-07-15,no hay direccion,0.39,0.23,0.3,0.02,0.31,0.1,0.17
2002-07-16,no hay direccion,0.49,0.33,0.14,0.09,0.21,0.21,0.16
2002-07-17,no hay direccion,0.49,0.4,0.32,0.44,0.08,0.21,0.13
2002-07-18,no hay direccion,0.06,0.05,0.32,0.41,0.04,0.02,0.19
2002-07-19,no hay direccion,0.46,0.48,0.05,0.47,0.3,0.23,0.05
2002-07-20,no hay direccion,0.13,0.22,0.37,0.13,0.0,0.49,0.28
2002-07-21,no hay direccion,0.5,0.49,0.08,0.4,0.34,0.29,0.43
2002-07-22,no hay direccion,0.43,0.4,0.08,0.19,0.2,0.36,0.49
2002-07-23,no hay direccion,0.09,0.07,0.3,0.49,0.33,0.25,0.44
2002-07-24,no hay direccion,0.4,0.45,0.16,0.11,0.2,0.07,0.26
2002-07-25,no hay direccion,0.44,0.39,0.37,0.03,0.25,0.47,0.26
2002-07-26,no hay direccion,0.47,0.02,0.05,0.03,0.35,0.44,0.06
2002-07-27,no hay direccion,0.35,0.31,0.15,0.28,0.14,0.36,0.11
2002-07-28,no hay direccion,0.29,0.41,0.32,0.41,0.18,0.32,0.03
2002-07-29,no hay direccion,0.49,0.13,0.26,0.4,0.26,0.24,0.22
2002-07-30,no hay direccion,0.35,0.12,0.13,0.46,0.28,0.2,0.46
2002-07-31,no hay direccion,0.15,0.34,0.24,0.45,0.23,0.07,0.02
2002-08-01,no hay direccion,0.48,0.47,0.3,0.46,0.4,0.43,0.23
2002-08-02,no hay direccion,0.37,0.26,0.16,0.09,0.22,0.27,0.44
2002-08-03,no hay direccion,0.06,0.45,0.44,0.34,0.08,0.07,0.17
2002-08-04,no hay direccion,0.36,0.04,0.28,0.45,0.12,0.22,0.16
2002-08-05,no hay direccion,0.35,0.4,0.18,0.17,0.34,0.12,0.32
2002-08-06,no hay direccion,0.19,0.03,0.37,0.43,0.27,0.29,0.02
2002-08-07,no hay direccion,0.3,0.13,0.48,0.07,0.08,0.49,0.22
2002-08-08,no hay direccion,0.02,0.29,0.08,0.35,0.28,0.41,0.08
2002-08-09,no hay direccion,0.42,0.09,0.17,0.35,0.11,0.48,0.1
2002-08-10,no hay direccion,0.13,0.01,0.03,0.25,0.28,0.09,0.12
2002-08-11,no hay direccion,0.15,0.13,0.3,0.05,0.02,0.33,0.24
2002-08-12,no hay direccion,0.31,0.24,0.36,0.38,0.42,0.48,0.34
2002-08-13,no hay direccion,0.2,0.15,0.36,0.03,0.11,0.13,0.39
2002-08-14,no hay direccion,0.3,0.01,0.23,0.34,0.45,0.41,0.22
2002-08-15,no hay direccion,0.44,0.29,0.27,0.08,0.35,0.41,0.21
2002-08-16,no hay direccion,0.08,0.44,0.42,0.2,0.01,0.24,0.42
2002-08-17,no hay direccion,0.15,0.29,0.4,0.34,0.01,0.17,0.22
2002-08-18,no hay direccion,0.38,0.03,0.32,0.44,0.26,0.06,0.08
2002-08-19,no hay direccion,0.13,0.37,0.01,0.05,0.38,0.12,0.21
2002-08-20,no hay direccion,0.21,0.36,0.23,0.44,0.48,0.08,0.25
2002-08-21,no hay direccion,0.11,0.1,0.35,0.43,0.43,0.1,0.35
2002-08-22,no hay direccion,0.46,0.1,0.27,0.15,0.01,0.34,0.02
2002-08-23,no hay direccion,0.12,0.2,0.14,0.37,0.19,0.37,0.0
2002-08-24,no hay direccion,0.32,0.14,0.22,0.16,0.32,0.35,0.41
2002-08-25,no hay direccion,0.33,0.08,0.42,0.4,0.36,0.27,0.3
2002-08-26,no hay direccion,0.26,0.0,0.0,0.07,0.1,0.32,0.02
2002-08-27,no hay direccion,0.21,0.06,0.1,0.47,0.24,0.48,0.48
2002-08-28,no hay direccion,0.36,0.32,0.42,0.17,0.15,0.06,0.04
2002-08-29,no hay direccion,0.4,0.03,0.13,0.3,0.25,0.02,0.39
2002-08-30,no hay direccion,0.27,0.26,0.05,0.08,0.14,0.1,0.37
2002-08-31,no hay direccion,0.16,0.21,0.11,0.1,0.15,0.35,0.1
2002-09-01,no hay direccion,0.33,0.46,0.44,0.29,0.04,0.15,0.42
2002-09-02,no hay direccion,0.14,0.18,0.3,0.34,0.02,0.35,0.47
2002-09-03,no hay direccion,0.36,0.07,0.16,0.06,0.41,0.03,0.45
2002-09-04,no hay direccion,0.44,0.25,0.25,0.37,0.45,0.13,0.26
2002-09-05,no hay direccion,0.02,0.26,0.29,0.27,0.3,0.31,0.16
2002-09-06,no hay direccion,0.17,0.11,0.29,0.45,0.29,0.45,0.4
2002-09-07,no hay direccion,0.37,0.21,0.16,0.46,0.02,0.29,0.1
2002-09-08,no hay direccion,0.11,0.12,0.09,0.49,0.23,0.39,0.35
2002-09-09,no hay direccion,0.36,0.42,0.44,0.26,0.25,0.17,0.19
2002-09-10,no hay direccion,0.04,0.02,0.23,0.46,0.24,0.45,0.37
2002-09-11,no hay direccion,0.37,0.32,0.25,0.45,0.13,0.26,0.4
2002-09-12,no hay direccion,0.21,0.18,0.21,0.28,0.19,0.07,0.25
2002-09-13,no hay direccion,0.36,0.23,0.22,0.03,0.03,0.38,0.36
2002-09-14,no hay direccion,0.25,0.14,0.12,0.22,0.23,0.02,0.41
2002-09-15,no hay direccion,0.24,0.02,0.22,0.43,0.47,0.43,0.32
2002-09-16,no hay direccion,0.15,0.47,0.43,0.32,0.41,0.4,0.19
2002-09-17,no hay direccion,0.13,0.24,0.28,0.25,0.41,0.29,0.24
2002-09-18,no hay direccion,0.16,0.19,0.4,0.29,0.19,0.16,0.18
2002-09-19,no hay direccion,0.37,0.06,0.05,0.46,0.28,0.48,0.01
2002-09-20,no hay direccion,0.04,0.38,0.16,0.05,0.21,0.38,0.07
2002-09-21,no hay direccion,0.26,0.06,0.3,0.1,0.19,0.38,0.45
2002-09-22,no hay direccion,0.1,0.43,0.13,0.24,0.1,0.05,0.37
2002-09-23,no hay direccion,0.04,0.17,0.03,0.2,0.45,0.36,0.48
2002-09-24,no hay direccion,0.22,0.28,0.41,0.27,0.48,0.16,0.11
2002-09-25,no hay direccion,0.33,0.35,0.3,0.48,0.01,0.04,0.41
2002-09-26,no hay direccion,0.1,0.36,0.31,0.32,0.18,0.11,0.48
2002-09-27,no hay direccion,0.29,0.28,0.25,0.1,0.09,0.01,0.41
2002-09-28,no hay direccion,0.3,0.23,0.04,0.01,0.3,0.1,0.24
2002-09-29,no hay direccion,0.41,0.17,0.46,0.43,0.21,0.19,0.43
2002-09-30,no hay direccion,0.03,0.29,0.28,0.48,0.47,0.22,0.05
2002-10-01,no hay direccion,0.09,0.1,0.39,0.45,0.11,0.44,0.05
2002-10-02,no hay direccion,0.35,0.06,0.33,0.21,0.11,0.03,0.3
2002-10-03,no hay direccion,0.38,0.22,0.45,0.11,0.34,0.48,0.21
2002-10-04,no hay direccion,0.13,0.41,0.06,0.07,0.27,0.08,0.41
2002-10-05,no hay direccion,0.41,0.06,0.21,0.09,0.47,0.36,0.13
2002-10-06,no hay direccion,0.03,0.35,0.24,0.02,0.43,0.09,0.33
2002-10-07,no hay direccion,0.37,0.28,0.1,0.5,0.23,0.24,0.01
2002-10-08,no hay direccion,0.06,0.48,0.24,0.38,0.45,0.41,0.25
2002-10-09,no hay direccion,0.4,0.29,0.13,0.08,0.25,0.15,0.34
2002-10-10,no hay direccion,0.14,0.12,0.22,0.33,0.11,0.2,0.37
2002-10-11,no hay direccion,0.19,0.32,0.29,0.23,0.49,0.06,0.35
2002-10-12,no hay direccion,0.26,0.2,0.47,0.42,0.26,0.18,0.01
2002-10-13,no hay direccion,0.26,0.05,0.43,0.41,0.46,0.15,0.37
2002-10-14,no hay direccion,0.28,0.46,0.12,0.04,0.23,0.37,0.36
2002-10-15,no hay direccion,0.34,0.13,0.11,0.18,0.19,0.23,0.01
2002-10-16,no hay direccion,0.29,0.01,0.2,0.25,0.1,0.05,0.39
2002-10-17,no hay direccion,0.21,0.05,0.16,0.27,0.46,0.11,0.22
2002-10-18,no hay direccion,0.14,0.03,0.26,0.38,0.17,0.28,0.43
2002-10-19,no hay direccion,0.33,0.11,0.34,0.05,0.2,0.07,0.48
2002-10-20,no hay direccion,0.23,0.31,0.29,0.06,0.07,0.33,0.23
2002-10-21,no hay direccion,0.01,0.2,0.36,0.12,0.15,0.39,0.25
2002-10-22,no hay direccion,0.26,0.15,0.35,0.45,0.08,0.38,0.32
2002-10-23,no hay direccion,0.31,0.0,0.04,0.02,0.34,0.16,0.29
2002-10-24,no hay direccion,0.19,0.03,0.42,0.01,0.25,0.2,0.18
2002-10-25,no hay direccion,0.11,0.43,0.35,0.1,0.06,0.43,0.19
2002-10-26,no hay direccion,0.25,0.18,0.39,0.33,0.15,0.12,0.4
2002-10-27,no hay direccion,0.39,0.01,0.37,0.23,0.25,0.41,0.26
2002-10-28,no hay direccion,0.13,0.43,0.14,0.25,0.34,0.33,0.27
2002-10-29,no hay direccion,0.42,0.0,0.29,0.24,0.4,0.49,0.05
2002-10-30,no hay direccion,0.03,0.25,0.11,0.22,0.27,0.15,0.01
2002-10-31,no hay direccion,0.04,0.02,0.1,0.47,0.03,0.4,0.49
2002-11-01,no hay direccion,0.15,0.32,0.26,0.03,0.33,0.32,0.45
2002-11-02,no hay direccion,0.14,0.21,0.32,0.31,0.46,0.17,0.31
2002-11-03,no hay direccion,0.23,0.21,0.28,0.01,0.45,0.4,0.14
2002-11-04,no hay direccion,0.39,0.36,0.16,0.48,0.11,0.36,0.21
2002-11-05,no hay direccion,0.38,0.23,0.08,0.03,0.31,0.07,0.46
2002-11-06,no hay direccion,0.35,0.34,0.47,0.13,0.17,0.19,0.08
2002-11-07,no hay direccion,0.36,0.24,0.41,0.07,0.38,0.44,0.33
2002-11-08,no hay direccion,0.02,0.36,0.1,0.3,0.23,0.2,0.21
2002-11-09,no hay direccion,0.09,0.16,0.06,0.46,0.5,0.11,0.02
2002-11-10,no hay direccion,0.02,0.27,0.11,0.48,0.38,0.19,0.35
2002-11-11,no hay direccion,0.44,0.31,0.43,0.05,0.14,0.38,0.32
2002-11-12,no hay direccion,0.49,0.05,0.19,0.01,0.24,0.21,0.36
2002-11-13,no hay direccion,0.19,0.0,0.19,0.23,0.37,0.2,0.34
2002-11-14,no hay direccion,0.34,0.13,0.07,0.1,0.44,0.1,0.15
2002-11-15,no hay direccion,0.27,0.46,0.25,0.27,0.21,0.2,0.47
2002-11-16,no hay direccion,0.27,0.45,0.26,0.13,0.4,0.3,0.07
2002-11-17,no hay direccion,0.29,0.05,0.03,0.23,0.35,0.42,0.24
2002-11-18,no hay direccion,0.09,0.49,0.29,0.36,0.41,0.37,0.31
2002-11-19,no hay direccion,0.02,0.42,0.08,0.37,0.14,0.5,0.31
2002-11-20,no hay direccion,0.05,0.02,0.37,0.05,0.1,0.3,0.32
2002-11-21,no hay direccion,0.42,0.21,0.44,0.12,0.15,0.43,0.41
2002-11-22,no hay direccion,0.36,0.16,0.23,0.07,0.34,0.2,0.22
2002-11-23,no hay direccion,0.05,0.07,0.15,0.33,0.0,0.22,0.45
2002-11-24,no hay direccion,0.17,0.44,0.34,0.36,0.01,0.3,0.22
2002-11-25,no hay direccion,0.22,0.25,0.33,0.3,0.34,0.16,0.03
2002-11-26,no hay direccion,0.37,0.2,0.42,0.38,0.38,0.22,0.3
2002-11-27,no hay direccion,0.26,0.2,0.03,0.21,0.46,0.33,0.47
2002-11-28,no hay direccion,0.33,0.33,0.24,0.28,0.18,0.44,0.03
2002-11-29,no hay direccion,0.47,0.19,0.06,0.32,0.07,0.39,0.29
2002-11-30,no hay direccion,0.1,0.31,0.06,0.38,0.13,0.3,0.33
2002-12-01,no hay direccion,0.29,0.2,0.21,0.18,0.16,0.08,0.26
2002-12-02,no hay direccion,0.12,0.4,0.18,0.21,0.11,0.1,0.11
2002-12-03,no hay direccion,0.36,0.32,0.39,0.45,0.21,0.24,0.25
2002-12-04,no hay direccion,0.11,0.46,0.22,0.42,0.5,0.39,0.18
2002-12-05,no hay direccion,0.22,0.49,0.47,0.27,0.26,0.15,0.28
2002-12-06,no hay direccion,0.37,0.44,0.14,0.32,0.43,0.34,0.21
2002-12-07,no hay direccion,0.39,0.22,0.49,0.19,0.12,0.41,0.49
2002-12-08,no hay direccion,0.08,0.37,0.39,0.45,0.16,0.4,0.28
2002-12-09,no hay direccion,0.34,0.39,0.09,0.01,0.32,0.42,0.39
2002-12-10,no hay direccion,0.34,0.16,0.39,0.01,0.29,0.31,0.41
2002-12-11,no hay direccion,0.44,0.36,0.04,0.32,0.48,0.23,0.25
2002-12-12,no hay direccion,0.28,0.3,0.45,0.12,0.46,0.1,0.26
2002-12-13,no hay direccion,0.39,0.44,0.02,0.38,0.42,0.22,0.48
2002-12-14,no hay direccion,0.2,0.32,0.4,0.14,0.46,0.08,0.22
2002-12-15,no hay direccion,0.3,0.2,0.43,0.19,0.22,0.37,0.3
2002-12-16,no hay direccion,0.46,0.46,0.14,0.5,0.22,0.11,0.21
2002-12-17,no hay direccion,0.15,0.15,0.31,0.46,0.43,0.39,0.13
2002-12-18,no hay direccion,0.34,0.1,0.34,0.08,0.14,0.38,0.05
2002-12-19,no hay direccion,0.01,0.17,0.37,0.09,0.08,0.43,0.29
2002-12-20,no hay direccion,0.16,0.03,0.07,0.49,0.35,0.09,0.12
2002-12-21,no hay direccion,0.37,0.13,0.12,0.37,0.28,0.11,0.01
2002-12-22,no hay direccion,0.08,0.33,0.03,0.12,0.2,0.16,0.09
2002-12-23,no hay direccion,0.49,0.1,0.35,0.26,0.49,0.27,0.02
2002-12-24,no hay direccion,0.26,0.44,0.46,0.11,0.03,0.48,0.2
2002-12-25,no hay direccion,0.01,0.17,0.48,0.03,0.48,0.21,0.32
2002-12-26,no hay direccion,0.12,0.17,0.39,0.44,0.33,0.33,0.37
2002-12-27,no hay direccion,0.49,0.25,0.15,0.12,0.31,0.46,0.29
2002-12-28,no hay direccion,0.46,0.06,0.28,0.16,0.5,0.06,0.43
2002-12-29,no hay direccion,0.09,0.48,0.27,0.22,0.31,0.17,0.1
2002-12-30,no hay direccion,0.12,0.41,0.15,0.3,0.34,0.31,0.15
2002-12-31,no hay direccion,0.39,0.17,0.02,0.35,0.28,0.47,0.47
2003-01-01,no hay direccion,0.41,0.02,0.01,0.04,0.03,0.24,0.29
2003-01-02,no hay direccion,0.3,0.32,0.39,0.45,0.01,0.29,0.42
2003-01-03,no hay direccion,0.09,0.35,0.05,0.34,0.44,0.03,0.11
2003-01-04,no hay direccion,0.43,0.18,0.1,0.41,0.49,0.0,0.01
2003-01-05,no hay direccion,0.07,0.24,0.15,0.06,0.36,0.37,0.34
2003-01-06,no hay direccion,0.05,0.39,0.39,0.04,0.39,0.27,0.23
2003-01-07,no hay direccion,0.42,0.35,0.39,0.17,0.29,0.49,0.03
2003-01-08,no hay direccion,0.42,0.25,0.07,0.27,0.4,0.39,0.19
2003-01-09,no hay direccion,0.01,0.17,0.19,0.01,0.15,0.26,0.21
2003-01-10,no hay direccion,0.07,0.37,0.44,0.4,0.12,0.25,0.22
2003-01-11,no hay direccion,0.41,0.32,0.09,0.46,0.25,0.42,0.08
2003-01-12,no hay direccion,0.02,0.23,0.37,0.2,0.28,0.48,0.38
2003-01-13,no hay direccion,0.12,0.18,0.05,0.49,0.22,0.06,0.12
2003-01-14,no hay direccion,0.48,0.14,0.27,0.44,0.42,0.28,0.18
2003-01-15,no hay direccion,0.0,0.45,0.06,0.2,0.36,0.38,0.29
2003-01-16,no hay direccion,0.29,0.39,0.19,0.16,0.06,0.41,0.28
2003-01-17,no hay direccion,0.17,0.38,0.29,0.13,0.01,0.13,0.08
2003-01-18,no hay direccion,0.31,0.32,0.49,0.46,0.09,0.24,0.09
2003-01-19,no hay direccion,0.48,0.17,0.49,0.08,0.17,0.05,0.34
2003-01-20,no hay direccion,0.23,0.09,0.29,0.29,0.05,0.5,0.47
2003-01-21,no hay direccion,0.41,0.19,0.42,0.08,0.28,0.33,0.26
2003-01-22,no hay direccion,0.02,0.25,0.16,0.17,0.1,0.31,0.17
2003-01-23,no hay direccion,0.2,0.12,0.02,0.02,0.45,0.18,0.07
2003-01-24,no hay direccion,0.48,0.1,0.28,0.46,0.21,0.21,0.47
2003-01-25,no hay direccion,0.38,0.02,0.4,0.12,0.46,0.15,0.04
2003-01-26,no hay direccion,0.08,0.3,0.18,0.43,0.33,0.28,0.22
2003-01-27,no hay direccion,0.19,0.12,0.16,0.1,0.28,0.12,0.15
2003-01-28,no hay direccion,0.32,0.43,0.39,0.32,0.09,0.47,0.45
2003-01-29,no hay direccion,0.21,0.2,0.25,0.49,0.38,0.2,0.19
2003-01-30,no hay direccion,0.1,0.13,0.32,0.5,0.27,0.01,0.43
2003-01-31,no hay direccion,0.44,0.28,0.49,0.03,0.09,0.11,0.41
2003-02-01,no hay direccion,0.32,0.46,0.22,0.44,0.46,0.42,0.27
2003-02-02,no hay direccion,0.15,0.32,0.38,0.49,0.13,0.44,0.31
2003-02-03,no hay direccion,0.3,0.12,0.01,0.05,0.39,0.39,0.12
2003-02-04,no hay direccion,0.07,0.37,0.03,0.49,0.21,0.47,0.17
2003-02-05,no hay direccion,0.49,0.07,0.18,0.4,0.35,0.36,0.13
2003-02-06,no hay direccion,0.3,0.31,0.32,0.06,0.42,0.27,0.37
2003-02-07,no hay direccion,0.15,0.24,0.18,0.05,0.15,0.08,0.14
2003-02-08,no hay direccion,0.43,0.29,0.08,0.34,0.08,0.22,0.49
2003-02-09,no hay direccion,0.05,0.46,0.11,0.42,0.26,0.28,0.46
2003-02-10,no hay direccion,0.33,0.21,0.09,0.35,0.04,0.36,0.45
2003-02-11,no hay direccion,0.0,0.41,0.12,0.29,0.05,0.29,0.45
2003-02-12,no hay direccion,0.38,0.03,0.11,0.4,0.38,0.48,0.25
2003-02-13,no hay direccion,0.29,0.31,0.28,0.49,0.27,0.38,0.14
2003-02-14,no hay direccion,0.09,0.21,0.04,0.44,0.11,0.48,0.39
2003-02-15,no hay direccion,0.06,0.4,0.33,0.07,0.46,0.27,0.35
2003-02-16,no hay direccion,0.37,0.09,0.03,0.11,0.01,0.14,0.28
2003-02-17,no hay direccion,0.09,0.22,0.05,0.37,0.37,0.09,0.43
2003-02-18,no hay direccion,0.39,0.17,0.26,0.23,0.01,0.45,0.1
2003-02-19,no hay direccion,0.26,0.48,0.01,0.38,0.11,0.13,0.17
2003-02-20,no hay direccion,0.01,0.4,0.07,0.32,0.07,0.5,0.25
2003-02-21,no hay direccion,0.39,0.35,0.08,0.21,0.13,0.33,0.22
2003-02-22,no hay direccion,0.39,0.43,0.33,0.04,0.38,0.14,0.03
2003-02-23,no hay direccion,0.2,0.32,0.25,0.43,0.25,0.05,0.08
2003-02-24,no hay direccion,0.45,0.38,0.02,0.24,0.43,0.08,0.27
2003-02-25,no hay direccion,0.01,0.0,0.47,0.44,0.21,0.23,0.08
2003-02-26,no hay direccion,0.16,0.32,0.24,0.14,0.46,0.43,0.46
2003-02-27,no hay direccion,0.28,0.46,0.47,0.49,0.35,0.45,0.42
2003-02-28,no hay direccion,0.2,0.2,0.39,0.24,0.14,0.47,0.48
2003-03-01,no hay direccion,0.5,0.03,0.34,0.34,0.43,0.4,0.18
2003-03-02,no hay direccion,0.16,0.03,0.23,0.39,0.07,0.18,0.36
2003-03-03,no hay direccion,0.37,0.35,0.15,0.2,0.24,0.22,0.19
2003-03-04,el rosal-llojeta,0.27,0.5,0.09,0.82,0.3,0.16,0.25
2003-03-05,no hay direccion,0.11,0.05,0.42,0.28,0.3,0.12,0.2
2003-03-06,no hay direccion,0.09,0.5,0.03,0.08,0.35,0.18,0.24
2003-03-07,no hay direccion,0.09,0.47,0.03,0.22,0.29,0.34,0.03
2003-03-08,no hay direccion,0.07,0.21,0.41,0.08,0.19,0.12,0.08
2003-03-09,no hay direccion,0.33,0.49,0.12,0.45,0.14,0.28,0.31
2003-03-10,no hay direccion,0.08,0.33,0.26,0.14,0.22,0.41,0.21
2003-03-11,no hay direccion,0.03,0.43,0.02,0.22,0.34,0.4,0.29
2003-03-12,no hay direccion,0.01,0.1,0.45,0.15,0.17,0.19,0.44
2003-03-13,no hay direccion,0.31,0.39,0.25,0.39,0.43,0.42,0.27
2003-03-14,no hay direccion,0.3,0.35,0.02,0.37,0.15,0.15,0.07
2003-03-15,no hay direccion,0.49,0.29,0.2,0.12,0.13,0.13,0.41
2003-03-16,no hay direccion,0.21,0.23,0.28,0.1,0.09,0.09,0.45
2003-03-17,no hay direccion,0.13,0.33,0.46,0.22,0.3,0.06,0.1
2003-03-18,no hay direccion,0.09,0.48,0.35,0.47,0.17,0.48,0.14
2003-03-19,no hay direccion,0.07,0.23,0.12,0.5,0.32,0.3,0.05
2003-03-20,no hay direccion,0.47,0.12,0.35,0.34,0.21,0.12,0.04
2003-03-21,no hay direccion,0.35,0.49,0.44,0.04,0.2,0.16,0.16
2003-03-22,no hay direccion,0.1,0.2,0.36,0.05,0.18,0.48,0.23
2003-03-23,no hay direccion,0.46,0.07,0.18,0.11,0.08,0.19,0.31
2003-03-24,no hay direccion,0.24,0.4,0.42,0.42,0.37,0.2,0.4
2003-03-25,no hay direccion,0.29,0.42,0.5,0.2,0.01,0.4,0.41
2003-03-26,no hay direccion,0.44,0.15,0.19,0.41,0.06,0.18,0.32
2003-03-27,no hay direccion,0.17,0.18,0.11,0.12,0.31,0.16,0.3
2003-03-28,no hay direccion,0.29,0.35,0.31,0.19,0.32,0.34,0.35
2003-03-29,no hay direccion,0.23,0.22,0.22,0.42,0.47,0.03,0.18
2003-03-30,no hay direccion,0.08,0.05,0.15,0.11,0.17,0.12,0.49
2003-03-31,no hay direccion,0.09,0.13,0.34,0.04,0.18,0.32,0.27
2003-04-01,no hay direccion,0.31,0.39,0.29,0.46,0.47,0.12,0.15
2003-04-02,no hay direccion,0.07,0.41,0.05,0.45,0.13,0.33,0.04
2003-04-03,no hay direccion,0.28,0.29,0.45,0.12,0.5,0.19,0.19
2003-04-04,no hay direccion,0.31,0.17,0.15,0.17,0.42,0.19,0.35
2003-04-05,no hay direccion,0.34,0.1,0.43,0.1,0.11,0.36,0.17
2003-04-06,no hay direccion,0.37,0.49,0.18,0.03,0.12,0.23,0.21
2003-04-07,no hay direccion,0.49,0.33,0.33,0.15,0.38,0.24,0.02
2003-04-08,no hay direccion,0.1,0.09,0.42,0.26,0.22,0.4,0.46
2003-04-09,no hay direccion,0.23,0.04,0.25,0.37,0.08,0.48,0.49
2003-04-10,no hay direccion,0.38,0.3,0.26,0.22,0.1,0.49,0.12
2003-04-11,no hay direccion,0.29,0.37,0.14,0.1,0.11,0.08,0.05
2003-04-12,no hay direccion,0.17,0.35,0.18,0.12,0.45,0.15,0.0
2003-04-13,no hay direccion,0.48,0.12,0.39,0.44,0.36,0.09,0.17
2003-04-14,no hay direccion,0.3,0.08,0.47,0.06,0.3,0.06,0.16
2003-04-15,no hay direccion,0.15,0.38,0.18,0.1,0.03,0.16,0.37
2003-04-16,no hay direccion,0.46,0.23,0.49,0.17,0.1,0.0,0.47
2003-04-17,no hay direccion,0.05,0.08,0.27,0.42,0.21,0.18,0.33
2003-04-18,no hay direccion,0.27,0.21,0.28,0.33,0.32,0.14,0.29
2003-04-19,no hay direccion,0.47,0.23,0.15,0.19,0.36,0.11,0.18
2003-04-20,no hay direccion,0.32,0.29,0.29,0.05,0.44,0.27,0.26
2003-04-21,no hay direccion,0.31,0.05,0.43,0.39,0.43,0.49,0.1
2003-04-22,no hay direccion,0.18,0.34,0.4,0.13,0.08,0.15,0.01
2003-04-23,no hay direccion,0.37,0.09,0.35,0.41,0.4,0.25,0.42
2003-04-24,no hay direccion,0.23,0.01,0.02,0.29,0.05,0.15,0.17
2003-04-25,no hay direccion,0.36,0.36,0.34,0.4,0.0,0.19,0.29
2003-04-26,no hay direccion,0.27,0.09,0.29,0.48,0.36,0.44,0.38
2003-04-27,no hay direccion,0.15,0.12,0.12,0.42,0.16,0.13,0.37
2003-04-28,no hay direccion,0.46,0.44,0.19,0.33,0.43,0.01,0.14
2003-04-29,no hay direccion,0.31,0.37,0.29,0.41,0.1,0.38,0.36
2003-04-30,no hay direccion,0.33,0.17,0.34,0.37,0.13,0.33,0.26
2003-05-01,no hay direccion,0.09,0.23,0.18,0.11,0.28,0.06,0.28
2003-05-02,no hay direccion,0.48,0.14,0.14,0.28,0.49,0.25,0.42
2003-05-03,no hay direccion,0.5,0.39,0.04,0.26,0.46,0.35,0.39
2003-05-04,no hay direccion,0.21,0.47,0.22,0.34,0.2,0.23,0.21
2003-05-05,no hay direccion,0.17,0.18,0.06,0.01,0.05,0.19,0.3
2003-05-06,no hay direccion,0.28,0.31,0.13,0.08,0.24,0.28,0.01
2003-05-07,no hay direccion,0.4,0.3,0.02,0.4,0.26,0.35,0.36
2003-05-08,no hay direccion,0.15,0.02,0.24,0.41,0.15,0.44,0.04
2003-05-09,no hay direccion,0.24,0.03,0.33,0.17,0.04,0.23,0.28
2003-05-10,no hay direccion,0.17,0.16,0.37,0.05,0.08,0.37,0.36
2003-05-11,no hay direccion,0.45,0.03,0.18,0.42,0.46,0.46,0.09
2003-05-12,no hay direccion,0.16,0.04,0.32,0.12,0.19,0.45,0.24
2003-05-13,no hay direccion,0.05,0.27,0.03,0.29,0.33,0.34,0.14
2003-05-14,no hay direccion,0.42,0.39,0.11,0.26,0.29,0.46,0.38
2003-05-15,no hay direccion,0.4,0.17,0.03,0.21,0.32,0.27,0.42
2003-05-16,no hay direccion,0.24,0.28,0.35,0.22,0.1,0.24,0.26
2003-05-17,no hay direccion,0.16,0.5,0.29,0.18,0.26,0.22,0.3
2003-05-18,no hay direccion,0.32,0.0,0.49,0.22,0.01,0.06,0.41
2003-05-19,no hay direccion,0.01,0.43,0.47,0.35,0.29,0.43,0.01
2003-05-20,no hay direccion,0.03,0.19,0.25,0.18,0.23,0.37,0.1
2003-05-21,no hay direccion,0.39,0.46,0.1,0.03,0.24,0.19,0.31
2003-05-22,no hay direccion,0.31,0.29,0.01,0.33,0.22,0.46,0.12
2003-05-23,no hay direccion,0.1,0.03,0.07,0.09,0.07,0.08,0.1
2003-05-24,no hay direccion,0.24,0.41,0.02,0.46,0.11,0.44,0.14
2003-05-25,no hay direccion,0.34,0.29,0.35,0.41,0.01,0.1,0.18
2003-05-26,no hay direccion,0.06,0.28,0.26,0.35,0.19,0.15,0.38
2003-05-27,no hay direccion,0.42,0.0,0.45,0.35,0.05,0.16,0.44
2003-05-28,no hay direccion,0.08,0.01,0.05,0.14,0.32,0.48,0.24
2003-05-29,no hay direccion,0.08,0.28,0.17,0.42,0.42,0.46,0.4
2003-05-30,no hay direccion,0.27,0.42,0.42,0.05,0.24,0.29,0.45
2003-05-31,no hay direccion,0.08,0.35,0.39,0.06,0.18,0.39,0.26
2003-06-01,no hay direccion,0.07,0.02,0.2,0.29,0.11,0.11,0.41
2003-06-02,no hay direccion,0.31,0.23,0.39,0.48,0.36,0.38,0.13
2003-06-03,no hay direccion,0.12,0.44,0.1,0.38,0.17,0.23,0.26
2003-06-04,no hay direccion,0.34,0.13,0.46,0.07,0.26,0.15,0.11
2003-06-05,no hay direccion,0.27,0.18,0.19,0.2,0.27,0.4,0.04
2003-06-06,no hay direccion,0.34,0.09,0.29,0.36,0.21,0.45,0.06
2003-06-07,no hay direccion,0.43,0.07,0.14,0.18,0.14,0.12,0.31
2003-06-08,no hay direccion,0.49,0.17,0.26,0.47,0.23,0.08,0.01
2003-06-09,no hay direccion,0.21,0.48,0.49,0.1,0.09,0.02,0.5
2003-06-10,no hay direccion,0.22,0.09,0.23,0.35,0.37,0.46,0.07
2003-06-11,no hay direccion,0.42,0.14,0.32,0.31,0.43,0.13,0.14
2003-06-12,no hay direccion,0.29,0.07,0.07,0.4,0.3,0.46,0.1
2003-06-13,no hay direccion,0.2,0.18,0.11,0.31,0.15,0.47,0.24
2003-06-14,no hay direccion,0.09,0.14,0.48,0.17,0.23,0.36,0.07
2003-06-15,no hay direccion,0.1,0.38,0.13,0.16,0.1,0.19,0.47
2003-06-16,no hay direccion,0.31,0.2,0.29,0.33,0.06,0.3,0.03
2003-06-17,no hay direccion,0.14,0.11,0.26,0.33,0.34,0.02,0.12
2003-06-18,no hay direccion,0.4,0.31,0.22,0.31,0.06,0.18,0.39
2003-06-19,no hay direccion,0.09,0.35,0.42,0.22,0.47,0.29,0.03
2003-06-20,no hay direccion,0.31,0.33,0.4,0.49,0.25,0.28,0.35
2003-06-21,no hay direccion,0.09,0.34,0.32,0.33,0.46,0.4,0.5
2003-06-22,no hay direccion,0.08,0.01,0.06,0.4,0.14,0.3,0.45
2003-06-23,no hay direccion,0.43,0.12,0.07,0.14,0.42,0.19,0.28
2003-06-24,no hay direccion,0.42,0.34,0.43,0.29,0.28,0.04,0.05
2003-06-25,no hay direccion,0.32,0.21,0.14,0.18,0.18,0.01,0.15
2003-06-26,no hay direccion,0.29,0.13,0.37,0.5,0.47,0.12,0.42
2003-06-27,no hay direccion,0.31,0.36,0.16,0.27,0.38,0.29,0.13
2003-06-28,no hay direccion,0.06,0.24,0.33,0.27,0.28,0.01,0.28
2003-06-29,no hay direccion,0.49,0.08,0.31,0.26,0.04,0.02,0.17
2003-06-30,no hay direccion,0.32,0.49,0.07,0.11,0.16,0.25,0.4
2003-07-01,no hay direccion,0.32,0.19,0.36,0.36,0.3,0.18,0.48
2003-07-02,no hay direccion,0.43,0.27,0.02,0.26,0.24,0.16,0.05
2003-07-03,no hay direccion,0.29,0.19,0.24,0.24,0.43,0.24,0.18
2003-07-04,no hay direccion,0.01,0.44,0.35,0.2,0.45,0.15,0.28
2003-07-05,no hay direccion,0.38,0.16,0.12,0.29,0.04,0.37,0.08
2003-07-06,no hay direccion,0.38,0.47,0.39,0.42,0.29,0.37,0.09
2003-07-07,no hay direccion,0.19,0.3,0.22,0.46,0.24,0.33,0.43
2003-07-08,no hay direccion,0.39,0.19,0.14,0.3,0.42,0.47,0.36
2003-07-09,no hay direccion,0.47,0.11,0.45,0.27,0.48,0.06,0.46
2003-07-10,no hay direccion,0.13,0.16,0.28,0.2,0.21,0.11,0.17
2003-07-11,no hay direccion,0.18,0.24,0.14,0.25,0.41,0.13,0.06
2003-07-12,no hay direccion,0.33,0.23,0.21,0.47,0.08,0.03,0.5
2003-07-13,no hay direccion,0.41,0.44,0.43,0.43,0.48,0.22,0.11
2003-07-14,no hay direccion,0.18,0.44,0.1,0.21,0.15,0.34,0.26
2003-07-15,no hay direccion,0.44,0.15,0.47,0.1,0.43,0.4,0.37
2003-07-16,no hay direccion,0.38,0.27,0.43,0.45,0.13,0.24,0.06
2003-07-17,no hay direccion,0.47,0.07,0.14,0.16,0.27,0.35,0.08
2003-07-18,no hay direccion,0.39,0.19,0.26,0.23,0.14,0.47,0.14
2003-07-19,no hay direccion,0.28,0.34,0.23,0.34,0.34,0.46,0.35
2003-07-20,no hay direccion,0.05,0.32,0.44,0.26,0.5,0.49,0.33
2003-07-21,no hay direccion,0.09,0.14,0.06,0.41,0.26,0.01,0.43
2003-07-22,no hay direccion,0.44,0.13,0.42,0.23,0.37,0.22,0.21
2003-07-23,no hay direccion,0.21,0.11,0.33,0.03,0.39,0.44,0.26
2003-07-24,no hay direccion,0.1,0.42,0.04,0.22,0.28,0.48,0.23
2003-07-25,no hay direccion,0.06,0.29,0.36,0.06,0.01,0.28,0.39
2003-07-26,no hay direccion,0.03,0.44,0.18,0.39,0.23,0.43,0.33
2003-07-27,no hay direccion,0.09,0.21,0.03,0.18,0.18,0.43,0.35
2003-07-28,no hay direccion,0.33,0.29,0.26,0.07,0.01,0.25,0.01
2003-07-29,no hay direccion,0.49,0.06,0.41,0.0,0.05,0.02,0.29
2003-07-30,no hay direccion,0.22,0.1,0.01,0.22,0.25,0.36,0.14
2003-07-31,no hay direccion,0.48,0.25,0.47,0.26,0.03,0.35,0.03
2003-08-01,no hay direccion,0.22,0.25,0.24,0.16,0.46,0.3,0.17
2003-08-02,no hay direccion,0.09,0.49,0.31,0.03,0.15,0.4,0.0
2003-08-03,no hay direccion,0.18,0.05,0.45,0.16,0.17,0.42,0.27
2003-08-04,no hay direccion,0.06,0.17,0.34,0.19,0.0,0.33,0.21
2003-08-05,no hay direccion,0.48,0.44,0.2,0.33,0.17,0.18,0.27
2003-08-06,no hay direccion,0.42,0.34,0.36,0.29,0.5,0.46,0.49
2003-08-07,no hay direccion,0.29,0.22,0.44,0.09,0.47,0.06,0.34
2003-08-08,no hay direccion,0.07,0.03,0.09,0.34,0.04,0.4,0.34
2003-08-09,no hay direccion,0.45,0.11,0.06,0.23,0.11,0.16,0.04
2003-08-10,no hay direccion,0.06,0.45,0.07,0.45,0.04,0.38,0.28
2003-08-11,no hay direccion,0.32,0.41,0.49,0.2,0.36,0.29,0.01
2003-08-12,no hay direccion,0.08,0.17,0.32,0.17,0.2,0.38,0.26
2003-08-13,no hay direccion,0.4,0.05,0.44,0.06,0.03,0.03,0.23
2003-08-14,no hay direccion,0.35,0.37,0.03,0.49,0.24,0.29,0.32
2003-08-15,no hay direccion,0.19,0.35,0.47,0.1,0.15,0.09,0.06
2003-08-16,no hay direccion,0.29,0.24,0.45,0.46,0.16,0.2,0.12
2003-08-17,no hay direccion,0.22,0.25,0.12,0.14,0.08,0.06,0.13
2003-08-18,no hay direccion,0.19,0.45,0.32,0.19,0.45,0.38,0.43
2003-08-19,no hay direccion,0.43,0.42,0.07,0.16,0.03,0.27,0.44
2003-08-20,no hay direccion,0.24,0.16,0.41,0.09,0.14,0.33,0.46
2003-08-21,no hay direccion,0.36,0.32,0.27,0.01,0.19,0.42,0.13
2003-08-22,no hay direccion,0.01,0.05,0.23,0.37,0.09,0.32,0.48
2003-08-23,no hay direccion,0.21,0.33,0.45,0.31,0.31,0.11,0.36
2003-08-24,no hay direccion,0.2,0.3,0.47,0.44,0.0,0.31,0.09
2003-08-25,no hay direccion,0.49,0.22,0.07,0.49,0.4,0.33,0.11
2003-08-26,no hay direccion,0.5,0.4,0.28,0.37,0.28,0.11,0.08
2003-08-27,no hay direccion,0.08,0.41,0.05,0.08,0.2,0.0,0.4
2003-08-28,no hay direccion,0.0,0.16,0.11,0.29,0.25,0.21,0.18
2003-08-29,no hay direccion,0.21,0.01,0.37,0.3,0.09,0.49,0.13
2003-08-30,no hay direccion,0.12,0.46,0.06,0.01,0.04,0.18,0.1
2003-08-31,no hay direccion,0.44,0.34,0.18,0.36,0.25,0.02,0.22
2003-09-01,no hay direccion,0.09,0.08,0.3,0.38,0.48,0.06,0.01
2003-09-02,no hay direccion,0.07,0.4,0.19,0.11,0.04,0.32,0.38
2003-09-03,no hay direccion,0.4,0.5,0.41,0.22,0.33,0.3,0.49
2003-09-04,no hay direccion,0.48,0.1,0.24,0.27,0.47,0.29,0.46
2003-09-05,no hay direccion,0.41,0.29,0.21,0.09,0.02,0.47,0.47
2003-09-06,no hay direccion,0.04,0.03,0.01,0.47,0.08,0.27,0.23
2003-09-07,no hay direccion,0.39,0.06,0.11,0.46,0.36,0.39,0.49
2003-09-08,no hay direccion,0.33,0.39,0.01,0.08,0.31,0.41,0.37
2003-09-09,no hay direccion,0.22,0.09,0.29,0.3,0.38,0.26,0.48
2003-09-10,no hay direccion,0.39,0.16,0.06,0.23,0.1,0.15,0.12
2003-09-11,no hay direccion,0.16,0.39,0.38,0.02,0.24,0.11,0.42
2003-09-12,no hay direccion,0.47,0.29,0.35,0.34,0.32,0.35,0.09
2003-09-13,no hay direccion,0.47,0.19,0.01,0.04,0.11,0.02,0.23
2003-09-14,no hay direccion,0.09,0.02,0.35,0.15,0.24,0.05,0.41
2003-09-15,no hay direccion,0.15,0.19,0.04,0.11,0.1,0.43,0.37
2003-09-16,no hay direccion,0.28,0.11,0.43,0.46,0.39,0.33,0.03
2003-09-17,no hay direccion,0.24,0.35,0.25,0.18,0.01,0.2,0.36
2003-09-18,no hay direccion,0.35,0.25,0.04,0.22,0.3,0.35,0.18
2003-09-19,no hay direccion,0.23,0.12,0.17,0.29,0.26,0.46,0.09
2003-09-20,no hay direccion,0.37,0.19,0.3,0.06,0.39,0.41,0.42
2003-09-21,no hay direccion,0.11,0.04,0.37,0.15,0.25,0.45,0.23
2003-09-22,no hay direccion,0.37,0.1,0.05,0.38,0.48,0.27,0.19
2003-09-23,no hay direccion,0.24,0.37,0.34,0.18,0.42,0.39,0.05
2003-09-24,no hay direccion,0.38,0.07,0.2,0.28,0.13,0.2,0.19
2003-09-25,no hay direccion,0.26,0.3,0.01,0.23,0.12,0.05,0.2
2003-09-26,no hay direccion,0.42,0.09,0.17,0.41,0.26,0.07,0.14
2003-09-27,no hay direccion,0.47,0.2,0.3,0.21,0.49,0.16,0.13
2003-09-28,no hay direccion,0.24,0.17,0.36,0.26,0.05,0.01,0.42
2003-09-29,no hay direccion,0.31,0.16,0.03,0.5,0.17,0.22,0.39
2003-09-30,no hay direccion,0.22,0.32,0.05,0.38,0.12,0.01,0.34
2003-10-01,no hay direccion,0.18,0.49,0.04,0.03,0.21,0.08,0.37
2003-10-02,no hay direccion,0.09,0.43,0.48,0.08,0.26,0.16,0.35
2003-10-03,no hay direccion,0.28,0.17,0.44,0.09,0.47,0.17,0.48
2003-10-04,no hay direccion,0.14,0.09,0.31,0.24,0.3,0.31,0.13
2003-10-05,no hay direccion,0.14,0.36,0.39,0.48,0.07,0.09,0.17
2003-10-06,no hay direccion,0.5,0.37,0.36,0.02,0.25,0.48,0.12
2003-10-07,no hay direccion,0.28,0.38,0.47,0.39,0.49,0.28,0.28
2003-10-08,no hay direccion,0.31,0.47,0.43,0.34,0.31,0.14,0.09
2003-10-09,no hay direccion,0.44,0.3,0.09,0.1,0.09,0.42,0.14
2003-10-10,no hay direccion,0.32,0.01,0.46,0.25,0.34,0.33,0.08
2003-10-11,no hay direccion,0.21,0.45,0.16,0.15,0.29,0.2,0.37
2003-10-12,no hay direccion,0.01,0.27,0.08,0.47,0.27,0.4,0.02
2003-10-13,no hay direccion,0.03,0.37,0.22,0.37,0.04,0.07,0.2
2003-10-14,no hay direccion,0.33,0.41,0.49,0.3,0.26,0.29,0.11
2003-10-15,no hay direccion,0.01,0.1,0.41,0.01,0.1,0.31,0.47
2003-10-16,no hay direccion,0.41,0.12,0.06,0.29,0.04,0.34,0.38
2003-10-17,no hay direccion,0.4,0.35,0.37,0.11,0.39,0.16,0.33
2003-10-18,no hay direccion,0.25,0.37,0.05,0.44,0.16,0.01,0.04
2003-10-19,no hay direccion,0.1,0.16,0.18,0.08,0.05,0.39,0.15
2003-10-20,no hay direccion,0.49,0.13,0.04,0.1,0.45,0.2,0.27
2003-10-21,no hay direccion,0.14,0.45,0.37,0.03,0.23,0.33,0.49
2003-10-22,no hay direccion,0.07,0.14,0.1,0.33,0.05,0.45,0.35
2003-10-23,no hay direccion,0.04,0.44,0.16,0.03,0.11,0.22,0.43
2003-10-24,no hay direccion,0.33,0.38,0.15,0.48,0.16,0.04,0.15
2003-10-25,no hay direccion,0.41,0.03,0.47,0.39,0.07,0.11,0.33
2003-10-26,no hay direccion,0.43,0.09,0.36,0.14,0.05,0.13,0.36
2003-10-27,no hay direccion,0.07,0.01,0.47,0.31,0.22,0.42,0.16
2003-10-28,no hay direccion,0.2,0.23,0.2,0.4,0.31,0.09,0.0
2003-10-29,no hay direccion,0.31,0.29,0.15,0.16,0.16,0.14,0.29
2003-10-30,no hay direccion,0.44,0.43,0.04,0.37,0.32,0.37,0.49
2003-10-31,no hay direccion,0.29,0.45,0.48,0.05,0.15,0.26,0.4
2003-11-01,no hay direccion,0.21,0.45,0.39,0.15,0.39,0.13,0.41
2003-11-02,no hay direccion,0.36,0.05,0.11,0.03,0.25,0.31,0.25
2003-11-03,no hay direccion,0.13,0.11,0.22,0.38,0.31,0.13,0.18
2003-11-04,no hay direccion,0.08,0.05,0.18,0.35,0.01,0.44,0.22
2003-11-05,no hay direccion,0.37,0.45,0.03,0.0,0.05,0.04,0.47
2003-11-06,no hay direccion,0.22,0.18,0.3,0.19,0.49,0.23,0.07
2003-11-07,no hay direccion,0.25,0.23,0.37,0.18,0.41,0.0,0.3
2003-11-08,no hay direccion,0.14,0.32,0.19,0.46,0.3,0.35,0.38
2003-11-09,no hay direccion,0.0,0.27,0.1,0.35,0.3,0.09,0.17
2003-11-10,no hay direccion,0.05,0.34,0.23,0.27,0.06,0.41,0.41
2003-11-11,no hay direccion,0.49,0.29,0.31,0.24,0.25,0.3,0.26
2003-11-12,no hay direccion,0.37,0.21,0.1,0.21,0.35,0.46,0.15
2003-11-13,no hay direccion,0.43,0.16,0.11,0.48,0.2,0.21,0.26
2003-11-14,no hay direccion,0.35,0.22,0.26,0.17,0.07,0.24,0.44
2003-11-15,no hay direccion,0.39,0.23,0.18,0.29,0.46,0.33,0.15
2003-11-16,no hay direccion,0.1,0.33,0.3,0.06,0.18,0.1,0.48
2003-11-17,no hay direccion,0.5,0.37,0.49,0.14,0.36,0.23,0.05
2003-11-18,no hay direccion,0.21,0.25,0.01,0.3,0.02,0.25,0.35
2003-11-19,no hay direccion,0.24,0.28,0.37,0.37,0.21,0.47,0.14
2003-11-20,no hay direccion,0.4,0.45,0.36,0.35,0.48,0.04,0.12
2003-11-21,no hay direccion,0.17,0.07,0.05,0.21,0.22,0.46,0.09
2003-11-22,no hay direccion,0.22,0.04,0.5,0.31,0.17,0.37,0.2
2003-11-23,no hay direccion,0.45,0.18,0.39,0.04,0.03,0.1,0.15
2003-11-24,no hay direccion,0.16,0.48,0.42,0.31,0.33,0.45,0.19
2003-11-25,no hay direccion,0.38,0.21,0.06,0.42,0.05,0.03,0.27
2003-11-26,no hay direccion,0.2,0.12,0.0,0.25,0.47,0.43,0.18
2003-11-27,no hay direccion,0.15,0.28,0.17,0.08,0.39,0.26,0.36
2003-11-28,no hay direccion,0.18,0.02,0.38,0.02,0.14,0.25,0.21
2003-11-29,no hay direccion,0.48,0.34,0.33,0.3,0.25,0.26,0.26
2003-11-30,no hay direccion,0.48,0.06,0.03,0.43,0.47,0.31,0.2
2003-12-01,no hay direccion,0.01,0.37,0.2,0.26,0.47,0.17,0.29
2003-12-02,no hay direccion,0.17,0.21,0.21,0.27,0.48,0.31,0.43
2003-12-03,no hay direccion,0.23,0.09,0.39,0.42,0.47,0.38,0.35
2003-12-04,no hay direccion,0.28,0.47,0.05,0.43,0.42,0.17,0.01
2003-12-05,no hay direccion,0.34,0.25,0.13,0.1,0.18,0.11,0.34
2003-12-06,no hay direccion,0.33,0.19,0.47,0.17,0.29,0.47,0.15
2003-12-07,no hay direccion,0.33,0.27,0.05,0.46,0.3,0.28,0.11
2003-12-08,no hay direccion,0.31,0.46,0.48,0.26,0.23,0.49,0.11
2003-12-09,no hay direccion,0.45,0.28,0.3,0.44,0.17,0.02,0.06
2003-12-10,no hay direccion,0.4,0.43,0.11,0.27,0.24,0.04,0.4
2003-12-11,no hay direccion,0.33,0.19,0.27,0.4,0.39,0.17,0.07
2003-12-12,no hay direccion,0.2,0.1,0.49,0.26,0.25,0.14,0.49
2003-12-13,no hay direccion,0.38,0.48,0.27,0.13,0.06,0.25,0.08
2003-12-14,no hay direccion,0.28,0.21,0.44,0.07,0.03,0.06,0.24
2003-12-15,no hay direccion,0.24,0.05,0.43,0.23,0.06,0.47,0.49
2003-12-16,no hay direccion,0.0,0.33,0.46,0.14,0.04,0.08,0.18
2003-12-17,no hay direccion,0.12,0.1,0.18,0.24,0.26,0.33,0.14
2003-12-18,no hay direccion,0.1,0.09,0.19,0.02,0.36,0.25,0.12
2003-12-19,no hay direccion,0.23,0.3,0.06,0.23,0.39,0.23,0.37
2003-12-20,no hay direccion,0.18,0.08,0.33,0.08,0.22,0.36,0.25
2003-12-21,no hay direccion,0.28,0.36,0.3,0.39,0.05,0.33,0.38
2003-12-22,no hay direccion,0.14,0.48,0.48,0.48,0.11,0.23,0.02
2003-12-23,no hay direccion,0.32,0.37,0.11,0.21,0.25,0.12,0.05
2003-12-24,no hay direccion,0.37,0.11,0.43,0.49,0.33,0.13,0.16
2003-12-25,no hay direccion,0.23,0.37,0.36,0.11,0.2,0.23,0.31
2003-12-26,no hay direccion,0.46,0.21,0.38,0.27,0.44,0.39,0.43
2003-12-27,no hay direccion,0.28,0.18,0.24,0.18,0.12,0.23,0.06
2003-12-28,no hay direccion,0.33,0.22,0.01,0.39,0.32,0.12,0.07
2003-12-29,no hay direccion,0.3,0.08,0.01,0.03,0.41,0.08,0.36
2003-12-30,no hay direccion,0.02,0.46,0.48,0.36,0.38,0.41,0.02
2003-12-31,4to centenario-villa nuevo potosi,0.32,0.08,0.29,0.29,0.25,0.8,0.14
2003-12-31,alto villa san antonio,0.24,0.49,0.25,0.21,0.48,0.92,0.08
2003-12-31,avenida entre rios-el tejar,0.28,0.08,0.02,0.42,0.38,0.75,0.39
2003-12-31,avenida escobar uria-kupini alto,0.29,0.44,0.25,0.18,0.17,0.43,0.11
2003-12-31,calacoto,0.01,0.06,0.28,0.27,0.46,0.93,0.47
2003-12-31,jardin japones,0.05,0.22,0.47,0.38,0.41,0.88,0.42
2003-12-31,segundo vascones,0.46,0.27,0.17,0.13,0.38,0.91,0.03
2004-01-01,zona valle hermoso,0.21,0.1,0.38,0.39,0.15,0.94,0.09
2004-01-01,zona chasquipampa,0.06,0.5,0.13,0.18,0.03,0.79,0.16
2004-01-01,lipari-valle hermoso,0.35,0.29,0.35,0.93,0.45,0.06,0.3
2004-01-01,villa fatima,0.28,0.1,0.45,0.07,0.23,0.88,0.34
2004-01-01,avenida litoral,0.15,0.43,0.17,0.73,0.29,0.15,0.45
2004-01-01,avenida periferica-callapa,0.23,0.44,0.2,0.47,0.1,0.4,0.47
2004-01-01,alto pampahasi,0.38,0.34,0.19,0.09,0.03,0.83,0.15
2004-01-01,alto obrajes,0.46,0.12,0.41,0.12,0.39,0.41,0.33
2004-01-02,villa copacabana,0.19,0.08,0.11,0.38,0.22,0.63,0.31
2004-01-02,villa fatima,0.04,0.19,0.45,0.06,0.25,0.64,0.06
2004-01-03,no hay direccion,0.04,0.38,0.38,0.0,0.19,0.02,0.4
2004-01-04,no hay direccion,0.02,0.45,0.01,0.29,0.31,0.45,0.36
2004-01-05,no hay direccion,0.38,0.06,0.27,0.15,0.42,0.13,0.15
2004-01-06,no hay direccion,0.48,0.07,0.35,0.05,0.36,0.47,0.27
2004-01-07,no hay direccion,0.41,0.13,0.45,0.28,0.39,0.32,0.01
2004-01-08,avenida mancokapac,0.02,0.15,0.42,0.32,0.42,0.54,0.44
2004-01-08,calle mercado,0.35,0.01,0.3,0.83,0.22,0.25,0.21
2004-01-08,villa fatima,0.37,0.4,0.38,0.12,0.37,0.6,0.28
2004-01-09,no hay direccion,0.22,0.06,0.42,0.45,0.22,0.26,0.46
2004-01-10,no hay direccion,0.38,0.15,0.38,0.3,0.2,0.04,0.21
2004-01-11,no hay direccion,0.2,0.24,0.31,0.07,0.02,0.07,0.32
2004-01-12,villa huayna potosi,0.24,0.04,0.17,0.8,0.47,0.23,0.33
2004-01-13,no hay direccion,0.43,0.15,0.43,0.14,0.16,0.4,0.47
2004-01-14,no hay direccion,0.03,0.36,0.45,0.33,0.46,0.48,0.45
2004-01-15,no hay direccion,0.24,0.08,0.39,0.45,0.3,0.17,0.3
2004-01-16,no hay direccion,0.18,0.45,0.25,0.38,0.16,0.43,0.47
2004-01-17,no hay direccion,0.29,0.01,0.27,0.17,0.22,0.42,0.38
2004-01-18,no hay direccion,0.37,0.48,0.19,0.19,0.34,0.0,0.17
2004-01-19,no hay direccion,0.21,0.04,0.11,0.43,0.02,0.31,0.08
2004-01-20,no hay direccion,0.24,0.34,0.09,0.1,0.24,0.45,0.23
2004-01-21,no hay direccion,0.3,0.38,0.4,0.17,0.14,0.36,0.46
2004-01-22,no hay direccion,0.32,0.19,0.36,0.32,0.16,0.18,0.07
2004-01-23,no hay direccion,0.18,0.48,0.05,0.4,0.4,0.44,0.42
2004-01-24,zona san antonio,0.36,0.1,0.25,0.59,0.37,0.4,0.37
2004-01-25,no hay direccion,0.43,0.31,0.5,0.17,0.49,0.42,0.19
2004-01-26,no hay direccion,0.16,0.1,0.16,0.02,0.06,0.32,0.03
2004-01-27,no hay direccion,0.24,0.44,0.49,0.3,0.05,0.2,0.01
2004-01-28,no hay direccion,0.41,0.2,0.08,0.22,0.32,0.22,0.06
2004-01-29,no hay direccion,0.26,0.12,0.25,0.34,0.11,0.04,0.36
2004-01-30,no hay direccion,0.14,0.47,0.15,0.03,0.45,0.47,0.09
2004-01-31,no hay direccion,0.24,0.39,0.22,0.35,0.44,0.41,0.34
2004-02-01,no hay direccion,0.43,0.49,0.08,0.47,0.32,0.24,0.25
2004-02-02,no hay direccion,0.22,0.24,0.42,0.04,0.23,0.43,0.15
2004-02-03,no hay direccion,0.35,0.45,0.34,0.39,0.36,0.04,0.16
2004-02-04,no hay direccion,0.1,0.46,0.24,0.04,0.3,0.11,0.38
2004-02-05,no hay direccion,0.39,0.3,0.4,0.17,0.48,0.14,0.1
2004-02-06,no hay direccion,0.14,0.4,0.28,0.33,0.16,0.37,0.03
2004-02-07,no hay direccion,0.4,0.14,0.11,0.29,0.19,0.11,0.14
2004-02-08,no hay direccion,0.21,0.4,0.01,0.34,0.0,0.47,0.27
2004-02-09,no hay direccion,0.43,0.49,0.04,0.47,0.3,0.33,0.36
2004-02-10,no hay direccion,0.18,0.1,0.39,0.47,0.1,0.33,0.25
2004-02-11,no hay direccion,0.17,0.19,0.33,0.36,0.07,0.19,0.42
2004-02-12,no hay direccion,0.02,0.42,0.21,0.38,0.5,0.29,0.03
2004-02-13,no hay direccion,0.38,0.05,0.17,0.44,0.26,0.43,0.27
2004-02-14,no hay direccion,0.48,0.28,0.13,0.25,0.28,0.03,0.49
2004-02-15,no hay direccion,0.17,0.07,0.38,0.16,0.39,0.37,0.03
2004-02-16,no hay direccion,0.37,0.38,0.02,0.4,0.06,0.17,0.5
2004-02-17,no hay direccion,0.17,0.07,0.44,0.17,0.18,0.44,0.48
2004-02-18,no hay direccion,0.24,0.36,0.22,0.07,0.1,0.41,0.02
2004-02-19,no hay direccion,0.41,0.04,0.28,0.19,0.18,0.19,0.16
2004-02-20,no hay direccion,0.08,0.23,0.44,0.16,0.44,0.34,0.08
2004-02-21,no hay direccion,0.23,0.26,0.44,0.43,0.28,0.06,0.26
2004-02-22,no hay direccion,0.36,0.16,0.36,0.3,0.19,0.37,0.32
2004-02-23,no hay direccion,0.12,0.36,0.26,0.13,0.43,0.09,0.41
2004-02-24,no hay direccion,0.35,0.44,0.37,0.06,0.19,0.37,0.17
2004-02-25,no hay direccion,0.02,0.36,0.39,0.02,0.4,0.49,0.14
2004-02-26,no hay direccion,0.49,0.18,0.26,0.38,0.08,0.17,0.46
2004-02-27,no hay direccion,0.09,0.35,0.06,0.1,0.44,0.07,0.36
2004-02-28,no hay direccion,0.42,0.42,0.0,0.13,0.16,0.1,0.06
2004-02-29,no hay direccion,0.36,0.25,0.14,0.4,0.22,0.06,0.39
2004-03-01,no hay direccion,0.14,0.2,0.29,0.12,0.35,0.25,0.32
2004-03-02,avenida mariscal santa cruz,0.05,0.64,0.49,0.49,0.06,0.05,0.11
2004-03-03,zona san pedro,0.1,0.06,0.45,0.13,0.51,0.09,0.21
2004-03-03,zona san antonio,0.47,0.02,0.35,0.49,0.44,0.26,0.05
2004-03-03,villa el carmen,0.46,0.33,0.42,0.43,0.82,0.02,0.38
2004-03-03,tembladerani,0.03,0.16,0.42,0.33,0.77,0.33,0.25
2004-03-03,sopocachi,0.22,0.28,0.12,0.11,0.93,0.23,0.35
2004-03-03,alto pampahasi,0.32,0.43,0.36,0.21,0.66,0.49,0.07
2004-03-03,embobedado rio apumalla,0.34,0.4,0.47,0.31,0.7,0.28,0.29
2004-03-03,cotahuma,0.1,0.22,0.02,0.43,0.79,0.02,0.34
2004-03-03,callapa,0.09,0.3,0.13,0.32,0.81,0.15,0.12
2004-03-03,irpavi,0.29,0.43,0.21,0.29,0.84,0.01,0.42
2004-03-04,no hay direccion,0.22,0.06,0.36,0.32,0.4,0.43,0.23
2004-03-05,no hay direccion,0.38,0.14,0.12,0.1,0.23,0.47,0.4
2004-03-06,no hay direccion,0.15,0.36,0.1,0.26,0.02,0.02,0.2
2004-03-07,no hay direccion,0.26,0.21,0.32,0.28,0.22,0.33,0.48
2004-03-08,no hay direccion,0.3,0.32,0.14,0.2,0.24,0.24,0.01
2004-03-09,no hay direccion,0.01,0.23,0.47,0.17,0.03,0.17,0.33
2004-03-10,no hay direccion,0.35,0.29,0.2,0.2,0.21,0.43,0.31
2004-03-11,no hay direccion,0.48,0.39,0.06,0.35,0.45,0.41,0.33
2004-03-12,no hay direccion,0.2,0.23,0.26,0.28,0.35,0.4,0.07
2004-03-13,no hay direccion,0.46,0.32,0.39,0.2,0.44,0.43,0.29
2004-03-14,no hay direccion,0.24,0.22,0.31,0.45,0.42,0.31,0.32
2004-03-15,no hay direccion,0.2,0.21,0.33,0.29,0.4,0.02,0.32
2004-03-16,no hay direccion,0.2,0.41,0.24,0.2,0.18,0.16,0.37
2004-03-17,no hay direccion,0.18,0.28,0.13,0.46,0.22,0.41,0.05
2004-03-18,no hay direccion,0.12,0.07,0.29,0.41,0.5,0.03,0.35
2004-03-19,no hay direccion,0.13,0.25,0.33,0.17,0.35,0.25,0.37
2004-03-20,no hay direccion,0.42,0.18,0.31,0.23,0.26,0.08,0.35
2004-03-21,no hay direccion,0.16,0.1,0.18,0.36,0.14,0.27,0.15
2004-03-22,no hay direccion,0.33,0.07,0.04,0.33,0.39,0.34,0.36
2004-03-23,zona sur,0.26,0.24,0.74,0.48,0.41,0.29,0.18
2004-03-24,no hay direccion,0.12,0.06,0.06,0.44,0.13,0.19,0.32
2004-03-25,no hay direccion,0.49,0.23,0.27,0.07,0.2,0.07,0.17
2004-03-26,no hay direccion,0.01,0.23,0.09,0.31,0.44,0.35,0.49
2004-03-27,no hay direccion,0.01,0.17,0.26,0.02,0.39,0.11,0.0
2004-03-28,no hay direccion,0.24,0.12,0.34,0.44,0.2,0.07,0.16
2004-03-29,no hay direccion,0.4,0.16,0.29,0.03,0.26,0.04,0.1
2004-03-30,no hay direccion,0.39,0.05,0.15,0.43,0.13,0.2,0.32
2004-03-31,no hay direccion,0.13,0.22,0.45,0.3,0.23,0.36,0.44
2004-04-01,no hay direccion,0.07,0.39,0.43,0.05,0.35,0.0,0.16
2004-04-02,no hay direccion,0.5,0.14,0.01,0.38,0.35,0.12,0.17
2004-04-03,final calle bolivar,0.36,0.16,0.2,0.76,0.47,0.03,0.42
2004-04-03,zona agua de  la vida,0.19,0.44,0.47,0.69,0.31,0.16,0.34
2004-04-04,no hay direccion,0.09,0.35,0.36,0.34,0.23,0.44,0.07
2004-04-05,no hay direccion,0.37,0.2,0.3,0.44,0.47,0.11,0.21
2004-04-06,no hay direccion,0.5,0.4,0.03,0.13,0.24,0.06,0.18
2004-04-07,no hay direccion,0.27,0.19,0.43,0.03,0.12,0.17,0.22
2004-04-08,no hay direccion,0.03,0.37,0.22,0.16,0.1,0.43,0.13
2004-04-09,no hay direccion,0.29,0.41,0.15,0.11,0.5,0.22,0.43
2004-04-10,no hay direccion,0.27,0.48,0.01,0.45,0.45,0.43,0.26
2004-04-11,no hay direccion,0.13,0.38,0.43,0.2,0.41,0.24,0.36
2004-04-12,no hay direccion,0.2,0.47,0.43,0.39,0.08,0.3,0.09
2004-04-13,no hay direccion,0.24,0.11,0.01,0.19,0.02,0.24,0.19
2004-04-14,no hay direccion,0.2,0.33,0.1,0.23,0.21,0.46,0.25
2004-04-15,pokeni,0.09,0.67,0.33,0.33,0.09,0.41,0.13
2004-04-15,villa fatima,0.35,0.54,0.07,0.24,0.19,0.29,0.02
2004-04-16,no hay direccion,0.1,0.35,0.44,0.49,0.11,0.01,0.06
2004-04-17,no hay direccion,0.45,0.27,0.16,0.34,0.03,0.02,0.33
2004-04-18,no hay direccion,0.3,0.07,0.07,0.18,0.33,0.23,0.47
2004-04-19,no hay direccion,0.28,0.3,0.23,0.32,0.31,0.38,0.17
2004-04-20,no hay direccion,0.37,0.28,0.47,0.33,0.33,0.22,0.01
2004-04-21,no hay direccion,0.41,0.14,0.45,0.24,0.32,0.17,0.2
2004-04-22,no hay direccion,0.22,0.03,0.42,0.41,0.47,0.11,0.41
2004-04-23,no hay direccion,0.48,0.09,0.43,0.15,0.5,0.24,0.38
2004-04-24,no hay direccion,0.2,0.27,0.1,0.12,0.32,0.21,0.36
2004-04-25,no hay direccion,0.06,0.01,0.06,0.01,0.32,0.17,0.43
2004-04-26,calle chango lopez,0.47,0.49,0.41,0.02,0.48,0.09,0.29
2004-04-27,bajo chamoco chico,0.34,0.46,0.35,0.37,0.05,0.11,0.26
2004-04-28,no hay direccion,0.44,0.16,0.3,0.28,0.34,0.47,0.32
2004-04-29,no hay direccion,0.22,0.18,0.01,0.08,0.27,0.21,0.02
2004-04-30,no hay direccion,0.18,0.34,0.1,0.45,0.48,0.16,0.03
2004-05-01,no hay direccion,0.27,0.34,0.14,0.33,0.3,0.47,0.18
2004-05-02,no hay direccion,0.46,0.26,0.04,0.11,0.06,0.19,0.38
2004-05-03,no hay direccion,0.02,0.18,0.02,0.28,0.23,0.08,0.15
2004-05-04,no hay direccion,0.05,0.43,0.01,0.24,0.2,0.45,0.38
2004-05-05,no hay direccion,0.34,0.15,0.43,0.15,0.4,0.14,0.24
2004-05-06,no hay direccion,0.16,0.21,0.38,0.36,0.3,0.18,0.23
2004-05-07,no hay direccion,0.06,0.37,0.23,0.05,0.3,0.29,0.1
2004-05-08,no hay direccion,0.15,0.03,0.24,0.04,0.14,0.08,0.06
2004-05-09,no hay direccion,0.41,0.28,0.45,0.49,0.35,0.2,0.42
2004-05-10,no hay direccion,0.37,0.29,0.34,0.28,0.24,0.41,0.22
2004-05-11,no hay direccion,0.24,0.06,0.44,0.42,0.32,0.41,0.41
2004-05-12,no hay direccion,0.15,0.1,0.19,0.08,0.14,0.14,0.44
2004-05-13,no hay direccion,0.43,0.36,0.08,0.43,0.02,0.44,0.33
2004-05-14,no hay direccion,0.08,0.23,0.08,0.18,0.12,0.06,0.15
2004-05-15,no hay direccion,0.34,0.41,0.2,0.22,0.36,0.0,0.32
2004-05-16,no hay direccion,0.34,0.47,0.45,0.33,0.06,0.23,0.04
2004-05-17,no hay direccion,0.03,0.14,0.4,0.12,0.36,0.33,0.31
2004-05-18,no hay direccion,0.39,0.13,0.04,0.47,0.07,0.08,0.27
2004-05-19,no hay direccion,0.39,0.08,0.02,0.14,0.02,0.41,0.01
2004-05-20,no hay direccion,0.03,0.12,0.1,0.01,0.02,0.48,0.37
2004-05-21,no hay direccion,0.4,0.45,0.06,0.35,0.49,0.09,0.24
2004-05-22,no hay direccion,0.12,0.32,0.17,0.3,0.18,0.38,0.04
2004-05-23,no hay direccion,0.02,0.07,0.23,0.13,0.04,0.33,0.05
2004-05-24,no hay direccion,0.49,0.47,0.45,0.29,0.48,0.25,0.22
2004-05-25,no hay direccion,0.17,0.32,0.28,0.21,0.13,0.27,0.33
2004-05-26,no hay direccion,0.48,0.19,0.16,0.09,0.4,0.44,0.23
2004-05-27,no hay direccion,0.35,0.13,0.23,0.13,0.1,0.31,0.01
2004-05-28,no hay direccion,0.1,0.42,0.2,0.15,0.14,0.29,0.24
2004-05-29,no hay direccion,0.44,0.5,0.29,0.11,0.45,0.26,0.39
2004-05-30,no hay direccion,0.39,0.41,0.14,0.29,0.07,0.13,0.09
2004-05-31,no hay direccion,0.11,0.46,0.05,0.23,0.36,0.32,0.06
2004-06-01,no hay direccion,0.48,0.46,0.18,0.04,0.37,0.35,0.42
2004-06-02,no hay direccion,0.16,0.14,0.42,0.21,0.37,0.43,0.28
2004-06-03,no hay direccion,0.37,0.1,0.07,0.5,0.13,0.19,0.28
2004-06-04,no hay direccion,0.4,0.17,0.38,0.27,0.49,0.23,0.47
2004-06-05,no hay direccion,0.06,0.01,0.18,0.46,0.46,0.01,0.12
2004-06-06,no hay direccion,0.34,0.43,0.14,0.09,0.13,0.25,0.29
2004-06-07,no hay direccion,0.01,0.37,0.0,0.45,0.24,0.35,0.08
2004-06-08,no hay direccion,0.42,0.33,0.35,0.37,0.15,0.24,0.4
2004-06-09,no hay direccion,0.36,0.42,0.08,0.19,0.12,0.5,0.32
2004-06-10,no hay direccion,0.08,0.21,0.28,0.48,0.23,0.37,0.34
2004-06-11,no hay direccion,0.3,0.4,0.32,0.09,0.34,0.02,0.34
2004-06-12,no hay direccion,0.4,0.12,0.3,0.06,0.49,0.05,0.26
2004-06-13,no hay direccion,0.08,0.21,0.4,0.2,0.05,0.38,0.15
2004-06-14,no hay direccion,0.14,0.41,0.28,0.41,0.47,0.26,0.33
2004-06-15,no hay direccion,0.28,0.35,0.22,0.32,0.42,0.14,0.26
2004-06-16,no hay direccion,0.14,0.25,0.5,0.12,0.16,0.01,0.22
2004-06-17,no hay direccion,0.44,0.32,0.35,0.28,0.13,0.49,0.32
2004-06-18,no hay direccion,0.46,0.12,0.24,0.1,0.16,0.1,0.15
2004-06-19,no hay direccion,0.29,0.19,0.03,0.03,0.05,0.39,0.39
2004-06-20,no hay direccion,0.45,0.1,0.44,0.48,0.15,0.42,0.21
2004-06-21,no hay direccion,0.0,0.26,0.18,0.34,0.43,0.15,0.12
2004-06-22,no hay direccion,0.03,0.45,0.05,0.47,0.22,0.12,0.33
2004-06-23,no hay direccion,0.1,0.17,0.25,0.43,0.1,0.15,0.34
2004-06-24,no hay direccion,0.42,0.09,0.28,0.06,0.03,0.1,0.05
2004-06-25,no hay direccion,0.48,0.4,0.23,0.0,0.42,0.21,0.5
2004-06-26,no hay direccion,0.16,0.0,0.36,0.15,0.21,0.11,0.23
2004-06-27,no hay direccion,0.43,0.06,0.42,0.42,0.0,0.28,0.41
2004-06-28,no hay direccion,0.26,0.45,0.01,0.17,0.37,0.41,0.4
2004-06-29,no hay direccion,0.27,0.38,0.1,0.23,0.05,0.04,0.14
2004-06-30,no hay direccion,0.27,0.25,0.14,0.27,0.08,0.24,0.08
2004-07-01,no hay direccion,0.18,0.49,0.1,0.41,0.25,0.0,0.5
2004-07-02,no hay direccion,0.37,0.16,0.26,0.04,0.33,0.01,0.3
2004-07-03,no hay direccion,0.31,0.41,0.32,0.27,0.14,0.08,0.23
2004-07-04,no hay direccion,0.01,0.45,0.34,0.47,0.1,0.12,0.09
2004-07-05,no hay direccion,0.47,0.31,0.22,0.27,0.41,0.1,0.46
2004-07-06,no hay direccion,0.12,0.46,0.21,0.18,0.11,0.07,0.33
2004-07-07,no hay direccion,0.43,0.45,0.07,0.13,0.08,0.37,0.48
2004-07-08,no hay direccion,0.19,0.35,0.21,0.22,0.33,0.01,0.38
2004-07-09,no hay direccion,0.38,0.49,0.22,0.28,0.4,0.14,0.42
2004-07-10,no hay direccion,0.02,0.23,0.25,0.28,0.03,0.24,0.36
2004-07-11,no hay direccion,0.3,0.44,0.03,0.04,0.34,0.02,0.06
2004-07-12,no hay direccion,0.32,0.06,0.49,0.47,0.49,0.25,0.41
2004-07-13,no hay direccion,0.43,0.19,0.5,0.14,0.15,0.19,0.36
2004-07-14,no hay direccion,0.35,0.43,0.12,0.07,0.01,0.32,0.36
2004-07-15,no hay direccion,0.38,0.02,0.18,0.24,0.47,0.34,0.07
2004-07-16,no hay direccion,0.06,0.18,0.05,0.24,0.33,0.08,0.26
2004-07-17,no hay direccion,0.12,0.32,0.3,0.07,0.1,0.01,0.38
2004-07-18,no hay direccion,0.46,0.18,0.02,0.06,0.09,0.24,0.2
2004-07-19,no hay direccion,0.24,0.27,0.31,0.03,0.31,0.15,0.43
2004-07-20,no hay direccion,0.47,0.28,0.4,0.5,0.13,0.1,0.08
2004-07-21,no hay direccion,0.47,0.44,0.41,0.21,0.27,0.03,0.07
2004-07-22,no hay direccion,0.49,0.23,0.44,0.32,0.47,0.43,0.43
2004-07-23,no hay direccion,0.32,0.05,0.26,0.4,0.2,0.2,0.44
2004-07-24,no hay direccion,0.39,0.28,0.38,0.3,0.32,0.16,0.48
2004-07-25,no hay direccion,0.36,0.23,0.05,0.44,0.06,0.49,0.23
2004-07-26,no hay direccion,0.37,0.38,0.38,0.3,0.44,0.29,0.36
2004-07-27,no hay direccion,0.12,0.06,0.49,0.14,0.1,0.07,0.18
2004-07-28,no hay direccion,0.04,0.45,0.46,0.28,0.22,0.45,0.22
2004-07-29,no hay direccion,0.3,0.04,0.28,0.17,0.11,0.4,0.16
2004-07-30,no hay direccion,0.16,0.24,0.17,0.04,0.42,0.04,0.26
2004-07-31,no hay direccion,0.23,0.22,0.3,0.32,0.06,0.01,0.46
2004-08-01,no hay direccion,0.4,0.17,0.09,0.33,0.39,0.17,0.24
2004-08-02,no hay direccion,0.37,0.4,0.25,0.47,0.41,0.43,0.02
2004-08-03,no hay direccion,0.4,0.45,0.41,0.16,0.02,0.13,0.25
2004-08-04,no hay direccion,0.11,0.19,0.01,0.28,0.28,0.17,0.27
2004-08-05,no hay direccion,0.2,0.17,0.35,0.05,0.04,0.26,0.03
2004-08-06,no hay direccion,0.33,0.35,0.26,0.24,0.1,0.05,0.31
2004-08-07,no hay direccion,0.24,0.26,0.23,0.32,0.07,0.05,0.48
2004-08-08,no hay direccion,0.2,0.14,0.11,0.42,0.13,0.07,0.2
2004-08-09,no hay direccion,0.45,0.16,0.21,0.15,0.08,0.4,0.01
2004-08-10,no hay direccion,0.08,0.14,0.3,0.15,0.01,0.3,0.48
2004-08-11,no hay direccion,0.03,0.44,0.13,0.33,0.22,0.14,0.1
2004-08-12,no hay direccion,0.08,0.3,0.17,0.35,0.45,0.24,0.08
2004-08-13,no hay direccion,0.02,0.01,0.45,0.07,0.32,0.16,0.01
2004-08-14,no hay direccion,0.34,0.32,0.02,0.2,0.06,0.23,0.45
2004-08-15,no hay direccion,0.19,0.49,0.3,0.19,0.31,0.44,0.22
2004-08-16,no hay direccion,0.47,0.29,0.0,0.09,0.17,0.07,0.24
2004-08-17,no hay direccion,0.48,0.25,0.36,0.14,0.1,0.35,0.38
2004-08-18,no hay direccion,0.38,0.13,0.07,0.13,0.49,0.48,0.13
2004-08-19,no hay direccion,0.18,0.15,0.16,0.46,0.31,0.46,0.19
2004-08-20,no hay direccion,0.29,0.09,0.33,0.23,0.2,0.19,0.33
2004-08-21,no hay direccion,0.22,0.08,0.19,0.47,0.33,0.18,0.22
2004-08-22,no hay direccion,0.21,0.46,0.21,0.02,0.17,0.3,0.25
2004-08-23,no hay direccion,0.31,0.34,0.11,0.46,0.41,0.35,0.46
2004-08-24,no hay direccion,0.1,0.04,0.21,0.26,0.18,0.39,0.03
2004-08-25,no hay direccion,0.34,0.08,0.18,0.19,0.5,0.08,0.33
2004-08-26,no hay direccion,0.31,0.26,0.03,0.21,0.1,0.35,0.22
2004-08-27,no hay direccion,0.33,0.49,0.05,0.44,0.21,0.29,0.09
2004-08-28,no hay direccion,0.14,0.12,0.39,0.27,0.26,0.31,0.23
2004-08-29,no hay direccion,0.31,0.27,0.48,0.24,0.41,0.39,0.04
2004-08-30,no hay direccion,0.05,0.32,0.45,0.27,0.07,0.24,0.36
2004-08-31,no hay direccion,0.21,0.03,0.26,0.32,0.38,0.06,0.11
2004-09-01,no hay direccion,0.37,0.01,0.1,0.42,0.29,0.48,0.12
2004-09-02,no hay direccion,0.06,0.45,0.3,0.15,0.29,0.06,0.28
2004-09-03,no hay direccion,0.02,0.33,0.05,0.07,0.34,0.47,0.12
2004-09-04,no hay direccion,0.13,0.12,0.18,0.4,0.11,0.04,0.28
2004-09-05,no hay direccion,0.02,0.27,0.44,0.5,0.02,0.47,0.11
2004-09-06,no hay direccion,0.34,0.24,0.4,0.19,0.38,0.39,0.27
2004-09-07,no hay direccion,0.28,0.23,0.06,0.24,0.3,0.17,0.11
2004-09-08,no hay direccion,0.09,0.06,0.14,0.23,0.45,0.29,0.3
2004-09-09,no hay direccion,0.05,0.48,0.48,0.09,0.2,0.01,0.13
2004-09-10,no hay direccion,0.27,0.13,0.15,0.37,0.03,0.26,0.08
2004-09-11,no hay direccion,0.05,0.18,0.01,0.28,0.22,0.08,0.49
2004-09-12,no hay direccion,0.13,0.06,0.46,0.24,0.47,0.34,0.25
2004-09-13,no hay direccion,0.09,0.16,0.27,0.29,0.24,0.12,0.31
2004-09-14,no hay direccion,0.09,0.2,0.02,0.47,0.29,0.41,0.46
2004-09-15,no hay direccion,0.31,0.23,0.34,0.06,0.38,0.24,0.22
2004-09-16,no hay direccion,0.42,0.31,0.24,0.25,0.49,0.31,0.05
2004-09-17,no hay direccion,0.1,0.47,0.28,0.5,0.4,0.4,0.31
2004-09-18,no hay direccion,0.46,0.35,0.35,0.32,0.04,0.0,0.44
2004-09-19,no hay direccion,0.12,0.48,0.05,0.33,0.3,0.41,0.48
2004-09-20,no hay direccion,0.02,0.1,0.37,0.49,0.39,0.15,0.35
2004-09-21,no hay direccion,0.39,0.15,0.18,0.49,0.11,0.06,0.0
2004-09-22,no hay direccion,0.17,0.25,0.07,0.2,0.34,0.35,0.04
2004-09-23,no hay direccion,0.49,0.41,0.26,0.43,0.12,0.12,0.19
2004-09-24,no hay direccion,0.17,0.24,0.25,0.39,0.01,0.27,0.26
2004-09-25,no hay direccion,0.01,0.12,0.42,0.48,0.05,0.4,0.02
2004-09-26,no hay direccion,0.19,0.21,0.41,0.19,0.35,0.32,0.41
2004-09-27,no hay direccion,0.1,0.32,0.08,0.01,0.43,0.04,0.43
2004-09-28,no hay direccion,0.28,0.26,0.13,0.26,0.02,0.5,0.23
2004-09-29,no hay direccion,0.48,0.15,0.5,0.31,0.34,0.23,0.48
2004-09-30,no hay direccion,0.28,0.14,0.05,0.3,0.1,0.22,0.45
2004-10-01,bajo llojeta,0.28,0.31,0.16,0.47,0.49,0.69,0.02
2004-10-01,bajo seguencoma,0.1,0.35,0.07,0.08,0.08,0.6,0.41
2004-10-02,no hay direccion,0.29,0.16,0.24,0.08,0.33,0.22,0.37
2004-10-03,no hay direccion,0.17,0.05,0.38,0.1,0.22,0.07,0.37
2004-10-04,no hay direccion,0.25,0.13,0.5,0.01,0.28,0.43,0.3
2004-10-05,no hay direccion,0.23,0.49,0.09,0.24,0.16,0.41,0.49
2004-10-06,no hay direccion,0.44,0.31,0.03,0.37,0.12,0.33,0.26
2004-10-07,no hay direccion,0.28,0.21,0.34,0.21,0.12,0.38,0.41
2004-10-08,no hay direccion,0.2,0.14,0.39,0.16,0.34,0.13,0.04
2004-10-09,no hay direccion,0.46,0.48,0.42,0.39,0.38,0.01,0.25
2004-10-10,no hay direccion,0.19,0.26,0.25,0.01,0.04,0.17,0.04
2004-10-11,no hay direccion,0.05,0.04,0.22,0.02,0.45,0.19,0.22
2004-10-12,no hay direccion,0.16,0.4,0.31,0.33,0.26,0.12,0.03
2004-10-13,no hay direccion,0.49,0.16,0.14,0.09,0.5,0.26,0.1
2004-10-14,no hay direccion,0.31,0.47,0.01,0.05,0.06,0.25,0.12
2004-10-15,no hay direccion,0.16,0.32,0.28,0.01,0.32,0.49,0.21
2004-10-16,no hay direccion,0.26,0.35,0.22,0.23,0.43,0.45,0.48
2004-10-17,no hay direccion,0.18,0.43,0.21,0.16,0.4,0.2,0.03
2004-10-18,no hay direccion,0.06,0.39,0.39,0.03,0.34,0.12,0.27
2004-10-19,no hay direccion,0.08,0.3,0.02,0.19,0.3,0.27,0.45
2004-10-20,no hay direccion,0.29,0.34,0.41,0.03,0.28,0.28,0.33
2004-10-21,no hay direccion,0.07,0.26,0.19,0.34,0.02,0.04,0.27
2004-10-22,no hay direccion,0.28,0.42,0.34,0.45,0.19,0.02,0.28
2004-10-23,no hay direccion,0.32,0.37,0.03,0.48,0.48,0.15,0.07
2004-10-24,no hay direccion,0.45,0.01,0.32,0.04,0.39,0.07,0.24
2004-10-25,no hay direccion,0.36,0.01,0.34,0.14,0.33,0.35,0.42
2004-10-26,no hay direccion,0.43,0.36,0.17,0.26,0.31,0.36,0.4
2004-10-27,no hay direccion,0.38,0.47,0.08,0.19,0.11,0.03,0.09
2004-10-28,no hay direccion,0.08,0.09,0.48,0.08,0.39,0.49,0.22
2004-10-29,no hay direccion,0.24,0.15,0.26,0.18,0.4,0.32,0.18
2004-10-30,no hay direccion,0.11,0.31,0.08,0.17,0.0,0.43,0.22
2004-10-31,no hay direccion,0.12,0.32,0.38,0.44,0.42,0.19,0.3
2004-11-01,no hay direccion,0.42,0.17,0.43,0.21,0.01,0.03,0.32
2004-11-02,no hay direccion,0.0,0.07,0.15,0.21,0.42,0.2,0.1
2004-11-03,no hay direccion,0.3,0.06,0.46,0.14,0.02,0.49,0.11
2004-11-04,no hay direccion,0.07,0.49,0.09,0.33,0.14,0.08,0.27
2004-11-05,no hay direccion,0.21,0.37,0.42,0.07,0.47,0.11,0.18
2004-11-06,no hay direccion,0.16,0.18,0.46,0.38,0.13,0.24,0.37
2004-11-07,no hay direccion,0.23,0.18,0.47,0.44,0.07,0.06,0.14
2004-11-08,no hay direccion,0.07,0.2,0.21,0.3,0.12,0.4,0.41
2004-11-09,no hay direccion,0.04,0.48,0.42,0.18,0.44,0.05,0.21
2004-11-10,no hay direccion,0.24,0.36,0.34,0.31,0.39,0.38,0.46
2004-11-11,no hay direccion,0.11,0.37,0.05,0.38,0.26,0.26,0.24
2004-11-12,no hay direccion,0.37,0.0,0.47,0.31,0.43,0.3,0.0
2004-11-13,no hay direccion,0.19,0.4,0.23,0.42,0.37,0.31,0.14
2004-11-14,no hay direccion,0.39,0.04,0.03,0.16,0.01,0.31,0.33
2004-11-15,avenida reg castrillo,0.2,0.14,0.24,0.17,0.48,0.43,0.11
2004-11-16,no hay direccion,0.01,0.21,0.09,0.39,0.05,0.27,0.08
2004-11-17,no hay direccion,0.47,0.06,0.25,0.14,0.44,0.2,0.11
2004-11-18,no hay direccion,0.18,0.05,0.45,0.43,0.07,0.45,0.14
2004-11-19,no hay direccion,0.25,0.16,0.1,0.42,0.28,0.28,0.5
2004-11-20,no hay direccion,0.48,0.2,0.28,0.24,0.16,0.44,0.43
2004-11-21,no hay direccion,0.2,0.17,0.37,0.21,0.34,0.3,0.43
2004-11-22,no hay direccion,0.17,0.1,0.37,0.29,0.2,0.3,0.01
2004-11-23,no hay direccion,0.41,0.15,0.34,0.06,0.46,0.03,0.41
2004-11-24,no hay direccion,0.21,0.44,0.28,0.41,0.45,0.38,0.26
2004-11-25,no hay direccion,0.36,0.03,0.38,0.15,0.47,0.04,0.41
2004-11-26,no hay direccion,0.5,0.39,0.32,0.16,0.42,0.4,0.35
2004-11-27,no hay direccion,0.18,0.42,0.1,0.44,0.4,0.2,0.33
2004-11-28,no hay direccion,0.17,0.14,0.15,0.39,0.01,0.49,0.47
2004-11-29,no hay direccion,0.36,0.18,0.4,0.41,0.15,0.21,0.37
2004-11-30,no hay direccion,0.21,0.2,0.49,0.34,0.19,0.36,0.19
2004-12-01,no hay direccion,0.31,0.47,0.28,0.32,0.03,0.46,0.49
2004-12-02,no hay direccion,0.25,0.27,0.47,0.39,0.03,0.2,0.17
2004-12-03,no hay direccion,0.23,0.22,0.42,0.34,0.21,0.21,0.28
2004-12-04,no hay direccion,0.31,0.47,0.04,0.02,0.08,0.45,0.13
2004-12-05,no hay direccion,0.41,0.5,0.23,0.26,0.19,0.45,0.03
2004-12-06,no hay direccion,0.47,0.12,0.08,0.1,0.03,0.48,0.09
2004-12-07,no hay direccion,0.42,0.4,0.05,0.49,0.01,0.48,0.36
2004-12-08,no hay direccion,0.09,0.21,0.02,0.33,0.3,0.26,0.23
2004-12-09,no hay direccion,0.34,0.3,0.33,0.04,0.3,0.46,0.08
2004-12-10,no hay direccion,0.01,0.28,0.22,0.34,0.43,0.31,0.41
2004-12-11,no hay direccion,0.14,0.09,0.43,0.45,0.06,0.31,0.42
2004-12-12,no hay direccion,0.44,0.22,0.44,0.44,0.39,0.46,0.09
2004-12-13,no hay direccion,0.13,0.39,0.46,0.01,0.16,0.11,0.11
2004-12-14,no hay direccion,0.48,0.25,0.1,0.09,0.46,0.28,0.39
2004-12-15,no hay direccion,0.33,0.09,0.03,0.1,0.5,0.03,0.41
2004-12-16,no hay direccion,0.33,0.0,0.01,0.38,0.41,0.48,0.23
2004-12-17,no hay direccion,0.0,0.43,0.35,0.03,0.13,0.34,0.37
2004-12-18,no hay direccion,0.4,0.13,0.35,0.24,0.23,0.37,0.47
2004-12-19,no hay direccion,0.33,0.0,0.2,0.21,0.08,0.48,0.21
2004-12-20,no hay direccion,0.17,0.25,0.2,0.32,0.19,0.43,0.23
2004-12-21,no hay direccion,0.14,0.41,0.26,0.39,0.33,0.35,0.06
2004-12-22,no hay direccion,0.03,0.21,0.48,0.48,0.27,0.05,0.2
2004-12-23,no hay direccion,0.4,0.18,0.39,0.15,0.43,0.04,0.07
2004-12-24,no hay direccion,0.1,0.16,0.11,0.37,0.15,0.33,0.33
2004-12-25,no hay direccion,0.27,0.35,0.13,0.27,0.16,0.46,0.49
2004-12-26,no hay direccion,0.23,0.26,0.45,0.22,0.46,0.16,0.05
2004-12-27,no hay direccion,0.3,0.32,0.08,0.07,0.21,0.47,0.04
2004-12-28,no hay direccion,0.39,0.41,0.31,0.39,0.03,0.27,0.45
2004-12-29,no hay direccion,0.42,0.08,0.42,0.42,0.39,0.26,0.43
2004-12-30,no hay direccion,0.33,0.47,0.36,0.04,0.2,0.38,0.33
2004-12-31,no hay direccion,0.32,0.47,0.11,0.02,0.48,0.1,0.11
2005-01-01,no hay direccion,0.26,0.25,0.47,0.14,0.18,0.39,0.4
2005-01-02,cotacota,0.33,0.42,0.09,0.24,0.03,0.43,0.29
2005-01-02,munaypata,0.21,0.32,0.44,0.13,0.16,0.56,0.48
2005-01-02,obrajes,0.42,0.33,0.41,0.04,0.32,0.75,0.01
2005-01-03,no hay direccion,0.37,0.45,0.17,0.29,0.25,0.15,0.29
2005-01-04,no hay direccion,0.36,0.12,0.01,0.06,0.33,0.25,0.44
2005-01-05,no hay direccion,0.27,0.14,0.46,0.48,0.04,0.29,0.03
2005-01-06,no hay direccion,0.33,0.46,0.1,0.13,0.08,0.04,0.01
2005-01-07,no hay direccion,0.38,0.2,0.49,0.44,0.21,0.25,0.12
2005-01-08,no hay direccion,0.02,0.29,0.37,0.42,0.12,0.3,0.01
2005-01-09,no hay direccion,0.14,0.0,0.17,0.31,0.24,0.03,0.42
2005-01-10,no hay direccion,0.01,0.27,0.3,0.09,0.37,0.22,0.02
2005-01-11,no hay direccion,0.35,0.11,0.31,0.43,0.45,0.12,0.07
2005-01-12,calacoto,0.46,0.11,0.32,0.43,0.22,0.0,0.41
2005-01-12,zona san pedro,0.42,0.48,0.15,0.22,0.06,0.4,0.55
2005-01-13,no hay direccion,0.3,0.33,0.48,0.41,0.28,0.2,0.46
2005-01-14,no hay direccion,0.42,0.04,0.33,0.2,0.41,0.19,0.43
2005-01-15,no hay direccion,0.44,0.32,0.28,0.43,0.45,0.38,0.45
2005-01-16,no hay direccion,0.2,0.49,0.23,0.31,0.08,0.06,0.23
2005-01-17,no hay direccion,0.25,0.07,0.36,0.15,0.39,0.32,0.21
2005-01-18,no hay direccion,0.07,0.1,0.38,0.19,0.27,0.01,0.46
2005-01-19,no hay direccion,0.42,0.02,0.29,0.43,0.44,0.46,0.4
2005-01-20,no hay direccion,0.16,0.47,0.2,0.09,0.19,0.35,0.19
2005-01-21,zona norte,0.26,0.77,0.49,0.47,0.37,0.14,0.42
2005-01-22,no hay direccion,0.43,0.27,0.13,0.18,0.4,0.0,0.28
2005-01-23,no hay direccion,0.15,0.07,0.32,0.39,0.05,0.06,0.34
2005-01-24,no hay direccion,0.17,0.26,0.32,0.35,0.02,0.22,0.08
2005-01-25,no hay direccion,0.05,0.14,0.13,0.23,0.28,0.3,0.48
2005-01-26,no hay direccion,0.37,0.38,0.0,0.5,0.33,0.48,0.03
2005-01-27,no hay direccion,0.38,0.22,0.02,0.21,0.18,0.27,0.41
2005-01-28,no hay direccion,0.19,0.35,0.18,0.42,0.26,0.44,0.45
2005-01-29,no hay direccion,0.17,0.16,0.24,0.43,0.3,0.29,0.07
2005-01-30,no hay direccion,0.06,0.33,0.27,0.38,0.38,0.2,0.06
2005-01-31,no hay direccion,0.31,0.11,0.49,0.24,0.23,0.18,0.35
2005-02-01,no hay direccion,0.24,0.48,0.17,0.29,0.49,0.15,0.47
2005-02-02,no hay direccion,0.4,0.22,0.33,0.08,0.01,0.42,0.33
2005-02-03,no hay direccion,0.17,0.43,0.03,0.45,0.28,0.41,0.48
2005-02-04,no hay direccion,0.09,0.04,0.46,0.38,0.09,0.36,0.02
2005-02-05,no hay direccion,0.35,0.39,0.24,0.29,0.47,0.08,0.41
2005-02-06,no hay direccion,0.47,0.46,0.09,0.43,0.28,0.28,0.07
2005-02-07,no hay direccion,0.3,0.21,0.45,0.0,0.48,0.18,0.24
2005-02-08,no hay direccion,0.48,0.25,0.3,0.01,0.48,0.48,0.16
2005-02-09,no hay direccion,0.2,0.23,0.06,0.48,0.09,0.39,0.36
2005-02-10,no hay direccion,0.11,0.09,0.09,0.19,0.11,0.05,0.41
2005-02-11,no hay direccion,0.34,0.14,0.18,0.29,0.2,0.16,0.34
2005-02-12,no hay direccion,0.48,0.31,0.46,0.31,0.37,0.17,0.43
2005-02-13,no hay direccion,0.17,0.31,0.33,0.1,0.15,0.15,0.36
2005-02-14,no hay direccion,0.01,0.21,0.38,0.08,0.05,0.44,0.39
2005-02-15,no hay direccion,0.0,0.09,0.3,0.37,0.12,0.01,0.33
2005-02-16,no hay direccion,0.17,0.01,0.15,0.16,0.42,0.14,0.39
2005-02-17,no hay direccion,0.14,0.22,0.26,0.04,0.4,0.3,0.07
2005-02-18,no hay direccion,0.17,0.08,0.41,0.39,0.12,0.04,0.24
2005-02-19,no hay direccion,0.19,0.05,0.1,0.35,0.16,0.27,0.44
2005-02-20,no hay direccion,0.16,0.29,0.23,0.45,0.34,0.35,0.15
2005-02-21,no hay direccion,0.21,0.44,0.05,0.17,0.03,0.06,0.34
2005-02-22,no hay direccion,0.01,0.35,0.09,0.27,0.4,0.34,0.46
2005-02-23,no hay direccion,0.07,0.49,0.41,0.08,0.26,0.29,0.22
2005-02-24,no hay direccion,0.48,0.34,0.15,0.09,0.02,0.4,0.12
2005-02-25,no hay direccion,0.02,0.25,0.41,0.4,0.39,0.28,0.48
2005-02-26,no hay direccion,0.24,0.16,0.08,0.17,0.12,0.14,0.44
2005-02-27,no hay direccion,0.1,0.5,0.46,0.19,0.43,0.1,0.47
2005-02-28,no hay direccion,0.36,0.22,0.39,0.4,0.48,0.48,0.4
2005-03-01,no hay direccion,0.16,0.09,0.19,0.43,0.37,0.22,0.11
2005-03-02,no hay direccion,0.21,0.05,0.02,0.4,0.04,0.43,0.32
2005-03-03,no hay direccion,0.49,0.41,0.4,0.46,0.08,0.47,0.31
2005-03-04,no hay direccion,0.29,0.4,0.04,0.02,0.43,0.33,0.3
2005-03-05,no hay direccion,0.3,0.37,0.05,0.11,0.43,0.19,0.18
2005-03-06,no hay direccion,0.46,0.22,0.31,0.26,0.48,0.36,0.13
2005-03-07,no hay direccion,0.45,0.37,0.2,0.5,0.38,0.16,0.37
2005-03-08,no hay direccion,0.48,0.13,0.1,0.4,0.23,0.06,0.44
2005-03-09,no hay direccion,0.16,0.07,0.42,0.12,0.39,0.15,0.17
2005-03-10,avenida del policia,0.15,0.18,0.25,0.68,0.43,0.36,0.04
2005-03-10,los olivos-alto seguencoma,0.41,0.01,0.19,0.9,0.31,0.05,0.38
2005-03-11,no hay direccion,0.06,0.01,0.35,0.45,0.19,0.01,0.01
2005-03-12,no hay direccion,0.38,0.48,0.06,0.27,0.31,0.25,0.32
2005-03-13,no hay direccion,0.35,0.12,0.21,0.18,0.04,0.09,0.3
2005-03-14,no hay direccion,0.4,0.05,0.15,0.1,0.07,0.08,0.38
2005-03-15,no hay direccion,0.2,0.44,0.38,0.2,0.28,0.48,0.44
2005-03-16,no hay direccion,0.09,0.18,0.25,0.19,0.22,0.41,0.08
2005-03-17,no hay direccion,0.15,0.17,0.36,0.27,0.28,0.1,0.16
2005-03-18,no hay direccion,0.29,0.24,0.05,0.03,0.18,0.42,0.17
2005-03-19,no hay direccion,0.09,0.15,0.24,0.18,0.24,0.22,0.11
2005-03-20,no hay direccion,0.39,0.05,0.14,0.14,0.32,0.11,0.5
2005-03-21,no hay direccion,0.42,0.0,0.27,0.03,0.01,0.04,0.21
2005-03-22,no hay direccion,0.39,0.1,0.0,0.26,0.44,0.23,0.23
2005-03-23,no hay direccion,0.4,0.38,0.11,0.04,0.4,0.48,0.38
2005-03-24,no hay direccion,0.03,0.05,0.29,0.22,0.44,0.08,0.41
2005-03-25,no hay direccion,0.07,0.15,0.01,0.1,0.07,0.29,0.39
2005-03-26,no hay direccion,0.38,0.41,0.4,0.18,0.4,0.34,0.18
2005-03-27,no hay direccion,0.49,0.24,0.26,0.39,0.36,0.46,0.02
2005-03-28,no hay direccion,0.11,0.49,0.28,0.08,0.22,0.24,0.5
2005-03-29,no hay direccion,0.46,0.17,0.15,0.09,0.32,0.03,0.0
2005-03-30,no hay direccion,0.14,0.08,0.01,0.09,0.4,0.03,0.37
2005-03-31,no hay direccion,0.49,0.14,0.15,0.41,0.3,0.0,0.25
2005-04-01,no hay direccion,0.11,0.13,0.12,0.07,0.01,0.44,0.19
2005-04-02,no hay direccion,0.24,0.32,0.11,0.02,0.28,0.04,0.41
2005-04-03,no hay direccion,0.34,0.01,0.26,0.31,0.33,0.48,0.16
2005-04-04,no hay direccion,0.28,0.14,0.21,0.04,0.46,0.26,0.18
2005-04-05,no hay direccion,0.07,0.04,0.13,0.43,0.27,0.29,0.11
2005-04-06,no hay direccion,0.01,0.36,0.1,0.33,0.36,0.43,0.05
2005-04-07,no hay direccion,0.12,0.33,0.39,0.05,0.33,0.31,0.45
2005-04-08,no hay direccion,0.38,0.09,0.25,0.13,0.17,0.08,0.32
2005-04-09,no hay direccion,0.11,0.24,0.33,0.44,0.12,0.09,0.2
2005-04-10,no hay direccion,0.18,0.48,0.37,0.27,0.17,0.41,0.22
2005-04-11,no hay direccion,0.06,0.04,0.41,0.24,0.41,0.11,0.42
2005-04-12,no hay direccion,0.17,0.12,0.21,0.22,0.43,0.22,0.01
2005-04-13,no hay direccion,0.36,0.35,0.08,0.43,0.16,0.02,0.24
2005-04-14,no hay direccion,0.47,0.23,0.03,0.03,0.03,0.22,0.3
2005-04-15,no hay direccion,0.28,0.2,0.11,0.36,0.31,0.06,0.19
2005-04-16,no hay direccion,0.23,0.15,0.26,0.09,0.26,0.04,0.02
2005-04-17,no hay direccion,0.23,0.45,0.08,0.38,0.48,0.25,0.38
2005-04-18,no hay direccion,0.21,0.01,0.24,0.3,0.25,0.37,0.11
2005-04-19,no hay direccion,0.48,0.01,0.08,0.21,0.2,0.04,0.08
2005-04-20,no hay direccion,0.34,0.08,0.42,0.12,0.16,0.48,0.38
2005-04-21,no hay direccion,0.16,0.1,0.33,0.3,0.22,0.3,0.45
2005-04-22,no hay direccion,0.39,0.23,0.25,0.47,0.44,0.12,0.42
2005-04-23,no hay direccion,0.13,0.24,0.2,0.22,0.36,0.42,0.13
2005-04-24,no hay direccion,0.07,0.18,0.36,0.14,0.05,0.08,0.08
2005-04-25,no hay direccion,0.48,0.36,0.1,0.16,0.32,0.33,0.3
2005-04-26,no hay direccion,0.12,0.14,0.17,0.41,0.39,0.37,0.48
2005-04-27,no hay direccion,0.49,0.1,0.1,0.34,0.01,0.5,0.06
2005-04-28,no hay direccion,0.21,0.0,0.39,0.19,0.3,0.01,0.38
2005-04-29,no hay direccion,0.07,0.35,0.01,0.05,0.43,0.02,0.49
2005-04-30,no hay direccion,0.21,0.07,0.06,0.22,0.4,0.05,0.13
2005-05-01,no hay direccion,0.43,0.04,0.12,0.38,0.1,0.1,0.08
2005-05-02,no hay direccion,0.28,0.46,0.33,0.29,0.29,0.32,0.3
2005-05-03,no hay direccion,0.23,0.02,0.34,0.3,0.43,0.12,0.16
2005-05-04,no hay direccion,0.15,0.1,0.37,0.38,0.31,0.38,0.35
2005-05-05,no hay direccion,0.03,0.12,0.19,0.25,0.49,0.23,0.33
2005-05-06,no hay direccion,0.5,0.03,0.37,0.05,0.31,0.32,0.2
2005-05-07,no hay direccion,0.19,0.27,0.07,0.2,0.31,0.41,0.13
2005-05-08,no hay direccion,0.33,0.09,0.1,0.38,0.34,0.08,0.46
2005-05-09,no hay direccion,0.36,0.47,0.43,0.04,0.07,0.45,0.13
2005-05-10,no hay direccion,0.48,0.11,0.33,0.2,0.46,0.33,0.42
2005-05-11,no hay direccion,0.41,0.12,0.04,0.32,0.09,0.23,0.07
2005-05-12,no hay direccion,0.38,0.42,0.46,0.12,0.06,0.36,0.44
2005-05-13,no hay direccion,0.19,0.04,0.0,0.11,0.08,0.19,0.43
2005-05-14,no hay direccion,0.08,0.35,0.1,0.45,0.47,0.04,0.31
2005-05-15,no hay direccion,0.08,0.13,0.04,0.45,0.02,0.29,0.49
2005-05-16,no hay direccion,0.3,0.35,0.3,0.31,0.3,0.33,0.35
2005-05-17,no hay direccion,0.28,0.42,0.39,0.02,0.42,0.25,0.41
2005-05-18,no hay direccion,0.32,0.43,0.01,0.31,0.21,0.05,0.46
2005-05-19,no hay direccion,0.22,0.18,0.42,0.23,0.12,0.24,0.22
2005-05-20,no hay direccion,0.18,0.24,0.16,0.47,0.16,0.36,0.29
2005-05-21,no hay direccion,0.43,0.39,0.03,0.27,0.17,0.04,0.39
2005-05-22,no hay direccion,0.16,0.06,0.33,0.46,0.35,0.31,0.3
2005-05-23,no hay direccion,0.11,0.3,0.39,0.1,0.39,0.36,0.21
2005-05-24,no hay direccion,0.24,0.37,0.13,0.16,0.42,0.48,0.02
2005-05-25,no hay direccion,0.14,0.4,0.37,0.04,0.45,0.05,0.16
2005-05-26,no hay direccion,0.28,0.48,0.03,0.24,0.21,0.46,0.45
2005-05-27,no hay direccion,0.12,0.3,0.46,0.09,0.41,0.05,0.32
2005-05-28,no hay direccion,0.17,0.11,0.34,0.46,0.19,0.03,0.15
2005-05-29,no hay direccion,0.44,0.2,0.02,0.18,0.13,0.14,0.29
2005-05-30,no hay direccion,0.25,0.37,0.34,0.47,0.19,0.13,0.23
2005-05-31,no hay direccion,0.33,0.14,0.14,0.44,0.21,0.2,0.26
2005-06-01,no hay direccion,0.47,0.37,0.43,0.19,0.21,0.34,0.44
2005-06-02,no hay direccion,0.14,0.11,0.46,0.13,0.06,0.25,0.37
2005-06-03,no hay direccion,0.24,0.08,0.17,0.19,0.1,0.18,0.48
2005-06-04,no hay direccion,0.05,0.44,0.24,0.11,0.31,0.18,0.0
2005-06-05,no hay direccion,0.47,0.4,0.45,0.43,0.11,0.07,0.4
2005-06-06,no hay direccion,0.19,0.42,0.34,0.1,0.17,0.0,0.25
2005-06-07,no hay direccion,0.5,0.09,0.41,0.16,0.35,0.43,0.36
2005-06-08,no hay direccion,0.04,0.22,0.49,0.44,0.05,0.09,0.05
2005-06-09,no hay direccion,0.09,0.03,0.05,0.17,0.33,0.5,0.24
2005-06-10,no hay direccion,0.43,0.31,0.11,0.47,0.08,0.49,0.5
2005-06-11,no hay direccion,0.22,0.43,0.04,0.13,0.06,0.34,0.26
2005-06-12,no hay direccion,0.24,0.35,0.04,0.11,0.07,0.45,0.36
2005-06-13,no hay direccion,0.04,0.08,0.01,0.22,0.24,0.23,0.36
2005-06-14,no hay direccion,0.31,0.05,0.05,0.2,0.09,0.37,0.07
2005-06-15,no hay direccion,0.05,0.2,0.26,0.1,0.2,0.04,0.21
2005-06-16,no hay direccion,0.5,0.29,0.28,0.1,0.14,0.03,0.39
2005-06-17,no hay direccion,0.06,0.04,0.28,0.38,0.13,0.49,0.0
2005-06-18,no hay direccion,0.09,0.06,0.5,0.46,0.41,0.06,0.29
2005-06-19,no hay direccion,0.18,0.24,0.46,0.29,0.02,0.16,0.29
2005-06-20,no hay direccion,0.26,0.13,0.42,0.23,0.48,0.28,0.45
2005-06-21,no hay direccion,0.38,0.13,0.17,0.44,0.34,0.34,0.1
2005-06-22,no hay direccion,0.22,0.22,0.46,0.39,0.03,0.03,0.26
2005-06-23,no hay direccion,0.4,0.09,0.49,0.34,0.07,0.48,0.43
2005-06-24,no hay direccion,0.12,0.28,0.48,0.5,0.34,0.01,0.12
2005-06-25,no hay direccion,0.24,0.31,0.19,0.39,0.09,0.37,0.36
2005-06-26,no hay direccion,0.22,0.1,0.37,0.1,0.48,0.39,0.22
2005-06-27,no hay direccion,0.17,0.02,0.24,0.48,0.4,0.18,0.39
2005-06-28,no hay direccion,0.25,0.18,0.39,0.41,0.28,0.11,0.22
2005-06-29,no hay direccion,0.43,0.14,0.18,0.24,0.19,0.49,0.03
2005-06-30,no hay direccion,0.01,0.24,0.23,0.35,0.2,0.33,0.05
2005-07-01,no hay direccion,0.25,0.43,0.07,0.28,0.3,0.11,0.32
2005-07-02,no hay direccion,0.2,0.23,0.14,0.19,0.25,0.26,0.24
2005-07-03,no hay direccion,0.04,0.01,0.11,0.31,0.28,0.2,0.26
2005-07-04,no hay direccion,0.09,0.11,0.34,0.21,0.04,0.43,0.05
2005-07-05,no hay direccion,0.05,0.04,0.03,0.12,0.26,0.49,0.15
2005-07-06,no hay direccion,0.15,0.46,0.22,0.21,0.31,0.34,0.02
2005-07-07,no hay direccion,0.07,0.02,0.17,0.44,0.4,0.0,0.19
2005-07-08,no hay direccion,0.15,0.42,0.5,0.01,0.22,0.04,0.42
2005-07-09,no hay direccion,0.26,0.49,0.47,0.16,0.1,0.21,0.03
2005-07-10,no hay direccion,0.22,0.47,0.4,0.21,0.3,0.04,0.36
2005-07-11,no hay direccion,0.23,0.02,0.39,0.05,0.08,0.43,0.27
2005-07-12,no hay direccion,0.5,0.29,0.0,0.2,0.47,0.23,0.4
2005-07-13,no hay direccion,0.11,0.07,0.12,0.01,0.35,0.04,0.18
2005-07-14,no hay direccion,0.33,0.45,0.34,0.09,0.03,0.27,0.07
2005-07-15,no hay direccion,0.34,0.46,0.24,0.04,0.11,0.46,0.29
2005-07-16,no hay direccion,0.27,0.39,0.15,0.34,0.26,0.17,0.42
2005-07-17,no hay direccion,0.14,0.26,0.35,0.46,0.04,0.05,0.11
2005-07-18,no hay direccion,0.01,0.19,0.47,0.42,0.34,0.45,0.35
2005-07-19,no hay direccion,0.37,0.01,0.11,0.04,0.31,0.17,0.12
2005-07-20,no hay direccion,0.13,0.26,0.34,0.05,0.15,0.16,0.07
2005-07-21,no hay direccion,0.43,0.04,0.37,0.49,0.35,0.08,0.25
2005-07-22,no hay direccion,0.49,0.36,0.08,0.32,0.41,0.15,0.15
2005-07-23,no hay direccion,0.1,0.37,0.05,0.41,0.06,0.08,0.14
2005-07-24,no hay direccion,0.12,0.22,0.23,0.37,0.32,0.47,0.43
2005-07-25,no hay direccion,0.34,0.31,0.16,0.31,0.36,0.09,0.34
2005-07-26,no hay direccion,0.39,0.22,0.19,0.25,0.41,0.06,0.29
2005-07-27,no hay direccion,0.24,0.27,0.17,0.32,0.03,0.17,0.33
2005-07-28,no hay direccion,0.45,0.04,0.41,0.2,0.01,0.3,0.16
2005-07-29,no hay direccion,0.43,0.17,0.44,0.38,0.32,0.06,0.13
2005-07-30,no hay direccion,0.2,0.18,0.16,0.15,0.26,0.1,0.37
2005-07-31,no hay direccion,0.19,0.3,0.08,0.23,0.42,0.48,0.13
2005-08-01,no hay direccion,0.33,0.21,0.02,0.48,0.29,0.32,0.1
2005-08-02,no hay direccion,0.16,0.26,0.04,0.21,0.05,0.37,0.07
2005-08-03,no hay direccion,0.09,0.17,0.5,0.22,0.15,0.41,0.31
2005-08-04,no hay direccion,0.28,0.04,0.21,0.07,0.4,0.26,0.15
2005-08-05,no hay direccion,0.02,0.22,0.05,0.42,0.35,0.47,0.15
2005-08-06,no hay direccion,0.34,0.49,0.04,0.2,0.34,0.48,0.3
2005-08-07,no hay direccion,0.27,0.5,0.36,0.26,0.36,0.05,0.41
2005-08-08,no hay direccion,0.46,0.1,0.28,0.24,0.01,0.21,0.36
2005-08-09,no hay direccion,0.3,0.1,0.42,0.27,0.46,0.12,0.19
2005-08-10,no hay direccion,0.2,0.47,0.09,0.17,0.49,0.25,0.4
2005-08-11,no hay direccion,0.3,0.37,0.2,0.0,0.49,0.12,0.08
2005-08-12,no hay direccion,0.17,0.17,0.01,0.25,0.23,0.35,0.44
2005-08-13,no hay direccion,0.5,0.29,0.12,0.21,0.01,0.17,0.03
2005-08-14,no hay direccion,0.17,0.08,0.38,0.47,0.32,0.07,0.35
2005-08-15,no hay direccion,0.17,0.04,0.35,0.47,0.11,0.07,0.35
2005-08-16,no hay direccion,0.33,0.07,0.1,0.14,0.08,0.37,0.16
2005-08-17,no hay direccion,0.24,0.15,0.14,0.5,0.38,0.44,0.2
2005-08-18,no hay direccion,0.26,0.45,0.46,0.43,0.01,0.07,0.46
2005-08-19,no hay direccion,0.27,0.03,0.01,0.49,0.45,0.19,0.46
2005-08-20,no hay direccion,0.03,0.21,0.19,0.09,0.36,0.04,0.07
2005-08-21,no hay direccion,0.1,0.49,0.18,0.0,0.23,0.15,0.23
2005-08-22,no hay direccion,0.08,0.15,0.03,0.01,0.43,0.13,0.48
2005-08-23,no hay direccion,0.4,0.02,0.08,0.28,0.03,0.41,0.37
2005-08-24,no hay direccion,0.43,0.41,0.08,0.01,0.06,0.08,0.16
2005-08-25,no hay direccion,0.36,0.07,0.4,0.02,0.36,0.39,0.49
2005-08-26,no hay direccion,0.24,0.12,0.06,0.14,0.15,0.05,0.36
2005-08-27,no hay direccion,0.21,0.34,0.42,0.47,0.23,0.2,0.21
2005-08-28,no hay direccion,0.29,0.29,0.26,0.36,0.23,0.03,0.19
2005-08-29,no hay direccion,0.43,0.39,0.29,0.3,0.29,0.26,0.17
2005-08-30,no hay direccion,0.5,0.23,0.22,0.47,0.05,0.43,0.47
2005-08-31,no hay direccion,0.21,0.48,0.26,0.08,0.02,0.2,0.08
2005-09-01,no hay direccion,0.16,0.43,0.21,0.22,0.27,0.23,0.26
2005-09-02,no hay direccion,0.27,0.16,0.21,0.32,0.11,0.47,0.02
2005-09-03,no hay direccion,0.49,0.03,0.21,0.3,0.21,0.25,0.26
2005-09-04,no hay direccion,0.16,0.29,0.24,0.19,0.11,0.06,0.06
2005-09-05,no hay direccion,0.47,0.25,0.36,0.13,0.47,0.07,0.02
2005-09-06,no hay direccion,0.14,0.49,0.36,0.02,0.18,0.47,0.22
2005-09-07,no hay direccion,0.11,0.47,0.43,0.45,0.47,0.06,0.0
2005-09-08,no hay direccion,0.37,0.09,0.1,0.29,0.37,0.06,0.41
2005-09-09,no hay direccion,0.11,0.26,0.02,0.08,0.15,0.25,0.42
2005-09-10,no hay direccion,0.47,0.39,0.4,0.26,0.08,0.19,0.17
2005-09-11,no hay direccion,0.08,0.1,0.19,0.47,0.04,0.36,0.29
2005-09-12,no hay direccion,0.17,0.03,0.02,0.09,0.2,0.32,0.35
2005-09-13,no hay direccion,0.19,0.43,0.37,0.38,0.25,0.13,0.44
2005-09-14,no hay direccion,0.33,0.49,0.49,0.08,0.49,0.23,0.19
2005-09-15,no hay direccion,0.21,0.29,0.32,0.41,0.22,0.31,0.28
2005-09-16,no hay direccion,0.17,0.25,0.03,0.48,0.48,0.26,0.39
2005-09-17,no hay direccion,0.48,0.19,0.03,0.08,0.18,0.46,0.41
2005-09-18,no hay direccion,0.41,0.29,0.48,0.12,0.05,0.41,0.26
2005-09-19,no hay direccion,0.06,0.17,0.29,0.31,0.08,0.15,0.39
2005-09-20,no hay direccion,0.28,0.27,0.23,0.19,0.24,0.31,0.39
2005-09-21,no hay direccion,0.06,0.07,0.44,0.37,0.03,0.43,0.44
2005-09-22,no hay direccion,0.44,0.48,0.14,0.17,0.18,0.37,0.13
2005-09-23,no hay direccion,0.43,0.49,0.3,0.18,0.2,0.01,0.36
2005-09-24,no hay direccion,0.47,0.15,0.1,0.41,0.04,0.29,0.47
2005-09-25,no hay direccion,0.16,0.39,0.25,0.03,0.19,0.07,0.08
2005-09-26,no hay direccion,0.17,0.41,0.27,0.36,0.01,0.24,0.25
2005-09-27,no hay direccion,0.26,0.17,0.16,0.07,0.49,0.32,0.01
2005-09-28,no hay direccion,0.43,0.07,0.16,0.44,0.45,0.36,0.4
2005-09-29,no hay direccion,0.32,0.39,0.49,0.12,0.24,0.44,0.2
2005-09-30,no hay direccion,0.27,0.21,0.05,0.32,0.4,0.18,0.47
2005-10-01,no hay direccion,0.09,0.2,0.36,0.31,0.28,0.03,0.15
2005-10-02,no hay direccion,0.24,0.3,0.03,0.15,0.05,0.02,0.11
2005-10-03,no hay direccion,0.49,0.37,0.42,0.41,0.27,0.03,0.11
2005-10-04,no hay direccion,0.17,0.27,0.38,0.45,0.29,0.25,0.06
2005-10-05,no hay direccion,0.06,0.36,0.37,0.09,0.04,0.42,0.01
2005-10-06,no hay direccion,0.21,0.28,0.04,0.46,0.36,0.12,0.18
2005-10-07,no hay direccion,0.19,0.02,0.44,0.48,0.47,0.22,0.13
2005-10-08,no hay direccion,0.23,0.49,0.1,0.3,0.13,0.35,0.21
2005-10-09,no hay direccion,0.28,0.04,0.3,0.16,0.05,0.08,0.47
2005-10-10,no hay direccion,0.17,0.06,0.35,0.22,0.26,0.32,0.12
2005-10-11,no hay direccion,0.3,0.25,0.43,0.06,0.09,0.43,0.02
2005-10-12,no hay direccion,0.17,0.28,0.23,0.18,0.08,0.3,0.48
2005-10-13,no hay direccion,0.26,0.2,0.41,0.3,0.21,0.24,0.18
2005-10-14,no hay direccion,0.02,0.41,0.15,0.22,0.03,0.31,0.05
2005-10-15,no hay direccion,0.24,0.37,0.23,0.34,0.18,0.41,0.0
2005-10-16,no hay direccion,0.23,0.16,0.45,0.04,0.25,0.11,0.41
2005-10-17,no hay direccion,0.39,0.03,0.16,0.06,0.11,0.19,0.32
2005-10-18,no hay direccion,0.47,0.46,0.45,0.08,0.4,0.1,0.14
2005-10-19,no hay direccion,0.07,0.01,0.03,0.37,0.35,0.09,0.44
2005-10-20,no hay direccion,0.41,0.42,0.29,0.32,0.1,0.41,0.16
2005-10-21,no hay direccion,0.37,0.42,0.23,0.37,0.42,0.05,0.22
2005-10-22,no hay direccion,0.22,0.36,0.35,0.4,0.39,0.04,0.19
2005-10-23,no hay direccion,0.08,0.19,0.28,0.04,0.02,0.45,0.03
2005-10-24,no hay direccion,0.29,0.3,0.42,0.31,0.34,0.16,0.27
2005-10-25,no hay direccion,0.41,0.4,0.0,0.26,0.29,0.41,0.41
2005-10-26,no hay direccion,0.39,0.34,0.15,0.4,0.3,0.05,0.4
2005-10-27,no hay direccion,0.2,0.4,0.47,0.16,0.49,0.45,0.43
2005-10-28,no hay direccion,0.46,0.02,0.33,0.42,0.26,0.18,0.2
2005-10-29,no hay direccion,0.14,0.2,0.07,0.14,0.17,0.19,0.35
2005-10-30,no hay direccion,0.12,0.01,0.35,0.03,0.34,0.16,0.14
2005-10-31,no hay direccion,0.01,0.1,0.41,0.25,0.31,0.3,0.3
2005-11-01,no hay direccion,0.02,0.15,0.21,0.4,0.34,0.48,0.16
2005-11-02,no hay direccion,0.11,0.28,0.15,0.01,0.17,0.06,0.22
2005-11-03,no hay direccion,0.17,0.29,0.08,0.19,0.24,0.35,0.5
2005-11-04,no hay direccion,0.19,0.34,0.08,0.2,0.34,0.01,0.3
2005-11-05,no hay direccion,0.1,0.02,0.3,0.01,0.0,0.48,0.24
2005-11-06,no hay direccion,0.13,0.49,0.26,0.25,0.16,0.19,0.36
2005-11-07,no hay direccion,0.34,0.18,0.12,0.04,0.18,0.08,0.35
2005-11-08,no hay direccion,0.3,0.27,0.42,0.45,0.27,0.29,0.38
2005-11-09,no hay direccion,0.46,0.2,0.19,0.21,0.04,0.46,0.07
2005-11-10,no hay direccion,0.07,0.38,0.21,0.22,0.5,0.43,0.32
2005-11-11,no hay direccion,0.09,0.42,0.33,0.48,0.43,0.0,0.05
2005-11-12,no hay direccion,0.5,0.44,0.4,0.1,0.07,0.34,0.09
2005-11-13,no hay direccion,0.2,0.19,0.23,0.11,0.1,0.22,0.17
2005-11-14,no hay direccion,0.28,0.49,0.11,0.32,0.07,0.32,0.14
2005-11-15,no hay direccion,0.09,0.37,0.13,0.27,0.25,0.49,0.37
2005-11-16,no hay direccion,0.15,0.02,0.37,0.31,0.07,0.02,0.27
2005-11-17,no hay direccion,0.06,0.34,0.45,0.49,0.13,0.27,0.39
2005-11-18,no hay direccion,0.23,0.05,0.15,0.19,0.16,0.14,0.26
2005-11-19,no hay direccion,0.39,0.0,0.2,0.35,0.04,0.27,0.3
2005-11-20,no hay direccion,0.28,0.31,0.06,0.07,0.17,0.2,0.3
2005-11-21,no hay direccion,0.39,0.06,0.45,0.05,0.25,0.32,0.49
2005-11-22,no hay direccion,0.13,0.21,0.03,0.39,0.37,0.46,0.04
2005-11-23,no hay direccion,0.16,0.42,0.45,0.12,0.11,0.3,0.27
2005-11-24,no hay direccion,0.22,0.11,0.48,0.08,0.03,0.1,0.46
2005-11-25,no hay direccion,0.3,0.23,0.48,0.29,0.23,0.22,0.26
2005-11-26,no hay direccion,0.34,0.08,0.3,0.05,0.01,0.2,0.35
2005-11-27,no hay direccion,0.46,0.06,0.17,0.08,0.17,0.3,0.03
2005-11-28,no hay direccion,0.31,0.16,0.36,0.2,0.38,0.3,0.26
2005-11-29,no hay direccion,0.34,0.33,0.16,0.23,0.01,0.45,0.41
2005-11-30,no hay direccion,0.33,0.03,0.17,0.37,0.5,0.28,0.4
2005-12-01,no hay direccion,0.42,0.17,0.05,0.39,0.14,0.36,0.41
2005-12-02,no hay direccion,0.17,0.27,0.29,0.21,0.08,0.45,0.41
2005-12-03,no hay direccion,0.0,0.01,0.31,0.0,0.24,0.32,0.31
2005-12-04,no hay direccion,0.3,0.44,0.19,0.2,0.42,0.33,0.08
2005-12-05,no hay direccion,0.49,0.18,0.15,0.45,0.32,0.21,0.33
2005-12-06,no hay direccion,0.4,0.34,0.29,0.49,0.14,0.25,0.04
2005-12-07,no hay direccion,0.19,0.38,0.04,0.24,0.23,0.28,0.25
2005-12-08,no hay direccion,0.12,0.35,0.13,0.43,0.03,0.47,0.48
2005-12-09,no hay direccion,0.07,0.23,0.09,0.47,0.18,0.37,0.3
2005-12-10,no hay direccion,0.27,0.07,0.39,0.08,0.15,0.06,0.2
2005-12-11,no hay direccion,0.03,0.45,0.24,0.2,0.17,0.01,0.07
2005-12-12,no hay direccion,0.13,0.36,0.08,0.02,0.1,0.48,0.12
2005-12-13,no hay direccion,0.06,0.29,0.41,0.04,0.37,0.17,0.21
2005-12-14,no hay direccion,0.36,0.25,0.4,0.01,0.37,0.17,0.12
2005-12-15,no hay direccion,0.04,0.01,0.08,0.18,0.1,0.43,0.13
2005-12-16,no hay direccion,0.32,0.31,0.07,0.34,0.02,0.22,0.21
2005-12-17,no hay direccion,0.13,0.21,0.29,0.34,0.45,0.29,0.03
2005-12-18,no hay direccion,0.32,0.46,0.28,0.0,0.37,0.38,0.22
2005-12-19,no hay direccion,0.08,0.05,0.06,0.36,0.26,0.2,0.18
2005-12-20,no hay direccion,0.45,0.1,0.44,0.26,0.49,0.5,0.1
2005-12-21,no hay direccion,0.12,0.02,0.19,0.47,0.48,0.09,0.16
2005-12-22,no hay direccion,0.36,0.18,0.13,0.3,0.42,0.43,0.31
2005-12-23,no hay direccion,0.32,0.33,0.47,0.33,0.03,0.04,0.11
2005-12-24,no hay direccion,0.31,0.45,0.08,0.29,0.43,0.02,0.47
2005-12-25,no hay direccion,0.28,0.49,0.24,0.14,0.04,0.37,0.48
2005-12-26,no hay direccion,0.23,0.26,0.48,0.28,0.48,0.14,0.05
2005-12-27,no hay direccion,0.32,0.18,0.42,0.49,0.13,0.16,0.29
2005-12-28,no hay direccion,0.11,0.26,0.36,0.28,0.45,0.18,0.34
2005-12-29,alto miraflores,0.28,0.11,0.44,0.16,0.44,0.61,0.33
2005-12-29,cotacota,0.43,0.24,0.3,0.2,0.2,0.67,0.37
2005-12-29,zona ovejuyo,0.09,0.22,0.31,0.49,0.1,0.93,0.41
2005-12-30,no hay direccion,0.34,0.19,0.22,0.4,0.35,0.14,0.21
2005-12-31,no hay direccion,0.08,0.21,0.41,0.15,0.33,0.24,0.24
2006-01-01,no hay direccion,0.17,0.5,0.23,0.08,0.24,0.19,0.44
2006-01-02,no hay direccion,0.29,0.41,0.3,0.05,0.49,0.3,0.31
2006-01-03,no hay direccion,0.32,0.47,0.07,0.21,0.27,0.3,0.4
2006-01-04,no hay direccion,0.11,0.15,0.42,0.42,0.18,0.47,0.12
2006-01-05,no hay direccion,0.27,0.17,0.23,0.26,0.38,0.13,0.5
2006-01-06,no hay direccion,0.41,0.43,0.43,0.13,0.06,0.29,0.47
2006-01-07,no hay direccion,0.43,0.27,0.24,0.28,0.3,0.13,0.31
2006-01-08,no hay direccion,0.09,0.17,0.36,0.49,0.35,0.24,0.38
2006-01-09,no hay direccion,0.48,0.01,0.39,0.24,0.1,0.31,0.47
2006-01-10,no hay direccion,0.27,0.41,0.18,0.15,0.43,0.23,0.28
2006-01-11,no hay direccion,0.46,0.3,0.28,0.28,0.38,0.38,0.35
2006-01-12,cotahuma,0.28,0.1,0.41,0.41,0.2,0.32,0.05
2006-01-12,zona max paredes,0.19,0.1,0.16,0.88,0.06,0.4,0.43
2006-01-13,no hay direccion,0.46,0.16,0.12,0.42,0.27,0.28,0.16
2006-01-14,no hay direccion,0.04,0.5,0.18,0.42,0.23,0.3,0.33
2006-01-15,no hay direccion,0.22,0.04,0.03,0.46,0.48,0.12,0.48
2006-01-16,no hay direccion,0.34,0.03,0.05,0.06,0.32,0.12,0.15
2006-01-17,no hay direccion,0.14,0.44,0.06,0.34,0.17,0.04,0.45
2006-01-18,no hay direccion,0.15,0.17,0.44,0.04,0.0,0.17,0.19
2006-01-19,no hay direccion,0.18,0.47,0.18,0.28,0.26,0.43,0.36
2006-01-20,no hay direccion,0.0,0.46,0.35,0.15,0.11,0.32,0.21
2006-01-21,no hay direccion,0.29,0.31,0.43,0.3,0.42,0.18,0.43
2006-01-22,no hay direccion,0.09,0.25,0.38,0.17,0.38,0.5,0.22
2006-01-23,no hay direccion,0.49,0.31,0.18,0.01,0.19,0.44,0.41
2006-01-24,no hay direccion,0.03,0.04,0.4,0.43,0.28,0.22,0.13
2006-01-25,no hay direccion,0.35,0.1,0.08,0.19,0.47,0.12,0.44
2006-01-26,no hay direccion,0.47,0.18,0.4,0.23,0.12,0.34,0.33
2006-01-27,no hay direccion,0.16,0.47,0.3,0.09,0.13,0.13,0.11
2006-01-28,no hay direccion,0.13,0.1,0.04,0.17,0.38,0.08,0.23
2006-01-29,no hay direccion,0.0,0.45,0.39,0.3,0.3,0.31,0.04
2006-01-30,no hay direccion,0.24,0.3,0.49,0.22,0.07,0.44,0.34
2006-01-31,no hay direccion,0.22,0.45,0.41,0.09,0.04,0.32,0.16
2006-02-01,no hay direccion,0.06,0.2,0.3,0.09,0.25,0.02,0.04
2006-02-02,no hay direccion,0.15,0.12,0.36,0.28,0.4,0.26,0.15
2006-02-03,no hay direccion,0.08,0.45,0.38,0.12,0.48,0.46,0.11
2006-02-04,no hay direccion,0.35,0.05,0.04,0.2,0.31,0.43,0.06
2006-02-05,no hay direccion,0.09,0.21,0.15,0.17,0.37,0.17,0.13
2006-02-06,no hay direccion,0.42,0.4,0.38,0.41,0.46,0.11,0.24
2006-02-07,no hay direccion,0.2,0.28,0.24,0.1,0.03,0.44,0.03
2006-02-08,no hay direccion,0.43,0.3,0.12,0.3,0.01,0.14,0.28
2006-02-09,no hay direccion,0.0,0.23,0.09,0.47,0.43,0.3,0.32
2006-02-10,no hay direccion,0.2,0.47,0.12,0.28,0.41,0.23,0.45
2006-02-11,no hay direccion,0.06,0.17,0.27,0.27,0.27,0.15,0.45
2006-02-12,avenida leones,0.23,0.12,0.23,0.69,0.05,0.11,0.06
2006-02-12,avenida libertador,0.36,0.49,0.19,0.82,0.22,0.46,0.3
2006-02-12,puente irpavi,0.06,0.07,0.06,0.34,0.03,0.78,0.18
2006-02-12,villa armonia,0.2,0.38,0.14,0.93,0.35,0.03,0.41
2006-02-13,no hay direccion,0.24,0.03,0.01,0.32,0.32,0.49,0.29
2006-02-14,no hay direccion,0.22,0.38,0.37,0.18,0.47,0.12,0.43
2006-02-15,no hay direccion,0.04,0.23,0.04,0.31,0.24,0.47,0.42
2006-02-16,no hay direccion,0.01,0.32,0.18,0.1,0.01,0.39,0.16
2006-02-17,no hay direccion,0.41,0.05,0.2,0.01,0.36,0.34,0.2
2006-02-18,no hay direccion,0.03,0.18,0.13,0.03,0.5,0.1,0.48
2006-02-19,no hay direccion,0.19,0.2,0.08,0.43,0.46,0.18,0.48
2006-02-20,no hay direccion,0.1,0.03,0.25,0.03,0.14,0.01,0.17
2006-02-21,no hay direccion,0.21,0.11,0.48,0.49,0.08,0.07,0.14
2006-02-22,no hay direccion,0.04,0.1,0.25,0.47,0.2,0.16,0.3
2006-02-23,no hay direccion,0.11,0.23,0.27,0.08,0.11,0.39,0.02
2006-02-24,no hay direccion,0.26,0.01,0.36,0.29,0.39,0.44,0.17
2006-02-25,no hay direccion,0.38,0.04,0.04,0.12,0.01,0.23,0.41
2006-02-26,no hay direccion,0.01,0.44,0.07,0.2,0.22,0.38,0.21
2006-02-27,no hay direccion,0.04,0.38,0.48,0.35,0.29,0.04,0.24
2006-02-28,no hay direccion,0.06,0.08,0.22,0.13,0.27,0.44,0.08
2006-03-01,no hay direccion,0.15,0.48,0.47,0.04,0.2,0.1,0.36
2006-03-02,avenida costanera,0.07,0.24,0.14,0.04,0.34,0.03,0.88
2006-03-02,avenida jaimes freyre,0.41,0.4,0.22,0.35,0.01,0.17,0.82
2006-03-03,no hay direccion,0.15,0.3,0.11,0.08,0.25,0.05,0.47
2006-03-04,sector santa barbara-zona llojeta,0.28,0.33,0.54,0.38,0.34,0.11,0.18
2006-03-05,no hay direccion,0.2,0.1,0.27,0.26,0.41,0.14,0.22
2006-03-06,no hay direccion,0.24,0.03,0.38,0.36,0.02,0.48,0.23
2006-03-07,no hay direccion,0.01,0.42,0.28,0.36,0.44,0.47,0.29
2006-03-08,no hay direccion,0.2,0.41,0.45,0.14,0.43,0.03,0.27
2006-03-09,urbanizacion porvenir,0.46,0.16,0.3,0.7,0.12,0.1,0.28
2006-03-10,no hay direccion,0.18,0.36,0.36,0.23,0.03,0.46,0.47
2006-03-11,no hay direccion,0.3,0.41,0.39,0.45,0.36,0.04,0.32
2006-03-12,no hay direccion,0.08,0.37,0.17,0.38,0.3,0.05,0.22
2006-03-13,no hay direccion,0.28,0.27,0.0,0.24,0.09,0.14,0.37
2006-03-14,no hay direccion,0.42,0.41,0.35,0.35,0.07,0.07,0.14
2006-03-15,no hay direccion,0.03,0.32,0.29,0.23,0.18,0.27,0.1
2006-03-16,no hay direccion,0.44,0.21,0.44,0.1,0.05,0.47,0.16
2006-03-17,no hay direccion,0.29,0.19,0.4,0.17,0.22,0.45,0.39
2006-03-18,no hay direccion,0.01,0.37,0.2,0.37,0.22,0.13,0.3
2006-03-19,no hay direccion,0.21,0.15,0.39,0.14,0.33,0.35,0.22
2006-03-20,no hay direccion,0.18,0.37,0.15,0.23,0.4,0.36,0.13
2006-03-21,no hay direccion,0.14,0.34,0.09,0.06,0.32,0.11,0.0
2006-03-22,no hay direccion,0.45,0.27,0.08,0.41,0.29,0.13,0.38
2006-03-23,no hay direccion,0.26,0.24,0.05,0.25,0.29,0.45,0.05
2006-03-24,no hay direccion,0.08,0.41,0.06,0.01,0.2,0.36,0.27
2006-03-25,no hay direccion,0.4,0.11,0.47,0.38,0.03,0.36,0.12
2006-03-26,no hay direccion,0.24,0.38,0.04,0.17,0.35,0.1,0.49
2006-03-27,no hay direccion,0.21,0.37,0.28,0.32,0.49,0.47,0.41
2006-03-28,no hay direccion,0.35,0.21,0.04,0.44,0.01,0.38,0.4
2006-03-29,no hay direccion,0.11,0.33,0.49,0.43,0.31,0.01,0.01
2006-03-30,no hay direccion,0.49,0.47,0.07,0.36,0.04,0.2,0.24
2006-03-31,no hay direccion,0.49,0.36,0.16,0.36,0.49,0.05,0.03
2006-04-01,no hay direccion,0.43,0.14,0.1,0.16,0.47,0.09,0.43
2006-04-02,no hay direccion,0.04,0.1,0.43,0.15,0.33,0.3,0.46
2006-04-03,no hay direccion,0.25,0.31,0.29,0.09,0.08,0.09,0.14
2006-04-04,no hay direccion,0.15,0.2,0.43,0.25,0.49,0.44,0.07
2006-04-05,no hay direccion,0.09,0.01,0.05,0.33,0.35,0.08,0.32
2006-04-06,no hay direccion,0.32,0.04,0.08,0.35,0.47,0.09,0.02
2006-04-07,no hay direccion,0.31,0.46,0.26,0.05,0.21,0.09,0.01
2006-04-08,no hay direccion,0.25,0.48,0.15,0.47,0.45,0.28,0.42
2006-04-09,no hay direccion,0.07,0.01,0.37,0.09,0.26,0.27,0.48
2006-04-10,no hay direccion,0.27,0.24,0.39,0.08,0.35,0.27,0.25
2006-04-11,no hay direccion,0.11,0.14,0.24,0.08,0.07,0.12,0.04
2006-04-12,no hay direccion,0.34,0.2,0.36,0.5,0.17,0.28,0.02
2006-04-13,no hay direccion,0.1,0.14,0.22,0.31,0.5,0.26,0.22
2006-04-14,no hay direccion,0.02,0.38,0.35,0.36,0.36,0.26,0.37
2006-04-15,no hay direccion,0.17,0.39,0.38,0.43,0.09,0.05,0.21
2006-04-16,no hay direccion,0.36,0.36,0.1,0.4,0.47,0.41,0.41
2006-04-17,no hay direccion,0.35,0.33,0.46,0.03,0.21,0.39,0.03
2006-04-18,no hay direccion,0.08,0.23,0.1,0.48,0.17,0.32,0.15
2006-04-19,no hay direccion,0.31,0.37,0.2,0.16,0.28,0.2,0.2
2006-04-20,no hay direccion,0.31,0.24,0.24,0.48,0.23,0.41,0.03
2006-04-21,no hay direccion,0.15,0.24,0.14,0.29,0.07,0.1,0.04
2006-04-22,no hay direccion,0.2,0.38,0.47,0.03,0.08,0.15,0.31
2006-04-23,no hay direccion,0.01,0.34,0.05,0.11,0.38,0.3,0.41
2006-04-24,no hay direccion,0.48,0.4,0.28,0.44,0.09,0.28,0.31
2006-04-25,no hay direccion,0.26,0.17,0.23,0.46,0.24,0.43,0.39
2006-04-26,no hay direccion,0.35,0.45,0.1,0.34,0.4,0.13,0.14
2006-04-27,no hay direccion,0.27,0.21,0.06,0.16,0.22,0.03,0.48
2006-04-28,no hay direccion,0.22,0.28,0.39,0.11,0.46,0.34,0.2
2006-04-29,no hay direccion,0.28,0.39,0.31,0.5,0.26,0.03,0.11
2006-04-30,no hay direccion,0.02,0.08,0.23,0.42,0.18,0.24,0.46
2006-05-01,no hay direccion,0.17,0.01,0.09,0.46,0.29,0.02,0.11
2006-05-02,no hay direccion,0.29,0.48,0.24,0.44,0.3,0.06,0.04
2006-05-03,no hay direccion,0.07,0.43,0.26,0.46,0.47,0.26,0.48
2006-05-04,no hay direccion,0.02,0.2,0.43,0.47,0.14,0.46,0.49
2006-05-05,no hay direccion,0.0,0.43,0.49,0.21,0.24,0.34,0.22
2006-05-06,no hay direccion,0.16,0.39,0.35,0.4,0.42,0.45,0.0
2006-05-07,no hay direccion,0.05,0.13,0.11,0.22,0.06,0.12,0.32
2006-05-08,no hay direccion,0.07,0.29,0.3,0.49,0.46,0.01,0.5
2006-05-09,no hay direccion,0.45,0.26,0.22,0.05,0.08,0.33,0.27
2006-05-10,no hay direccion,0.21,0.25,0.31,0.31,0.16,0.02,0.26
2006-05-11,no hay direccion,0.23,0.15,0.35,0.34,0.22,0.36,0.07
2006-05-12,no hay direccion,0.06,0.27,0.41,0.05,0.32,0.44,0.36
2006-05-13,no hay direccion,0.35,0.14,0.16,0.43,0.04,0.45,0.27
2006-05-14,no hay direccion,0.49,0.03,0.49,0.42,0.34,0.31,0.2
2006-05-15,no hay direccion,0.04,0.33,0.22,0.11,0.01,0.32,0.45
2006-05-16,no hay direccion,0.01,0.4,0.02,0.39,0.2,0.08,0.22
2006-05-17,no hay direccion,0.25,0.19,0.49,0.44,0.25,0.48,0.01
2006-05-18,no hay direccion,0.36,0.27,0.38,0.42,0.23,0.02,0.09
2006-05-19,no hay direccion,0.13,0.38,0.02,0.1,0.43,0.3,0.26
2006-05-20,no hay direccion,0.01,0.42,0.02,0.18,0.08,0.45,0.27
2006-05-21,no hay direccion,0.38,0.09,0.26,0.07,0.19,0.04,0.21
2006-05-22,no hay direccion,0.25,0.37,0.44,0.02,0.43,0.12,0.05
2006-05-23,no hay direccion,0.27,0.36,0.12,0.16,0.34,0.18,0.23
2006-05-24,no hay direccion,0.13,0.4,0.27,0.18,0.07,0.36,0.12
2006-05-25,no hay direccion,0.31,0.37,0.39,0.22,0.12,0.45,0.45
2006-05-26,no hay direccion,0.43,0.16,0.45,0.07,0.47,0.48,0.27
2006-05-27,no hay direccion,0.4,0.13,0.47,0.14,0.16,0.2,0.25
2006-05-28,no hay direccion,0.46,0.22,0.06,0.23,0.42,0.22,0.41
2006-05-29,no hay direccion,0.03,0.38,0.38,0.32,0.15,0.5,0.35
2006-05-30,no hay direccion,0.15,0.1,0.31,0.19,0.04,0.01,0.37
2006-05-31,no hay direccion,0.27,0.49,0.46,0.23,0.32,0.29,0.35
2006-06-01,no hay direccion,0.31,0.32,0.2,0.42,0.28,0.16,0.48
2006-06-02,no hay direccion,0.14,0.18,0.05,0.23,0.44,0.35,0.1
2006-06-03,no hay direccion,0.14,0.03,0.4,0.18,0.34,0.18,0.47
2006-06-04,no hay direccion,0.3,0.46,0.17,0.36,0.27,0.12,0.11
2006-06-05,no hay direccion,0.02,0.34,0.29,0.46,0.47,0.13,0.05
2006-06-06,no hay direccion,0.21,0.16,0.03,0.48,0.39,0.07,0.25
2006-06-07,no hay direccion,0.16,0.27,0.19,0.17,0.3,0.38,0.06
2006-06-08,no hay direccion,0.18,0.36,0.22,0.13,0.47,0.09,0.45
2006-06-09,no hay direccion,0.04,0.41,0.01,0.26,0.28,0.17,0.17
2006-06-10,no hay direccion,0.21,0.17,0.35,0.39,0.48,0.08,0.13
2006-06-11,no hay direccion,0.08,0.39,0.08,0.07,0.02,0.43,0.06
2006-06-12,no hay direccion,0.21,0.28,0.36,0.02,0.15,0.31,0.45
2006-06-13,no hay direccion,0.12,0.46,0.18,0.22,0.35,0.34,0.33
2006-06-14,no hay direccion,0.47,0.13,0.46,0.26,0.05,0.12,0.31
2006-06-15,no hay direccion,0.47,0.02,0.24,0.33,0.4,0.17,0.03
2006-06-16,no hay direccion,0.2,0.29,0.22,0.38,0.08,0.16,0.4
2006-06-17,no hay direccion,0.04,0.4,0.22,0.17,0.29,0.19,0.31
2006-06-18,no hay direccion,0.5,0.29,0.24,0.19,0.34,0.41,0.04
2006-06-19,no hay direccion,0.43,0.46,0.41,0.26,0.27,0.05,0.08
2006-06-20,no hay direccion,0.2,0.21,0.27,0.15,0.04,0.43,0.01
2006-06-21,no hay direccion,0.44,0.0,0.07,0.1,0.06,0.2,0.02
2006-06-22,no hay direccion,0.14,0.14,0.47,0.03,0.12,0.22,0.02
2006-06-23,no hay direccion,0.48,0.23,0.29,0.49,0.14,0.44,0.48
2006-06-24,no hay direccion,0.16,0.03,0.2,0.35,0.1,0.38,0.14
2006-06-25,no hay direccion,0.48,0.16,0.33,0.15,0.2,0.29,0.01
2006-06-26,no hay direccion,0.05,0.41,0.18,0.46,0.03,0.39,0.39
2006-06-27,no hay direccion,0.46,0.13,0.46,0.02,0.39,0.13,0.44
2006-06-28,no hay direccion,0.47,0.42,0.22,0.25,0.1,0.11,0.1
2006-06-29,no hay direccion,0.41,0.39,0.48,0.12,0.16,0.07,0.02
2006-06-30,no hay direccion,0.39,0.32,0.33,0.47,0.47,0.29,0.3
2006-07-01,no hay direccion,0.17,0.35,0.19,0.06,0.35,0.27,0.38
2006-07-02,no hay direccion,0.13,0.35,0.39,0.41,0.4,0.24,0.13
2006-07-03,no hay direccion,0.09,0.14,0.02,0.07,0.46,0.16,0.09
2006-07-04,no hay direccion,0.49,0.19,0.07,0.29,0.15,0.25,0.05
2006-07-05,no hay direccion,0.34,0.43,0.06,0.14,0.44,0.28,0.45
2006-07-06,no hay direccion,0.35,0.22,0.27,0.13,0.04,0.01,0.06
2006-07-07,no hay direccion,0.34,0.37,0.47,0.46,0.02,0.19,0.28
2006-07-08,no hay direccion,0.21,0.08,0.35,0.04,0.05,0.04,0.49
2006-07-09,no hay direccion,0.27,0.26,0.14,0.44,0.02,0.22,0.45
2006-07-10,no hay direccion,0.29,0.14,0.03,0.14,0.49,0.1,0.35
2006-07-11,no hay direccion,0.44,0.49,0.23,0.34,0.26,0.2,0.35
2006-07-12,no hay direccion,0.14,0.08,0.02,0.4,0.0,0.22,0.17
2006-07-13,no hay direccion,0.13,0.49,0.39,0.0,0.01,0.16,0.29
2006-07-14,no hay direccion,0.09,0.43,0.18,0.19,0.38,0.14,0.39
2006-07-15,no hay direccion,0.41,0.37,0.18,0.08,0.1,0.33,0.35
2006-07-16,no hay direccion,0.29,0.4,0.37,0.44,0.12,0.32,0.18
2006-07-17,no hay direccion,0.31,0.45,0.06,0.32,0.37,0.32,0.38
2006-07-18,no hay direccion,0.39,0.43,0.23,0.13,0.26,0.14,0.4
2006-07-19,no hay direccion,0.19,0.14,0.43,0.27,0.45,0.16,0.48
2006-07-20,no hay direccion,0.2,0.22,0.22,0.31,0.44,0.14,0.3
2006-07-21,no hay direccion,0.45,0.43,0.34,0.44,0.24,0.47,0.46
2006-07-22,no hay direccion,0.41,0.35,0.28,0.1,0.08,0.3,0.35
2006-07-23,no hay direccion,0.29,0.16,0.09,0.04,0.48,0.0,0.37
2006-07-24,no hay direccion,0.14,0.4,0.34,0.07,0.48,0.5,0.14
2006-07-25,no hay direccion,0.38,0.12,0.06,0.23,0.14,0.06,0.08
2006-07-26,no hay direccion,0.48,0.31,0.33,0.04,0.05,0.06,0.47
2006-07-27,no hay direccion,0.39,0.16,0.21,0.04,0.28,0.32,0.36
2006-07-28,no hay direccion,0.27,0.16,0.13,0.35,0.29,0.32,0.35
2006-07-29,no hay direccion,0.5,0.43,0.15,0.22,0.5,0.08,0.22
2006-07-30,no hay direccion,0.34,0.49,0.36,0.11,0.17,0.17,0.28
2006-07-31,no hay direccion,0.43,0.18,0.41,0.37,0.18,0.11,0.41
2006-08-01,no hay direccion,0.27,0.33,0.33,0.42,0.05,0.24,0.11
2006-08-02,no hay direccion,0.39,0.33,0.46,0.45,0.07,0.48,0.18
2006-08-03,no hay direccion,0.48,0.4,0.11,0.47,0.42,0.4,0.41
2006-08-04,no hay direccion,0.26,0.17,0.3,0.5,0.32,0.33,0.38
2006-08-05,no hay direccion,0.28,0.01,0.36,0.19,0.46,0.15,0.22
2006-08-06,no hay direccion,0.32,0.24,0.24,0.44,0.41,0.17,0.34
2006-08-07,no hay direccion,0.31,0.27,0.07,0.12,0.47,0.42,0.16
2006-08-08,no hay direccion,0.17,0.45,0.03,0.22,0.05,0.28,0.08
2006-08-09,no hay direccion,0.44,0.36,0.26,0.2,0.17,0.06,0.18
2006-08-10,no hay direccion,0.04,0.01,0.49,0.28,0.41,0.32,0.35
2006-08-11,no hay direccion,0.03,0.19,0.36,0.09,0.3,0.49,0.23
2006-08-12,no hay direccion,0.2,0.1,0.5,0.19,0.05,0.29,0.43
2006-08-13,no hay direccion,0.17,0.18,0.42,0.33,0.3,0.15,0.27
2006-08-14,no hay direccion,0.16,0.44,0.01,0.13,0.01,0.19,0.22
2006-08-15,no hay direccion,0.2,0.28,0.23,0.18,0.12,0.01,0.44
2006-08-16,no hay direccion,0.42,0.46,0.2,0.42,0.27,0.33,0.03
2006-08-17,no hay direccion,0.23,0.14,0.29,0.41,0.09,0.29,0.02
2006-08-18,no hay direccion,0.45,0.05,0.09,0.09,0.09,0.34,0.19
2006-08-19,no hay direccion,0.31,0.01,0.29,0.27,0.44,0.04,0.07
2006-08-20,no hay direccion,0.21,0.11,0.28,0.01,0.42,0.01,0.37
2006-08-21,no hay direccion,0.39,0.47,0.22,0.1,0.3,0.44,0.17
2006-08-22,no hay direccion,0.26,0.02,0.49,0.47,0.43,0.16,0.38
2006-08-23,no hay direccion,0.38,0.07,0.19,0.29,0.22,0.37,0.07
2006-08-24,no hay direccion,0.38,0.47,0.5,0.18,0.27,0.26,0.35
2006-08-25,no hay direccion,0.37,0.38,0.09,0.39,0.14,0.04,0.36
2006-08-26,no hay direccion,0.27,0.45,0.14,0.37,0.42,0.12,0.23
2006-08-27,no hay direccion,0.44,0.07,0.0,0.41,0.42,0.19,0.16
2006-08-28,no hay direccion,0.05,0.29,0.44,0.38,0.4,0.33,0.38
2006-08-29,no hay direccion,0.13,0.38,0.24,0.05,0.06,0.08,0.04
2006-08-30,no hay direccion,0.05,0.08,0.01,0.24,0.41,0.36,0.42
2006-08-31,no hay direccion,0.2,0.16,0.38,0.12,0.32,0.25,0.06
2006-09-01,no hay direccion,0.48,0.0,0.26,0.46,0.13,0.14,0.0
2006-09-02,no hay direccion,0.27,0.44,0.46,0.19,0.14,0.37,0.38
2006-09-03,no hay direccion,0.09,0.1,0.37,0.48,0.23,0.17,0.04
2006-09-04,no hay direccion,0.13,0.17,0.31,0.33,0.02,0.24,0.34
2006-09-05,no hay direccion,0.06,0.26,0.04,0.46,0.26,0.02,0.47
2006-09-06,no hay direccion,0.04,0.36,0.41,0.03,0.18,0.24,0.32
2006-09-07,no hay direccion,0.46,0.44,0.03,0.33,0.17,0.01,0.27
2006-09-08,no hay direccion,0.5,0.45,0.15,0.4,0.14,0.43,0.02
2006-09-09,no hay direccion,0.16,0.21,0.27,0.42,0.25,0.26,0.13
2006-09-10,no hay direccion,0.42,0.04,0.18,0.13,0.12,0.1,0.08
2006-09-11,no hay direccion,0.18,0.04,0.03,0.42,0.23,0.05,0.31
2006-09-12,no hay direccion,0.05,0.38,0.25,0.4,0.19,0.18,0.48
2006-09-13,no hay direccion,0.21,0.01,0.21,0.12,0.4,0.47,0.06
2006-09-14,no hay direccion,0.38,0.25,0.49,0.42,0.38,0.12,0.39
2006-09-15,no hay direccion,0.28,0.04,0.47,0.26,0.27,0.36,0.21
2006-09-16,no hay direccion,0.06,0.06,0.14,0.35,0.12,0.03,0.41
2006-09-17,no hay direccion,0.37,0.26,0.48,0.26,0.31,0.35,0.07
2006-09-18,no hay direccion,0.05,0.11,0.17,0.18,0.19,0.03,0.46
2006-09-19,no hay direccion,0.16,0.33,0.42,0.05,0.13,0.04,0.14
2006-09-20,no hay direccion,0.43,0.41,0.18,0.4,0.1,0.23,0.39
2006-09-21,no hay direccion,0.28,0.2,0.05,0.36,0.33,0.02,0.13
2006-09-22,no hay direccion,0.17,0.29,0.05,0.04,0.0,0.37,0.12
2006-09-23,no hay direccion,0.04,0.13,0.47,0.23,0.26,0.03,0.21
2006-09-24,no hay direccion,0.2,0.21,0.49,0.04,0.44,0.21,0.02
2006-09-25,no hay direccion,0.23,0.16,0.06,0.21,0.06,0.01,0.04
2006-09-26,no hay direccion,0.29,0.32,0.35,0.32,0.41,0.49,0.26
2006-09-27,no hay direccion,0.3,0.23,0.42,0.12,0.29,0.2,0.36
2006-09-28,no hay direccion,0.33,0.23,0.11,0.04,0.26,0.09,0.12
2006-09-29,no hay direccion,0.44,0.37,0.47,0.35,0.36,0.11,0.34
2006-09-30,no hay direccion,0.43,0.26,0.15,0.07,0.17,0.43,0.03
2006-10-01,no hay direccion,0.04,0.23,0.22,0.18,0.41,0.39,0.15
2006-10-02,no hay direccion,0.44,0.42,0.32,0.02,0.23,0.07,0.48
2006-10-03,no hay direccion,0.04,0.21,0.15,0.31,0.12,0.16,0.15
2006-10-04,no hay direccion,0.19,0.44,0.06,0.0,0.34,0.2,0.39
2006-10-05,no hay direccion,0.49,0.28,0.42,0.11,0.12,0.11,0.23
2006-10-06,no hay direccion,0.24,0.14,0.4,0.12,0.25,0.36,0.24
2006-10-07,no hay direccion,0.49,0.28,0.08,0.08,0.15,0.2,0.38
2006-10-08,no hay direccion,0.32,0.21,0.15,0.15,0.13,0.27,0.44
2006-10-09,no hay direccion,0.2,0.42,0.34,0.15,0.47,0.18,0.3
2006-10-10,no hay direccion,0.18,0.11,0.16,0.43,0.24,0.19,0.13
2006-10-11,no hay direccion,0.4,0.24,0.3,0.02,0.24,0.47,0.01
2006-10-12,no hay direccion,0.03,0.11,0.32,0.15,0.45,0.24,0.07
2006-10-13,no hay direccion,0.11,0.02,0.12,0.17,0.48,0.26,0.11
2006-10-14,no hay direccion,0.1,0.09,0.04,0.39,0.48,0.3,0.34
2006-10-15,no hay direccion,0.41,0.08,0.3,0.34,0.15,0.38,0.35
2006-10-16,no hay direccion,0.16,0.04,0.23,0.27,0.29,0.22,0.24
2006-10-17,no hay direccion,0.5,0.48,0.02,0.08,0.42,0.5,0.47
2006-10-18,no hay direccion,0.25,0.35,0.25,0.07,0.06,0.19,0.0
2006-10-19,no hay direccion,0.18,0.35,0.02,0.02,0.42,0.4,0.12
2006-10-20,no hay direccion,0.5,0.42,0.04,0.28,0.14,0.09,0.08
2006-10-21,no hay direccion,0.4,0.18,0.18,0.29,0.18,0.29,0.35
2006-10-22,no hay direccion,0.32,0.35,0.5,0.24,0.33,0.14,0.26
2006-10-23,no hay direccion,0.3,0.49,0.25,0.01,0.04,0.27,0.3
2006-10-24,no hay direccion,0.01,0.03,0.1,0.15,0.01,0.24,0.11
2006-10-25,no hay direccion,0.4,0.18,0.09,0.01,0.27,0.46,0.43
2006-10-26,no hay direccion,0.15,0.35,0.09,0.06,0.13,0.4,0.17
2006-10-27,no hay direccion,0.22,0.01,0.25,0.09,0.47,0.35,0.18
2006-10-28,no hay direccion,0.22,0.21,0.25,0.25,0.29,0.05,0.48
2006-10-29,no hay direccion,0.12,0.26,0.08,0.45,0.12,0.42,0.07
2006-10-30,no hay direccion,0.32,0.25,0.3,0.31,0.34,0.42,0.39
2006-10-31,no hay direccion,0.35,0.16,0.36,0.43,0.49,0.36,0.37
2006-11-01,no hay direccion,0.0,0.32,0.39,0.38,0.12,0.26,0.04
2006-11-02,no hay direccion,0.16,0.26,0.13,0.43,0.2,0.5,0.2
2006-11-03,no hay direccion,0.29,0.02,0.03,0.24,0.35,0.43,0.43
2006-11-04,no hay direccion,0.26,0.14,0.18,0.31,0.47,0.28,0.36
2006-11-05,no hay direccion,0.4,0.48,0.09,0.11,0.34,0.39,0.33
2006-11-06,no hay direccion,0.29,0.14,0.34,0.05,0.19,0.13,0.08
2006-11-07,no hay direccion,0.26,0.14,0.14,0.3,0.01,0.07,0.18
2006-11-08,no hay direccion,0.46,0.45,0.42,0.47,0.46,0.11,0.16
2006-11-09,no hay direccion,0.28,0.34,0.27,0.14,0.22,0.07,0.07
2006-11-10,no hay direccion,0.33,0.47,0.18,0.06,0.27,0.21,0.23
2006-11-11,no hay direccion,0.33,0.32,0.24,0.23,0.18,0.27,0.09
2006-11-12,no hay direccion,0.24,0.09,0.38,0.24,0.4,0.44,0.35
2006-11-13,no hay direccion,0.07,0.32,0.04,0.45,0.44,0.12,0.3
2006-11-14,no hay direccion,0.47,0.34,0.5,0.44,0.27,0.2,0.06
2006-11-15,no hay direccion,0.19,0.44,0.4,0.36,0.15,0.26,0.23
2006-11-16,no hay direccion,0.21,0.31,0.46,0.23,0.4,0.13,0.42
2006-11-17,no hay direccion,0.28,0.28,0.09,0.46,0.2,0.07,0.44
2006-11-18,no hay direccion,0.24,0.47,0.01,0.14,0.13,0.12,0.03
2006-11-19,no hay direccion,0.09,0.48,0.38,0.44,0.17,0.16,0.31
2006-11-20,no hay direccion,0.29,0.46,0.45,0.21,0.39,0.01,0.47
2006-11-21,no hay direccion,0.2,0.05,0.27,0.39,0.31,0.17,0.03
2006-11-22,no hay direccion,0.05,0.12,0.21,0.4,0.42,0.12,0.48
2006-11-23,no hay direccion,0.16,0.33,0.16,0.39,0.22,0.3,0.45
2006-11-24,no hay direccion,0.5,0.17,0.29,0.33,0.11,0.01,0.45
2006-11-25,no hay direccion,0.17,0.19,0.36,0.46,0.41,0.45,0.27
2006-11-26,no hay direccion,0.1,0.45,0.46,0.14,0.44,0.36,0.2
2006-11-27,no hay direccion,0.11,0.11,0.32,0.32,0.13,0.4,0.41
2006-11-28,no hay direccion,0.45,0.33,0.43,0.34,0.17,0.44,0.5
2006-11-29,no hay direccion,0.26,0.12,0.43,0.25,0.38,0.23,0.11
2006-11-30,zona miraflores,0.39,0.79,0.38,0.21,0.3,0.29,0.21
2006-11-30,zona cementerio,0.26,0.74,0.2,0.41,0.48,0.34,0.04
2006-11-30,kantutani,0.33,0.5,0.04,0.36,0.32,0.38,0.18
2006-11-30,apumalla,0.09,0.77,0.12,0.19,0.05,0.39,0.44
2006-11-30,achumani,0.4,0.55,0.1,0.13,0.0,0.41,0.35
2006-11-30,cotahuma,0.24,0.95,0.13,0.24,0.33,0.46,0.49
2006-12-01,no hay direccion,0.03,0.24,0.48,0.0,0.3,0.04,0.39
2006-12-02,no hay direccion,0.4,0.42,0.21,0.14,0.42,0.48,0.01
2006-12-03,no hay direccion,0.21,0.12,0.09,0.35,0.07,0.37,0.48
2006-12-04,no hay direccion,0.48,0.1,0.25,0.21,0.17,0.05,0.0
2006-12-05,no hay direccion,0.07,0.03,0.0,0.01,0.04,0.24,0.0
2006-12-06,no hay direccion,0.11,0.09,0.22,0.32,0.43,0.3,0.33
2006-12-07,no hay direccion,0.11,0.44,0.15,0.29,0.09,0.32,0.01
2006-12-08,no hay direccion,0.19,0.23,0.22,0.06,0.03,0.03,0.24
2006-12-09,no hay direccion,0.25,0.02,0.14,0.17,0.41,0.03,0.38
2006-12-10,no hay direccion,0.28,0.07,0.4,0.46,0.11,0.22,0.23
2006-12-11,no hay direccion,0.36,0.17,0.05,0.07,0.49,0.25,0.11
2006-12-12,no hay direccion,0.32,0.25,0.25,0.24,0.26,0.4,0.02
2006-12-13,no hay direccion,0.33,0.18,0.44,0.03,0.08,0.41,0.49
2006-12-14,no hay direccion,0.42,0.22,0.48,0.07,0.12,0.49,0.1
2006-12-15,no hay direccion,0.27,0.13,0.36,0.06,0.06,0.06,0.41
2006-12-16,no hay direccion,0.42,0.17,0.4,0.43,0.39,0.39,0.05
2006-12-17,no hay direccion,0.12,0.01,0.18,0.16,0.32,0.15,0.3
2006-12-18,calle figuero,0.44,0.08,0.36,0.19,0.43,0.51,0.46
2006-12-18,calle santa cruz,0.39,0.27,0.0,0.32,0.14,0.53,0.27
2006-12-18,centro de la ciudad,0.08,0.37,0.17,0.39,0.09,0.52,0.4
2006-12-18,tunel san francisco,0.4,0.3,0.28,0.32,0.39,0.4,0.5
2006-12-19,no hay direccion,0.21,0.04,0.5,0.11,0.24,0.09,0.25
2006-12-20,no hay direccion,0.05,0.3,0.37,0.2,0.18,0.23,0.45
2006-12-21,no hay direccion,0.03,0.43,0.1,0.05,0.11,0.07,0.33
2006-12-22,no hay direccion,0.45,0.34,0.0,0.4,0.43,0.28,0.36
2006-12-23,no hay direccion,0.37,0.24,0.33,0.3,0.13,0.47,0.03
2006-12-24,no hay direccion,0.37,0.18,0.47,0.5,0.42,0.43,0.19
2006-12-25,no hay direccion,0.17,0.13,0.44,0.25,0.12,0.46,0.07
2006-12-26,no hay direccion,0.07,0.05,0.4,0.33,0.08,0.1,0.12
2006-12-27,no hay direccion,0.41,0.2,0.14,0.06,0.37,0.46,0.24
2006-12-28,no hay direccion,0.32,0.17,0.27,0.19,0.18,0.44,0.14
2006-12-29,no hay direccion,0.33,0.09,0.46,0.07,0.18,0.07,0.27
2006-12-30,no hay direccion,0.49,0.18,0.06,0.25,0.3,0.46,0.5
2006-12-31,no hay direccion,0.48,0.43,0.02,0.06,0.22,0.36,0.29
2007-01-01,no hay direccion,0.05,0.35,0.42,0.1,0.16,0.33,0.18
2007-01-02,no hay direccion,0.48,0.18,0.12,0.3,0.34,0.22,0.19
2007-01-03,centro de la ciudad,0.22,0.49,0.12,0.2,0.71,0.41,0.07
2007-01-03,sopocachi,0.26,0.21,0.23,0.36,0.61,0.16,0.42
2007-01-03,tembladerani,0.05,0.22,0.18,0.49,0.52,0.15,0.49
2007-01-03,villa armonia,0.05,0.09,0.17,0.44,0.72,0.38,0.2
2007-01-03,villa copacabana,0.37,0.34,0.02,0.37,0.62,0.47,0.31
2007-01-03,zona miraflores,0.46,0.11,0.08,0.45,0.48,0.25,0.17
2007-01-03,zona sur,0.33,0.03,0.02,0.23,0.65,0.28,0.35
2007-01-04,no hay direccion,0.41,0.19,0.29,0.04,0.46,0.04,0.45
2007-01-05,no hay direccion,0.28,0.14,0.24,0.32,0.28,0.28,0.47
2007-01-06,no hay direccion,0.04,0.43,0.23,0.35,0.3,0.2,0.1
2007-01-07,no hay direccion,0.16,0.21,0.41,0.5,0.13,0.5,0.39
2007-01-08,no hay direccion,0.23,0.45,0.3,0.48,0.47,0.13,0.39
2007-01-09,no hay direccion,0.32,0.29,0.17,0.15,0.11,0.01,0.39
2007-01-10,no hay direccion,0.3,0.1,0.09,0.42,0.27,0.32,0.02
2007-01-11,no hay direccion,0.49,0.16,0.3,0.34,0.32,0.32,0.29
2007-01-12,no hay direccion,0.19,0.37,0.2,0.01,0.48,0.49,0.09
2007-01-13,no hay direccion,0.08,0.39,0.07,0.07,0.18,0.29,0.09
2007-01-14,no hay direccion,0.34,0.19,0.35,0.33,0.48,0.07,0.17
2007-01-15,no hay direccion,0.13,0.32,0.13,0.46,0.37,0.04,0.25
2007-01-16,no hay direccion,0.01,0.29,0.23,0.39,0.37,0.4,0.34
2007-01-17,no hay direccion,0.06,0.1,0.11,0.15,0.08,0.1,0.47
2007-01-18,no hay direccion,0.3,0.01,0.15,0.16,0.13,0.46,0.11
2007-01-19,no hay direccion,0.05,0.29,0.24,0.16,0.07,0.04,0.44
2007-01-20,no hay direccion,0.34,0.3,0.38,0.06,0.42,0.41,0.24
2007-01-21,no hay direccion,0.34,0.38,0.27,0.33,0.19,0.11,0.48
2007-01-22,no hay direccion,0.48,0.2,0.2,0.13,0.17,0.13,0.01
2007-01-23,no hay direccion,0.17,0.36,0.27,0.17,0.17,0.31,0.05
2007-01-24,no hay direccion,0.08,0.04,0.02,0.23,0.26,0.16,0.38
2007-01-25,no hay direccion,0.19,0.25,0.27,0.2,0.24,0.28,0.15
2007-01-26,no hay direccion,0.1,0.21,0.44,0.34,0.22,0.04,0.28
2007-01-27,no hay direccion,0.09,0.17,0.08,0.46,0.18,0.11,0.07
2007-01-28,no hay direccion,0.48,0.4,0.32,0.11,0.07,0.47,0.41
2007-01-29,no hay direccion,0.23,0.27,0.38,0.25,0.16,0.13,0.42
2007-01-30,no hay direccion,0.23,0.07,0.5,0.29,0.14,0.19,0.14
2007-01-31,no hay direccion,0.1,0.3,0.34,0.01,0.35,0.34,0.37
2007-02-01,no hay direccion,0.18,0.2,0.39,0.14,0.42,0.02,0.44
2007-02-02,no hay direccion,0.03,0.13,0.25,0.35,0.3,0.43,0.4
2007-02-03,no hay direccion,0.31,0.48,0.15,0.03,0.07,0.3,0.4
2007-02-04,no hay direccion,0.34,0.48,0.29,0.35,0.13,0.13,0.5
2007-02-05,no hay direccion,0.34,0.48,0.29,0.17,0.34,0.01,0.08
2007-02-06,no hay direccion,0.26,0.23,0.1,0.15,0.5,0.12,0.48
2007-02-07,no hay direccion,0.48,0.33,0.3,0.48,0.03,0.09,0.41
2007-02-08,no hay direccion,0.31,0.4,0.31,0.1,0.39,0.42,0.4
2007-02-09,no hay direccion,0.07,0.02,0.41,0.27,0.03,0.41,0.4
2007-02-10,no hay direccion,0.08,0.46,0.4,0.08,0.49,0.18,0.44
2007-02-11,no hay direccion,0.42,0.35,0.21,0.32,0.11,0.02,0.0
2007-02-12,no hay direccion,0.23,0.32,0.4,0.35,0.11,0.26,0.18
2007-02-13,no hay direccion,0.14,0.37,0.07,0.25,0.48,0.1,0.02
2007-02-14,no hay direccion,0.37,0.03,0.07,0.04,0.27,0.23,0.06
2007-02-15,no hay direccion,0.18,0.19,0.16,0.49,0.49,0.24,0.1
2007-02-16,no hay direccion,0.17,0.42,0.25,0.11,0.16,0.31,0.09
2007-02-17,no hay direccion,0.28,0.26,0.22,0.09,0.42,0.11,0.32
2007-02-18,no hay direccion,0.47,0.33,0.18,0.09,0.07,0.12,0.04
2007-02-19,no hay direccion,0.12,0.05,0.24,0.27,0.43,0.47,0.17
2007-02-20,no hay direccion,0.26,0.11,0.4,0.15,0.08,0.37,0.11
2007-02-21,no hay direccion,0.47,0.23,0.3,0.02,0.3,0.34,0.36
2007-02-22,no hay direccion,0.01,0.31,0.4,0.45,0.26,0.25,0.32
2007-02-23,no hay direccion,0.48,0.21,0.22,0.02,0.49,0.1,0.26
2007-02-24,no hay direccion,0.14,0.44,0.24,0.05,0.04,0.02,0.14
2007-02-25,no hay direccion,0.0,0.38,0.11,0.48,0.29,0.34,0.4
2007-02-26,no hay direccion,0.46,0.38,0.16,0.08,0.11,0.28,0.02
2007-02-27,no hay direccion,0.49,0.19,0.07,0.11,0.01,0.16,0.34
2007-02-28,no hay direccion,0.46,0.4,0.5,0.26,0.17,0.47,0.31
2007-03-01,no hay direccion,0.23,0.15,0.48,0.19,0.07,0.27,0.31
2007-03-02,no hay direccion,0.21,0.08,0.16,0.29,0.2,0.1,0.38
2007-03-03,no hay direccion,0.47,0.12,0.32,0.19,0.35,0.47,0.09
2007-03-04,no hay direccion,0.26,0.49,0.17,0.08,0.08,0.08,0.32
2007-03-05,no hay direccion,0.02,0.21,0.39,0.5,0.4,0.34,0.08
2007-03-06,no hay direccion,0.18,0.32,0.33,0.26,0.22,0.18,0.02
2007-03-07,no hay direccion,0.45,0.33,0.04,0.11,0.37,0.09,0.24
2007-03-08,no hay direccion,0.24,0.45,0.49,0.22,0.05,0.45,0.32
2007-03-09,no hay direccion,0.48,0.1,0.31,0.13,0.28,0.43,0.35
2007-03-10,no hay direccion,0.08,0.06,0.28,0.22,0.47,0.29,0.03
2007-03-11,no hay direccion,0.37,0.0,0.04,0.09,0.18,0.4,0.41
2007-03-12,no hay direccion,0.06,0.26,0.27,0.28,0.41,0.1,0.43
2007-03-13,no hay direccion,0.34,0.34,0.47,0.19,0.17,0.2,0.43
2007-03-14,no hay direccion,0.48,0.35,0.21,0.45,0.3,0.18,0.42
2007-03-15,no hay direccion,0.39,0.09,0.13,0.14,0.18,0.27,0.17
2007-03-16,no hay direccion,0.3,0.19,0.15,0.3,0.37,0.37,0.33
2007-03-17,no hay direccion,0.19,0.38,0.24,0.12,0.09,0.47,0.02
2007-03-18,no hay direccion,0.19,0.36,0.23,0.24,0.32,0.05,0.13
2007-03-19,no hay direccion,0.45,0.41,0.15,0.33,0.4,0.21,0.28
2007-03-20,no hay direccion,0.48,0.45,0.26,0.26,0.3,0.46,0.33
2007-03-21,no hay direccion,0.02,0.28,0.48,0.08,0.23,0.28,0.11
2007-03-22,no hay direccion,0.42,0.19,0.23,0.27,0.47,0.42,0.24
2007-03-23,no hay direccion,0.29,0.25,0.21,0.34,0.18,0.1,0.02
2007-03-24,no hay direccion,0.37,0.03,0.18,0.41,0.01,0.24,0.24
2007-03-25,no hay direccion,0.35,0.08,0.1,0.49,0.1,0.32,0.47
2007-03-26,no hay direccion,0.38,0.19,0.43,0.37,0.14,0.31,0.37
2007-03-27,no hay direccion,0.29,0.17,0.47,0.19,0.33,0.12,0.12
2007-03-28,no hay direccion,0.02,0.26,0.2,0.11,0.2,0.29,0.36
2007-03-29,no hay direccion,0.34,0.37,0.16,0.34,0.02,0.3,0.37
2007-03-30,no hay direccion,0.12,0.49,0.45,0.4,0.47,0.29,0.01
2007-03-31,no hay direccion,0.1,0.32,0.31,0.12,0.12,0.03,0.35
2007-04-01,no hay direccion,0.23,0.41,0.47,0.48,0.21,0.0,0.13
2007-04-02,no hay direccion,0.45,0.5,0.25,0.44,0.36,0.32,0.41
2007-04-03,no hay direccion,0.44,0.17,0.19,0.13,0.24,0.13,0.14
2007-04-04,no hay direccion,0.49,0.5,0.14,0.25,0.34,0.35,0.11
2007-04-05,no hay direccion,0.31,0.39,0.22,0.23,0.04,0.13,0.48
2007-04-06,no hay direccion,0.12,0.03,0.33,0.27,0.05,0.17,0.07
2007-04-07,no hay direccion,0.1,0.21,0.26,0.29,0.27,0.18,0.23
2007-04-08,no hay direccion,0.37,0.23,0.17,0.16,0.1,0.26,0.34
2007-04-09,no hay direccion,0.45,0.31,0.06,0.27,0.03,0.27,0.04
2007-04-10,no hay direccion,0.33,0.37,0.46,0.24,0.26,0.06,0.34
2007-04-11,no hay direccion,0.44,0.41,0.31,0.2,0.27,0.17,0.01
2007-04-12,no hay direccion,0.02,0.13,0.32,0.16,0.28,0.0,0.27
2007-04-13,no hay direccion,0.09,0.34,0.33,0.49,0.15,0.11,0.02
2007-04-14,no hay direccion,0.23,0.49,0.07,0.42,0.2,0.14,0.43
2007-04-15,no hay direccion,0.44,0.38,0.16,0.43,0.04,0.19,0.42
2007-04-16,no hay direccion,0.25,0.44,0.43,0.41,0.5,0.03,0.03
2007-04-17,no hay direccion,0.2,0.26,0.16,0.28,0.04,0.14,0.47
2007-04-18,no hay direccion,0.39,0.28,0.35,0.36,0.47,0.38,0.3
2007-04-19,no hay direccion,0.47,0.13,0.43,0.03,0.45,0.27,0.35
2007-04-20,no hay direccion,0.31,0.3,0.05,0.38,0.47,0.22,0.21
2007-04-21,no hay direccion,0.23,0.15,0.46,0.12,0.14,0.42,0.18
2007-04-22,no hay direccion,0.11,0.2,0.06,0.49,0.04,0.42,0.09
2007-04-23,no hay direccion,0.3,0.45,0.43,0.36,0.22,0.21,0.33
2007-04-24,no hay direccion,0.17,0.19,0.28,0.3,0.04,0.1,0.47
2007-04-25,no hay direccion,0.37,0.05,0.35,0.09,0.03,0.31,0.38
2007-04-26,no hay direccion,0.14,0.37,0.25,0.23,0.29,0.05,0.32
2007-04-27,no hay direccion,0.43,0.48,0.37,0.35,0.06,0.35,0.21
2007-04-28,no hay direccion,0.48,0.01,0.17,0.01,0.2,0.1,0.39
2007-04-29,no hay direccion,0.12,0.42,0.37,0.02,0.07,0.39,0.46
2007-04-30,no hay direccion,0.37,0.46,0.32,0.33,0.08,0.28,0.25
2007-05-01,no hay direccion,0.03,0.44,0.07,0.05,0.12,0.28,0.48
2007-05-02,no hay direccion,0.23,0.32,0.47,0.19,0.13,0.12,0.1
2007-05-03,no hay direccion,0.38,0.48,0.04,0.38,0.34,0.29,0.15
2007-05-04,no hay direccion,0.41,0.39,0.12,0.04,0.36,0.15,0.13
2007-05-05,no hay direccion,0.47,0.49,0.05,0.11,0.09,0.14,0.21
2007-05-06,no hay direccion,0.21,0.34,0.19,0.35,0.31,0.07,0.27
2007-05-07,no hay direccion,0.25,0.03,0.49,0.15,0.42,0.46,0.14
2007-05-08,no hay direccion,0.43,0.37,0.01,0.09,0.06,0.44,0.0
2007-05-09,no hay direccion,0.0,0.45,0.07,0.47,0.28,0.18,0.42
2007-05-10,no hay direccion,0.03,0.21,0.25,0.33,0.04,0.31,0.44
2007-05-11,no hay direccion,0.34,0.35,0.42,0.2,0.3,0.42,0.1
2007-05-12,no hay direccion,0.19,0.03,0.13,0.07,0.27,0.28,0.07
2007-05-13,no hay direccion,0.15,0.36,0.33,0.28,0.41,0.05,0.31
2007-05-14,no hay direccion,0.06,0.38,0.46,0.44,0.13,0.08,0.26
2007-05-15,no hay direccion,0.47,0.43,0.43,0.07,0.31,0.0,0.36
2007-05-16,no hay direccion,0.32,0.03,0.22,0.32,0.07,0.3,0.05
2007-05-17,no hay direccion,0.09,0.17,0.48,0.29,0.32,0.27,0.37
2007-05-18,no hay direccion,0.17,0.05,0.46,0.16,0.35,0.16,0.42
2007-05-19,no hay direccion,0.33,0.39,0.35,0.35,0.03,0.18,0.29
2007-05-20,no hay direccion,0.38,0.21,0.33,0.38,0.47,0.04,0.47
2007-05-21,no hay direccion,0.19,0.43,0.11,0.33,0.1,0.29,0.37
2007-05-22,no hay direccion,0.11,0.42,0.25,0.37,0.26,0.24,0.41
2007-05-23,no hay direccion,0.03,0.16,0.49,0.05,0.27,0.4,0.47
2007-05-24,no hay direccion,0.42,0.23,0.49,0.13,0.12,0.35,0.35
2007-05-25,no hay direccion,0.24,0.49,0.01,0.12,0.07,0.1,0.13
2007-05-26,no hay direccion,0.09,0.09,0.21,0.35,0.39,0.4,0.21
2007-05-27,no hay direccion,0.14,0.47,0.4,0.34,0.15,0.18,0.36
2007-05-28,no hay direccion,0.14,0.42,0.06,0.11,0.03,0.44,0.32
2007-05-29,no hay direccion,0.37,0.09,0.33,0.02,0.36,0.17,0.11
2007-05-30,no hay direccion,0.29,0.29,0.2,0.06,0.1,0.07,0.33
2007-05-31,no hay direccion,0.18,0.04,0.46,0.35,0.46,0.31,0.32
2007-06-01,no hay direccion,0.12,0.2,0.25,0.38,0.22,0.46,0.25
2007-06-02,no hay direccion,0.49,0.15,0.35,0.28,0.45,0.36,0.24
2007-06-03,no hay direccion,0.03,0.43,0.11,0.09,0.06,0.14,0.48
2007-06-04,no hay direccion,0.26,0.3,0.38,0.42,0.32,0.42,0.04
2007-06-05,no hay direccion,0.08,0.35,0.34,0.13,0.18,0.22,0.44
2007-06-06,no hay direccion,0.32,0.37,0.47,0.22,0.26,0.49,0.44
2007-06-07,no hay direccion,0.01,0.34,0.3,0.33,0.18,0.07,0.27
2007-06-08,no hay direccion,0.04,0.12,0.31,0.33,0.3,0.27,0.02
2007-06-09,no hay direccion,0.23,0.41,0.35,0.25,0.2,0.01,0.06
2007-06-10,no hay direccion,0.24,0.27,0.34,0.25,0.04,0.48,0.36
2007-06-11,no hay direccion,0.23,0.44,0.03,0.45,0.23,0.06,0.32
2007-06-12,no hay direccion,0.15,0.41,0.08,0.25,0.15,0.48,0.47
2007-06-13,no hay direccion,0.49,0.47,0.07,0.08,0.17,0.07,0.4
2007-06-14,no hay direccion,0.34,0.19,0.13,0.09,0.25,0.46,0.35
2007-06-15,no hay direccion,0.05,0.19,0.38,0.35,0.47,0.48,0.27
2007-06-16,no hay direccion,0.23,0.14,0.38,0.08,0.07,0.08,0.0
2007-06-17,no hay direccion,0.41,0.17,0.3,0.14,0.24,0.18,0.49
2007-06-18,no hay direccion,0.21,0.28,0.35,0.22,0.31,0.02,0.38
2007-06-19,no hay direccion,0.29,0.38,0.47,0.2,0.17,0.37,0.14
2007-06-20,no hay direccion,0.03,0.27,0.45,0.32,0.37,0.23,0.36
2007-06-21,no hay direccion,0.31,0.05,0.08,0.27,0.39,0.26,0.36
2007-06-22,no hay direccion,0.19,0.34,0.23,0.24,0.12,0.16,0.22
2007-06-23,no hay direccion,0.07,0.04,0.19,0.46,0.1,0.15,0.41
2007-06-24,no hay direccion,0.07,0.1,0.32,0.25,0.21,0.24,0.17
2007-06-25,no hay direccion,0.36,0.41,0.32,0.21,0.15,0.1,0.48
2007-06-26,no hay direccion,0.2,0.06,0.12,0.38,0.03,0.29,0.0
2007-06-27,no hay direccion,0.23,0.21,0.37,0.28,0.29,0.46,0.33
2007-06-28,no hay direccion,0.41,0.12,0.37,0.47,0.26,0.22,0.22
2007-06-29,no hay direccion,0.1,0.32,0.35,0.43,0.22,0.33,0.46
2007-06-30,no hay direccion,0.26,0.01,0.38,0.17,0.45,0.25,0.4
2007-07-01,no hay direccion,0.3,0.14,0.02,0.46,0.23,0.19,0.4
2007-07-02,no hay direccion,0.11,0.13,0.02,0.23,0.29,0.35,0.03
2007-07-03,no hay direccion,0.36,0.08,0.28,0.11,0.11,0.24,0.48
2007-07-04,no hay direccion,0.14,0.37,0.2,0.1,0.4,0.34,0.49
2007-07-05,no hay direccion,0.44,0.49,0.39,0.27,0.2,0.01,0.36
2007-07-06,no hay direccion,0.13,0.18,0.35,0.06,0.34,0.15,0.4
2007-07-07,no hay direccion,0.07,0.33,0.29,0.12,0.04,0.34,0.39
2007-07-08,no hay direccion,0.28,0.45,0.4,0.09,0.08,0.06,0.01
2007-07-09,no hay direccion,0.49,0.33,0.05,0.39,0.1,0.14,0.46
2007-07-10,no hay direccion,0.03,0.11,0.23,0.1,0.08,0.17,0.42
2007-07-11,no hay direccion,0.25,0.07,0.37,0.49,0.24,0.11,0.49
2007-07-12,no hay direccion,0.39,0.46,0.05,0.17,0.2,0.35,0.31
2007-07-13,no hay direccion,0.41,0.49,0.2,0.11,0.08,0.39,0.4
2007-07-14,no hay direccion,0.14,0.29,0.1,0.22,0.15,0.07,0.4
2007-07-15,no hay direccion,0.05,0.09,0.35,0.44,0.02,0.19,0.01
2007-07-16,no hay direccion,0.41,0.42,0.47,0.29,0.41,0.44,0.28
2007-07-17,no hay direccion,0.44,0.32,0.23,0.14,0.43,0.4,0.26
2007-07-18,no hay direccion,0.3,0.16,0.43,0.44,0.32,0.17,0.02
2007-07-19,no hay direccion,0.03,0.05,0.01,0.25,0.19,0.23,0.13
2007-07-20,no hay direccion,0.07,0.4,0.33,0.13,0.19,0.35,0.02
2007-07-21,no hay direccion,0.48,0.27,0.4,0.49,0.19,0.3,0.26
2007-07-22,no hay direccion,0.08,0.05,0.15,0.49,0.37,0.49,0.24
2007-07-23,no hay direccion,0.16,0.4,0.12,0.44,0.1,0.17,0.08
2007-07-24,no hay direccion,0.35,0.1,0.11,0.39,0.06,0.32,0.29
2007-07-25,no hay direccion,0.49,0.1,0.3,0.18,0.35,0.37,0.38
2007-07-26,no hay direccion,0.41,0.22,0.37,0.12,0.39,0.14,0.29
2007-07-27,no hay direccion,0.35,0.06,0.32,0.2,0.1,0.43,0.03
2007-07-28,no hay direccion,0.0,0.41,0.36,0.02,0.33,0.08,0.06
2007-07-29,no hay direccion,0.46,0.25,0.13,0.0,0.17,0.08,0.38
2007-07-30,no hay direccion,0.08,0.34,0.42,0.26,0.44,0.25,0.26
2007-07-31,no hay direccion,0.22,0.02,0.48,0.03,0.24,0.24,0.29
2007-08-01,no hay direccion,0.15,0.36,0.45,0.27,0.28,0.07,0.46
2007-08-02,no hay direccion,0.08,0.46,0.27,0.43,0.17,0.11,0.41
2007-08-03,no hay direccion,0.07,0.24,0.4,0.03,0.34,0.26,0.31
2007-08-04,no hay direccion,0.22,0.46,0.02,0.33,0.06,0.38,0.2
2007-08-05,no hay direccion,0.28,0.19,0.14,0.42,0.47,0.38,0.01
2007-08-06,no hay direccion,0.26,0.33,0.27,0.16,0.38,0.21,0.1
2007-08-07,no hay direccion,0.32,0.34,0.29,0.11,0.45,0.4,0.17
2007-08-08,no hay direccion,0.37,0.23,0.21,0.43,0.37,0.01,0.19
2007-08-09,no hay direccion,0.19,0.26,0.4,0.47,0.1,0.02,0.21
2007-08-10,no hay direccion,0.1,0.39,0.22,0.33,0.47,0.07,0.19
2007-08-11,no hay direccion,0.32,0.04,0.29,0.33,0.32,0.18,0.1
2007-08-12,no hay direccion,0.24,0.49,0.24,0.32,0.35,0.42,0.23
2007-08-13,no hay direccion,0.11,0.03,0.2,0.04,0.31,0.38,0.22
2007-08-14,no hay direccion,0.47,0.12,0.01,0.0,0.13,0.01,0.3
2007-08-15,no hay direccion,0.28,0.23,0.17,0.4,0.0,0.06,0.27
2007-08-16,no hay direccion,0.13,0.45,0.43,0.32,0.1,0.33,0.37
2007-08-17,no hay direccion,0.08,0.03,0.07,0.12,0.12,0.49,0.12
2007-08-18,no hay direccion,0.1,0.42,0.27,0.21,0.27,0.0,0.4
2007-08-19,no hay direccion,0.43,0.03,0.05,0.49,0.43,0.45,0.44
2007-08-20,no hay direccion,0.5,0.0,0.23,0.25,0.15,0.23,0.13
2007-08-21,no hay direccion,0.32,0.21,0.43,0.28,0.07,0.31,0.42
2007-08-22,no hay direccion,0.21,0.04,0.11,0.4,0.02,0.47,0.07
2007-08-23,no hay direccion,0.37,0.3,0.34,0.48,0.29,0.37,0.38
2007-08-24,no hay direccion,0.44,0.22,0.09,0.02,0.31,0.36,0.2
2007-08-25,no hay direccion,0.07,0.46,0.19,0.36,0.49,0.04,0.09
2007-08-26,no hay direccion,0.07,0.21,0.24,0.03,0.25,0.17,0.47
2007-08-27,no hay direccion,0.31,0.41,0.45,0.44,0.26,0.28,0.39
2007-08-28,no hay direccion,0.2,0.35,0.25,0.05,0.15,0.32,0.16
2007-08-29,no hay direccion,0.08,0.48,0.1,0.18,0.38,0.39,0.4
2007-08-30,no hay direccion,0.06,0.25,0.46,0.39,0.41,0.03,0.21
2007-08-31,no hay direccion,0.02,0.42,0.46,0.01,0.46,0.38,0.17
2007-09-01,no hay direccion,0.38,0.1,0.04,0.04,0.13,0.34,0.02
2007-09-02,no hay direccion,0.1,0.23,0.24,0.3,0.06,0.4,0.1
2007-09-03,no hay direccion,0.43,0.37,0.02,0.0,0.3,0.08,0.19
2007-09-04,no hay direccion,0.43,0.07,0.13,0.23,0.41,0.03,0.21
2007-09-05,no hay direccion,0.38,0.41,0.2,0.42,0.01,0.5,0.38
2007-09-06,no hay direccion,0.4,0.38,0.17,0.02,0.3,0.5,0.23
2007-09-07,no hay direccion,0.37,0.26,0.09,0.37,0.17,0.46,0.05
2007-09-08,no hay direccion,0.05,0.14,0.48,0.31,0.13,0.05,0.34
2007-09-09,no hay direccion,0.12,0.08,0.14,0.29,0.2,0.46,0.3
2007-09-10,no hay direccion,0.43,0.2,0.24,0.23,0.19,0.49,0.47
2007-09-11,no hay direccion,0.08,0.26,0.34,0.43,0.46,0.41,0.26
2007-09-12,no hay direccion,0.31,0.46,0.12,0.3,0.02,0.35,0.35
2007-09-13,no hay direccion,0.09,0.32,0.29,0.18,0.03,0.49,0.28
2007-09-14,no hay direccion,0.37,0.32,0.02,0.16,0.1,0.46,0.1
2007-09-15,no hay direccion,0.12,0.41,0.46,0.26,0.4,0.08,0.23
2007-09-16,no hay direccion,0.11,0.33,0.3,0.34,0.38,0.08,0.38
2007-09-17,no hay direccion,0.45,0.33,0.04,0.14,0.01,0.38,0.12
2007-09-18,no hay direccion,0.45,0.42,0.24,0.01,0.41,0.45,0.41
2007-09-19,no hay direccion,0.34,0.31,0.37,0.09,0.23,0.17,0.24
2007-09-20,no hay direccion,0.32,0.11,0.23,0.48,0.03,0.36,0.35
2007-09-21,no hay direccion,0.36,0.11,0.49,0.22,0.08,0.08,0.07
2007-09-22,no hay direccion,0.29,0.36,0.37,0.43,0.27,0.21,0.44
2007-09-23,no hay direccion,0.18,0.04,0.43,0.45,0.36,0.02,0.04
2007-09-24,no hay direccion,0.15,0.11,0.0,0.25,0.15,0.13,0.14
2007-09-25,no hay direccion,0.09,0.35,0.25,0.38,0.01,0.15,0.22
2007-09-26,no hay direccion,0.16,0.33,0.08,0.16,0.37,0.36,0.02
2007-09-27,no hay direccion,0.21,0.14,0.0,0.46,0.28,0.44,0.17
2007-09-28,no hay direccion,0.13,0.03,0.44,0.42,0.25,0.19,0.25
2007-09-29,no hay direccion,0.29,0.12,0.38,0.15,0.2,0.39,0.3
2007-09-30,no hay direccion,0.38,0.48,0.04,0.01,0.26,0.38,0.19
2007-10-01,no hay direccion,0.08,0.08,0.36,0.18,0.25,0.17,0.44
2007-10-02,no hay direccion,0.02,0.47,0.08,0.32,0.42,0.45,0.34
2007-10-03,no hay direccion,0.34,0.39,0.02,0.33,0.29,0.12,0.28
2007-10-04,no hay direccion,0.31,0.47,0.04,0.43,0.32,0.13,0.45
2007-10-05,no hay direccion,0.48,0.19,0.32,0.22,0.19,0.41,0.1
2007-10-06,no hay direccion,0.13,0.5,0.43,0.14,0.03,0.07,0.37
2007-10-07,no hay direccion,0.23,0.26,0.29,0.12,0.36,0.41,0.2
2007-10-08,no hay direccion,0.28,0.25,0.4,0.49,0.4,0.12,0.17
2007-10-09,no hay direccion,0.13,0.43,0.3,0.38,0.4,0.28,0.35
2007-10-10,no hay direccion,0.03,0.18,0.48,0.3,0.25,0.23,0.43
2007-10-11,no hay direccion,0.46,0.22,0.03,0.43,0.05,0.03,0.02
2007-10-12,no hay direccion,0.5,0.14,0.47,0.46,0.29,0.33,0.04
2007-10-13,no hay direccion,0.02,0.46,0.12,0.05,0.16,0.09,0.17
2007-10-14,no hay direccion,0.31,0.21,0.05,0.46,0.05,0.42,0.02
2007-10-15,no hay direccion,0.28,0.02,0.3,0.44,0.48,0.1,0.04
2007-10-16,no hay direccion,0.26,0.24,0.09,0.33,0.47,0.41,0.21
2007-10-17,no hay direccion,0.43,0.24,0.27,0.17,0.05,0.01,0.42
2007-10-18,no hay direccion,0.35,0.24,0.1,0.44,0.41,0.01,0.18
2007-10-19,no hay direccion,0.05,0.04,0.01,0.46,0.38,0.4,0.4
2007-10-20,no hay direccion,0.48,0.49,0.01,0.38,0.49,0.01,0.38
2007-10-21,no hay direccion,0.15,0.29,0.36,0.2,0.1,0.21,0.25
2007-10-22,no hay direccion,0.01,0.35,0.23,0.26,0.19,0.1,0.5
2007-10-23,no hay direccion,0.02,0.02,0.49,0.5,0.4,0.34,0.43
2007-10-24,no hay direccion,0.03,0.47,0.06,0.25,0.4,0.15,0.15
2007-10-25,no hay direccion,0.34,0.24,0.3,0.03,0.19,0.07,0.23
2007-10-26,no hay direccion,0.44,0.19,0.5,0.29,0.17,0.24,0.29
2007-10-27,no hay direccion,0.33,0.01,0.39,0.23,0.45,0.32,0.24
2007-10-28,no hay direccion,0.14,0.05,0.27,0.3,0.36,0.07,0.17
2007-10-29,no hay direccion,0.01,0.14,0.31,0.34,0.04,0.19,0.25
2007-10-30,no hay direccion,0.22,0.19,0.27,0.15,0.19,0.47,0.24
2007-10-31,no hay direccion,0.13,0.46,0.25,0.16,0.43,0.16,0.33
2007-11-01,no hay direccion,0.25,0.15,0.19,0.31,0.07,0.1,0.44
2007-11-02,no hay direccion,0.2,0.14,0.27,0.3,0.41,0.37,0.47
2007-11-03,no hay direccion,0.01,0.28,0.01,0.46,0.5,0.48,0.49
2007-11-04,no hay direccion,0.34,0.21,0.16,0.22,0.19,0.33,0.06
2007-11-05,no hay direccion,0.2,0.24,0.12,0.42,0.41,0.09,0.27
2007-11-06,no hay direccion,0.2,0.36,0.42,0.05,0.19,0.31,0.31
2007-11-07,no hay direccion,0.01,0.33,0.03,0.41,0.3,0.23,0.02
2007-11-08,no hay direccion,0.17,0.44,0.15,0.17,0.17,0.36,0.32
2007-11-09,no hay direccion,0.01,0.23,0.15,0.47,0.1,0.12,0.24
2007-11-10,no hay direccion,0.45,0.48,0.39,0.23,0.25,0.36,0.05
2007-11-11,no hay direccion,0.31,0.07,0.48,0.43,0.3,0.22,0.03
2007-11-12,no hay direccion,0.13,0.44,0.03,0.37,0.14,0.17,0.06
2007-11-13,no hay direccion,0.06,0.21,0.36,0.1,0.33,0.23,0.1
2007-11-14,no hay direccion,0.1,0.22,0.23,0.3,0.38,0.46,0.12
2007-11-15,no hay direccion,0.28,0.21,0.19,0.34,0.38,0.4,0.07
2007-11-16,no hay direccion,0.33,0.17,0.29,0.14,0.12,0.43,0.31
2007-11-17,no hay direccion,0.18,0.39,0.18,0.29,0.18,0.44,0.41
2007-11-18,no hay direccion,0.39,0.49,0.08,0.23,0.36,0.02,0.28
2007-11-19,no hay direccion,0.21,0.24,0.02,0.17,0.4,0.02,0.11
2007-11-20,no hay direccion,0.23,0.17,0.03,0.29,0.01,0.04,0.1
2007-11-21,cotahuma,0.17,0.14,0.48,0.42,0.06,0.7,0.13
2007-11-21,zona max paredes,0.23,0.32,0.1,0.09,0.49,0.86,0.24
2007-11-21,zona sur,0.43,0.09,0.01,0.13,0.17,0.58,0.15
2007-11-22,no hay direccion,0.16,0.19,0.11,0.41,0.43,0.02,0.34
2007-11-23,no hay direccion,0.34,0.03,0.16,0.4,0.02,0.48,0.44
2007-11-24,no hay direccion,0.08,0.07,0.14,0.43,0.17,0.46,0.4
2007-11-25,no hay direccion,0.18,0.44,0.27,0.2,0.21,0.33,0.07
2007-11-26,no hay direccion,0.34,0.2,0.17,0.18,0.48,0.48,0.45
2007-11-27,no hay direccion,0.22,0.31,0.21,0.18,0.29,0.34,0.1
2007-11-28,no hay direccion,0.29,0.33,0.22,0.18,0.42,0.38,0.31
2007-11-29,no hay direccion,0.33,0.04,0.02,0.47,0.13,0.07,0.35
2007-11-30,no hay direccion,0.12,0.35,0.1,0.16,0.34,0.48,0.47
2007-12-01,no hay direccion,0.26,0.29,0.17,0.09,0.15,0.12,0.35
2007-12-02,no hay direccion,0.13,0.01,0.43,0.16,0.34,0.23,0.1
2007-12-03,no hay direccion,0.0,0.23,0.05,0.32,0.48,0.34,0.19
2007-12-04,no hay direccion,0.36,0.17,0.31,0.1,0.49,0.47,0.46
2007-12-05,no hay direccion,0.15,0.11,0.02,0.33,0.17,0.19,0.11
2007-12-06,no hay direccion,0.1,0.06,0.32,0.13,0.01,0.22,0.12
2007-12-07,no hay direccion,0.45,0.03,0.13,0.23,0.23,0.33,0.08
2007-12-08,no hay direccion,0.46,0.09,0.17,0.2,0.14,0.2,0.2
2007-12-09,no hay direccion,0.19,0.49,0.11,0.04,0.07,0.15,0.37
2007-12-10,no hay direccion,0.19,0.15,0.13,0.12,0.37,0.12,0.49
2007-12-11,no hay direccion,0.4,0.37,0.25,0.37,0.11,0.37,0.04
2007-12-12,no hay direccion,0.38,0.25,0.29,0.35,0.36,0.34,0.05
2007-12-13,no hay direccion,0.11,0.41,0.21,0.04,0.37,0.21,0.07
2007-12-14,no hay direccion,0.37,0.04,0.21,0.02,0.07,0.13,0.3
2007-12-15,no hay direccion,0.16,0.18,0.03,0.05,0.3,0.22,0.47
2007-12-16,no hay direccion,0.11,0.27,0.12,0.05,0.01,0.32,0.45
2007-12-17,no hay direccion,0.28,0.36,0.06,0.36,0.37,0.3,0.38
2007-12-18,no hay direccion,0.39,0.35,0.32,0.44,0.06,0.11,0.4
2007-12-19,no hay direccion,0.31,0.12,0.49,0.44,0.09,0.22,0.36
2007-12-20,no hay direccion,0.42,0.03,0.02,0.39,0.5,0.21,0.15
2007-12-21,no hay direccion,0.36,0.29,0.13,0.15,0.18,0.02,0.47
2007-12-22,no hay direccion,0.06,0.43,0.22,0.22,0.47,0.49,0.0
2007-12-23,no hay direccion,0.44,0.09,0.23,0.41,0.36,0.1,0.05
2007-12-24,no hay direccion,0.32,0.22,0.07,0.4,0.27,0.26,0.13
2007-12-25,no hay direccion,0.41,0.06,0.02,0.19,0.28,0.48,0.32
2007-12-26,no hay direccion,0.02,0.03,0.33,0.24,0.32,0.29,0.5
2007-12-27,no hay direccion,0.43,0.25,0.41,0.12,0.4,0.23,0.3
2007-12-28,no hay direccion,0.33,0.14,0.19,0.47,0.27,0.23,0.0
2007-12-29,no hay direccion,0.11,0.32,0.04,0.24,0.08,0.48,0.25
2007-12-30,no hay direccion,0.03,0.28,0.01,0.32,0.03,0.16,0.24
2007-12-31,no hay direccion,0.17,0.14,0.08,0.41,0.13,0.36,0.3
2008-01-01,no hay direccion,0.07,0.02,0.47,0.07,0.27,0.43,0.49
2008-01-02,no hay direccion,0.32,0.11,0.35,0.35,0.16,0.2,0.09
2008-01-03,no hay direccion,0.13,0.23,0.06,0.44,0.24,0.37,0.19
2008-01-04,no hay direccion,0.03,0.14,0.4,0.29,0.09,0.21,0.49
2008-01-05,no hay direccion,0.42,0.06,0.11,0.43,0.45,0.16,0.38
2008-01-06,no hay direccion,0.33,0.33,0.19,0.07,0.41,0.02,0.27
2008-01-07,no hay direccion,0.34,0.15,0.11,0.13,0.35,0.44,0.42
2008-01-08,no hay direccion,0.23,0.12,0.17,0.16,0.43,0.42,0.23
2008-01-09,no hay direccion,0.4,0.12,0.05,0.35,0.23,0.26,0.31
2008-01-10,no hay direccion,0.06,0.27,0.11,0.03,0.23,0.04,0.13
2008-01-11,no hay direccion,0.24,0.03,0.49,0.24,0.2,0.11,0.46
2008-01-12,no hay direccion,0.23,0.36,0.25,0.19,0.31,0.36,0.02
2008-01-13,no hay direccion,0.45,0.47,0.04,0.25,0.08,0.22,0.43
2008-01-14,no hay direccion,0.16,0.15,0.45,0.31,0.39,0.13,0.02
2008-01-15,no hay direccion,0.08,0.25,0.41,0.11,0.09,0.19,0.01
2008-01-16,no hay direccion,0.48,0.25,0.47,0.5,0.03,0.5,0.43
2008-01-17,no hay direccion,0.49,0.07,0.33,0.27,0.41,0.03,0.08
2008-01-18,no hay direccion,0.18,0.49,0.45,0.49,0.11,0.23,0.43
2008-01-19,no hay direccion,0.2,0.17,0.29,0.25,0.45,0.41,0.17
2008-01-20,no hay direccion,0.19,0.1,0.34,0.47,0.27,0.47,0.1
2008-01-21,no hay direccion,0.31,0.12,0.22,0.39,0.48,0.5,0.48
2008-01-22,no hay direccion,0.15,0.35,0.01,0.21,0.24,0.13,0.15
2008-01-23,el rosal-llojeta,0.24,0.21,0.36,0.64,0.13,0.12,0.24
2008-01-24,no hay direccion,0.17,0.21,0.05,0.41,0.22,0.22,0.25
2008-01-25,jampaturi,0.34,0.09,0.78,0.24,0.18,0.15,0.43
2008-01-26,no hay direccion,0.41,0.19,0.48,0.12,0.03,0.15,0.43
2008-01-27,no hay direccion,0.06,0.27,0.18,0.45,0.25,0.03,0.02
2008-01-28,zona alto las delicias,0.37,0.92,0.46,0.35,0.04,0.48,0.26
2008-01-28,zona kupini,0.46,0.1,0.43,0.71,0.25,0.15,0.28
2008-01-29,no hay direccion,0.07,0.24,0.49,0.1,0.46,0.11,0.04
2008-01-30,no hay direccion,0.34,0.49,0.41,0.37,0.06,0.37,0.2
2008-01-31,no hay direccion,0.29,0.35,0.3,0.05,0.44,0.36,0.38
2008-02-01,avenida periferica,0.48,0.18,0.27,0.74,0.15,0.36,0.0
2008-02-02,no hay direccion,0.33,0.12,0.38,0.49,0.48,0.5,0.43
2008-02-03,no hay direccion,0.18,0.38,0.49,0.24,0.27,0.18,0.45
2008-02-04,no hay direccion,0.02,0.45,0.33,0.07,0.3,0.38,0.13
2008-02-05,no hay direccion,0.35,0.07,0.45,0.25,0.11,0.11,0.42
2008-02-06,no hay direccion,0.09,0.3,0.03,0.08,0.18,0.2,0.21
2008-02-07,no hay direccion,0.22,0.49,0.05,0.13,0.5,0.49,0.19
2008-02-08,no hay direccion,0.35,0.17,0.29,0.49,0.18,0.2,0.21
2008-02-09,no hay direccion,0.04,0.3,0.15,0.31,0.1,0.48,0.25
2008-02-10,no hay direccion,0.09,0.03,0.49,0.12,0.08,0.49,0.29
2008-02-11,no hay direccion,0.31,0.18,0.36,0.46,0.47,0.02,0.12
2008-02-12,no hay direccion,0.19,0.28,0.14,0.09,0.42,0.17,0.45
2008-02-13,no hay direccion,0.38,0.14,0.46,0.47,0.24,0.22,0.4
2008-02-14,no hay direccion,0.41,0.23,0.24,0.36,0.2,0.03,0.18
2008-02-15,ciudadela ferroviaria,0.44,0.24,0.03,0.59,0.35,0.1,0.48
2008-02-16,no hay direccion,0.3,0.46,0.23,0.22,0.13,0.5,0.28
2008-02-17,no hay direccion,0.15,0.3,0.47,0.2,0.12,0.45,0.38
2008-02-18,no hay direccion,0.34,0.41,0.08,0.07,0.19,0.17,0.3
2008-02-19,no hay direccion,0.3,0.15,0.5,0.0,0.12,0.32,0.46
2008-02-20,no hay direccion,0.47,0.02,0.26,0.05,0.28,0.26,0.08
2008-02-21,no hay direccion,0.1,0.06,0.11,0.28,0.36,0.43,0.34
2008-02-22,no hay direccion,0.04,0.12,0.04,0.43,0.1,0.39,0.13
2008-02-23,no hay direccion,0.5,0.34,0.22,0.16,0.44,0.2,0.08
2008-02-24,no hay direccion,0.4,0.16,0.2,0.07,0.1,0.17,0.34
2008-02-25,no hay direccion,0.43,0.04,0.3,0.06,0.01,0.43,0.43
2008-02-26,no hay direccion,0.31,0.25,0.01,0.42,0.08,0.5,0.29
2008-02-27,no hay direccion,0.13,0.36,0.43,0.04,0.05,0.12,0.1
2008-02-28,no hay direccion,0.12,0.34,0.29,0.07,0.09,0.47,0.32
2008-02-29,no hay direccion,0.06,0.36,0.07,0.47,0.08,0.14,0.02
2008-03-01,no hay direccion,0.3,0.34,0.48,0.4,0.0,0.44,0.14
2008-03-02,no hay direccion,0.32,0.05,0.17,0.04,0.13,0.04,0.32
2008-03-03,no hay direccion,0.28,0.36,0.19,0.28,0.19,0.19,0.44
2008-03-04,no hay direccion,0.31,0.03,0.19,0.21,0.28,0.42,0.3
2008-03-05,no hay direccion,0.38,0.31,0.44,0.44,0.16,0.43,0.08
2008-03-06,no hay direccion,0.32,0.37,0.3,0.3,0.1,0.48,0.2
2008-03-07,no hay direccion,0.43,0.03,0.38,0.1,0.31,0.32,0.13
2008-03-08,no hay direccion,0.24,0.38,0.41,0.49,0.47,0.02,0.39
2008-03-09,no hay direccion,0.47,0.41,0.49,0.24,0.44,0.41,0.04
2008-03-10,no hay direccion,0.34,0.43,0.46,0.3,0.33,0.22,0.16
2008-03-11,no hay direccion,0.05,0.49,0.24,0.09,0.1,0.47,0.48
2008-03-12,no hay direccion,0.25,0.02,0.14,0.14,0.35,0.09,0.27
2008-03-13,no hay direccion,0.08,0.27,0.39,0.43,0.14,0.23,0.4
2008-03-14,no hay direccion,0.18,0.22,0.36,0.07,0.33,0.33,0.26
2008-03-15,no hay direccion,0.38,0.19,0.17,0.45,0.46,0.26,0.26
2008-03-16,no hay direccion,0.13,0.1,0.01,0.05,0.43,0.36,0.46
2008-03-17,no hay direccion,0.05,0.23,0.05,0.28,0.47,0.21,0.05
2008-03-18,no hay direccion,0.42,0.31,0.38,0.09,0.06,0.45,0.42
2008-03-19,no hay direccion,0.32,0.4,0.14,0.36,0.19,0.32,0.37
2008-03-20,no hay direccion,0.06,0.41,0.15,0.21,0.46,0.13,0.48
2008-03-21,no hay direccion,0.47,0.18,0.13,0.36,0.18,0.1,0.36
2008-03-22,no hay direccion,0.28,0.37,0.02,0.47,0.17,0.45,0.1
2008-03-23,no hay direccion,0.15,0.04,0.1,0.25,0.27,0.42,0.28
2008-03-24,no hay direccion,0.41,0.07,0.06,0.14,0.23,0.08,0.08
2008-03-25,no hay direccion,0.25,0.11,0.34,0.21,0.04,0.2,0.39
2008-03-26,no hay direccion,0.0,0.38,0.32,0.33,0.19,0.42,0.33
2008-03-27,no hay direccion,0.14,0.15,0.33,0.43,0.11,0.41,0.43
2008-03-28,no hay direccion,0.08,0.5,0.18,0.4,0.02,0.46,0.12
2008-03-29,no hay direccion,0.16,0.31,0.05,0.08,0.39,0.23,0.23
2008-03-30,alto pampahasi,0.13,0.49,0.46,0.55,0.05,0.19,0.12
2008-03-31,villa armonia,0.13,0.11,0.03,0.47,0.06,0.18,0.03
2008-04-01,no hay direccion,0.05,0.3,0.35,0.23,0.33,0.48,0.42
2008-04-02,no hay direccion,0.04,0.35,0.15,0.07,0.36,0.25,0.02
2008-04-03,no hay direccion,0.15,0.0,0.21,0.47,0.38,0.38,0.39
2008-04-04,autopista,0.14,0.14,0.24,0.63,0.11,0.09,0.37
2008-04-04,avenida buenos aires,0.07,0.45,0.13,0.92,0.28,0.45,0.19
2008-04-05,no hay direccion,0.04,0.46,0.12,0.47,0.19,0.46,0.41
2008-04-06,no hay direccion,0.35,0.39,0.14,0.34,0.04,0.27,0.11
2008-04-07,no hay direccion,0.06,0.01,0.41,0.33,0.41,0.23,0.28
2008-04-08,no hay direccion,0.41,0.19,0.3,0.24,0.15,0.26,0.13
2008-04-09,no hay direccion,0.31,0.0,0.07,0.42,0.42,0.09,0.49
2008-04-10,no hay direccion,0.18,0.18,0.46,0.04,0.08,0.01,0.45
2008-04-11,no hay direccion,0.45,0.29,0.32,0.05,0.28,0.46,0.09
2008-04-12,no hay direccion,0.24,0.4,0.13,0.19,0.12,0.11,0.36
2008-04-13,no hay direccion,0.16,0.41,0.23,0.42,0.13,0.23,0.16
2008-04-14,no hay direccion,0.04,0.16,0.02,0.13,0.01,0.4,0.26
2008-04-15,no hay direccion,0.2,0.15,0.17,0.08,0.17,0.17,0.27
2008-04-16,no hay direccion,0.0,0.46,0.38,0.03,0.2,0.31,0.38
2008-04-17,no hay direccion,0.45,0.11,0.48,0.44,0.36,0.41,0.02
2008-04-18,no hay direccion,0.09,0.47,0.1,0.43,0.48,0.4,0.28
2008-04-19,no hay direccion,0.1,0.37,0.02,0.31,0.39,0.03,0.4
2008-04-20,no hay direccion,0.19,0.32,0.3,0.04,0.31,0.39,0.19
2008-04-21,no hay direccion,0.31,0.08,0.29,0.3,0.08,0.02,0.02
2008-04-22,no hay direccion,0.03,0.28,0.16,0.08,0.28,0.26,0.39
2008-04-23,no hay direccion,0.28,0.35,0.21,0.5,0.12,0.02,0.14
2008-04-24,no hay direccion,0.11,0.34,0.22,0.21,0.02,0.08,0.34
2008-04-25,no hay direccion,0.38,0.07,0.38,0.1,0.35,0.21,0.46
2008-04-26,no hay direccion,0.07,0.18,0.22,0.43,0.44,0.44,0.32
2008-04-27,no hay direccion,0.04,0.4,0.31,0.3,0.17,0.15,0.27
2008-04-28,no hay direccion,0.46,0.22,0.28,0.44,0.03,0.14,0.43
2008-04-29,no hay direccion,0.1,0.12,0.11,0.4,0.26,0.03,0.25
2008-04-30,no hay direccion,0.17,0.41,0.45,0.25,0.04,0.18,0.09
2008-05-01,no hay direccion,0.09,0.36,0.45,0.47,0.48,0.36,0.06
2008-05-02,no hay direccion,0.42,0.29,0.17,0.23,0.47,0.24,0.37
2008-05-03,no hay direccion,0.01,0.04,0.5,0.18,0.09,0.28,0.41
2008-05-04,no hay direccion,0.37,0.3,0.08,0.36,0.49,0.08,0.41
2008-05-05,no hay direccion,0.19,0.06,0.22,0.47,0.26,0.42,0.38
2008-05-06,no hay direccion,0.44,0.3,0.47,0.3,0.09,0.14,0.29
2008-05-07,no hay direccion,0.02,0.26,0.18,0.37,0.28,0.19,0.3
2008-05-08,no hay direccion,0.23,0.47,0.11,0.35,0.46,0.32,0.24
2008-05-09,no hay direccion,0.24,0.41,0.17,0.15,0.2,0.11,0.21
2008-05-10,no hay direccion,0.29,0.27,0.44,0.06,0.1,0.45,0.46
2008-05-11,no hay direccion,0.14,0.34,0.46,0.47,0.11,0.3,0.23
2008-05-12,no hay direccion,0.41,0.16,0.27,0.23,0.14,0.28,0.49
2008-05-13,no hay direccion,0.4,0.07,0.43,0.18,0.5,0.17,0.45
2008-05-14,no hay direccion,0.04,0.07,0.39,0.11,0.1,0.16,0.03
2008-05-15,no hay direccion,0.25,0.31,0.26,0.42,0.5,0.49,0.22
2008-05-16,no hay direccion,0.18,0.31,0.48,0.27,0.24,0.46,0.41
2008-05-17,no hay direccion,0.25,0.18,0.43,0.35,0.14,0.31,0.47
2008-05-18,no hay direccion,0.0,0.16,0.46,0.12,0.2,0.26,0.06
2008-05-19,no hay direccion,0.22,0.24,0.11,0.11,0.37,0.36,0.03
2008-05-20,no hay direccion,0.27,0.13,0.4,0.42,0.04,0.16,0.34
2008-05-21,no hay direccion,0.26,0.24,0.42,0.49,0.15,0.43,0.38
2008-05-22,no hay direccion,0.14,0.37,0.33,0.3,0.46,0.23,0.25
2008-05-23,no hay direccion,0.1,0.38,0.08,0.32,0.03,0.29,0.19
2008-05-24,no hay direccion,0.37,0.26,0.05,0.06,0.46,0.25,0.19
2008-05-25,no hay direccion,0.38,0.48,0.47,0.36,0.24,0.46,0.14
2008-05-26,no hay direccion,0.36,0.28,0.4,0.38,0.06,0.05,0.09
2008-05-27,no hay direccion,0.22,0.11,0.28,0.36,0.31,0.22,0.37
2008-05-28,no hay direccion,0.49,0.46,0.12,0.14,0.16,0.32,0.05
2008-05-29,no hay direccion,0.33,0.35,0.38,0.31,0.1,0.44,0.2
2008-05-30,no hay direccion,0.31,0.26,0.09,0.5,0.22,0.45,0.18
2008-05-31,no hay direccion,0.45,0.01,0.42,0.07,0.38,0.02,0.48
2008-06-01,no hay direccion,0.24,0.48,0.17,0.21,0.05,0.43,0.16
2008-06-02,no hay direccion,0.43,0.32,0.05,0.32,0.25,0.36,0.13
2008-06-03,no hay direccion,0.14,0.49,0.07,0.21,0.36,0.33,0.13
2008-06-04,no hay direccion,0.39,0.34,0.5,0.06,0.09,0.41,0.41
2008-06-05,no hay direccion,0.33,0.42,0.34,0.43,0.29,0.26,0.27
2008-06-06,no hay direccion,0.23,0.2,0.33,0.3,0.45,0.03,0.17
2008-06-07,no hay direccion,0.13,0.04,0.36,0.5,0.01,0.35,0.04
2008-06-08,no hay direccion,0.46,0.02,0.49,0.05,0.12,0.16,0.46
2008-06-09,no hay direccion,0.43,0.23,0.11,0.08,0.49,0.11,0.13
2008-06-10,no hay direccion,0.26,0.14,0.11,0.32,0.06,0.1,0.41
2008-06-11,no hay direccion,0.11,0.17,0.13,0.29,0.17,0.05,0.05
2008-06-12,no hay direccion,0.48,0.4,0.5,0.26,0.11,0.36,0.49
2008-06-13,no hay direccion,0.25,0.21,0.24,0.38,0.17,0.04,0.35
2008-06-14,no hay direccion,0.06,0.21,0.05,0.16,0.1,0.17,0.33
2008-06-15,no hay direccion,0.5,0.33,0.36,0.01,0.39,0.5,0.21
2008-06-16,no hay direccion,0.22,0.16,0.23,0.3,0.05,0.18,0.34
2008-06-17,no hay direccion,0.28,0.2,0.16,0.2,0.36,0.26,0.3
2008-06-18,no hay direccion,0.28,0.29,0.46,0.36,0.04,0.48,0.25
2008-06-19,no hay direccion,0.19,0.5,0.0,0.3,0.29,0.41,0.27
2008-06-20,no hay direccion,0.04,0.19,0.29,0.26,0.36,0.19,0.38
2008-06-21,no hay direccion,0.34,0.31,0.02,0.13,0.21,0.22,0.43
2008-06-22,no hay direccion,0.39,0.19,0.43,0.18,0.35,0.06,0.38
2008-06-23,no hay direccion,0.08,0.06,0.32,0.08,0.31,0.01,0.47
2008-06-24,no hay direccion,0.06,0.1,0.09,0.43,0.04,0.34,0.01
2008-06-25,no hay direccion,0.16,0.33,0.34,0.34,0.21,0.43,0.45
2008-06-26,no hay direccion,0.1,0.43,0.15,0.05,0.09,0.46,0.23
2008-06-27,no hay direccion,0.04,0.22,0.36,0.4,0.04,0.04,0.29
2008-06-28,no hay direccion,0.12,0.45,0.18,0.38,0.28,0.03,0.26
2008-06-29,no hay direccion,0.01,0.04,0.45,0.26,0.3,0.07,0.14
2008-06-30,no hay direccion,0.49,0.32,0.03,0.23,0.39,0.2,0.29
2008-07-01,no hay direccion,0.08,0.2,0.35,0.03,0.2,0.27,0.24
2008-07-02,no hay direccion,0.14,0.45,0.1,0.14,0.48,0.26,0.36
2008-07-03,no hay direccion,0.31,0.44,0.46,0.07,0.41,0.37,0.08
2008-07-04,no hay direccion,0.33,0.28,0.03,0.41,0.41,0.49,0.04
2008-07-05,no hay direccion,0.2,0.46,0.46,0.45,0.13,0.16,0.06
2008-07-06,no hay direccion,0.34,0.42,0.41,0.17,0.16,0.19,0.15
2008-07-07,no hay direccion,0.07,0.36,0.49,0.45,0.42,0.4,0.11
2008-07-08,no hay direccion,0.3,0.47,0.04,0.12,0.08,0.19,0.29
2008-07-09,no hay direccion,0.26,0.22,0.4,0.09,0.5,0.39,0.23
2008-07-10,no hay direccion,0.5,0.18,0.03,0.15,0.24,0.32,0.19
2008-07-11,no hay direccion,0.18,0.31,0.09,0.22,0.31,0.08,0.02
2008-07-12,no hay direccion,0.14,0.12,0.37,0.42,0.38,0.36,0.34
2008-07-13,no hay direccion,0.46,0.16,0.11,0.0,0.47,0.28,0.09
2008-07-14,no hay direccion,0.04,0.1,0.36,0.27,0.04,0.14,0.08
2008-07-15,no hay direccion,0.33,0.18,0.12,0.16,0.32,0.27,0.5
2008-07-16,no hay direccion,0.46,0.24,0.34,0.38,0.24,0.24,0.29
2008-07-17,no hay direccion,0.31,0.09,0.38,0.04,0.27,0.24,0.4
2008-07-18,no hay direccion,0.36,0.38,0.37,0.22,0.14,0.42,0.36
2008-07-19,no hay direccion,0.04,0.47,0.46,0.26,0.38,0.2,0.37
2008-07-20,no hay direccion,0.34,0.39,0.21,0.11,0.08,0.0,0.05
2008-07-21,no hay direccion,0.35,0.42,0.38,0.38,0.24,0.37,0.38
2008-07-22,no hay direccion,0.32,0.27,0.43,0.3,0.38,0.31,0.17
2008-07-23,no hay direccion,0.05,0.06,0.49,0.06,0.38,0.04,0.12
2008-07-24,no hay direccion,0.3,0.29,0.32,0.49,0.04,0.07,0.45
2008-07-25,no hay direccion,0.21,0.31,0.27,0.11,0.07,0.36,0.29
2008-07-26,no hay direccion,0.28,0.12,0.25,0.46,0.35,0.46,0.03
2008-07-27,no hay direccion,0.44,0.44,0.34,0.26,0.02,0.23,0.35
2008-07-28,no hay direccion,0.28,0.07,0.42,0.12,0.43,0.1,0.03
2008-07-29,no hay direccion,0.28,0.06,0.21,0.37,0.22,0.32,0.32
2008-07-30,no hay direccion,0.47,0.02,0.38,0.08,0.41,0.17,0.4
2008-07-31,no hay direccion,0.36,0.41,0.01,0.31,0.15,0.09,0.33
2008-08-01,no hay direccion,0.25,0.22,0.34,0.36,0.49,0.36,0.01
2008-08-02,no hay direccion,0.26,0.07,0.13,0.45,0.03,0.09,0.16
2008-08-03,no hay direccion,0.36,0.26,0.02,0.0,0.38,0.26,0.31
2008-08-04,no hay direccion,0.33,0.0,0.14,0.41,0.19,0.0,0.14
2008-08-05,no hay direccion,0.07,0.31,0.48,0.46,0.37,0.23,0.36
2008-08-06,no hay direccion,0.47,0.43,0.28,0.27,0.28,0.43,0.05
2008-08-07,no hay direccion,0.43,0.13,0.06,0.14,0.47,0.2,0.45
2008-08-08,no hay direccion,0.45,0.29,0.27,0.09,0.4,0.43,0.32
2008-08-09,no hay direccion,0.39,0.1,0.3,0.1,0.0,0.33,0.47
2008-08-10,no hay direccion,0.27,0.5,0.16,0.33,0.0,0.11,0.4
2008-08-11,no hay direccion,0.17,0.04,0.29,0.02,0.05,0.42,0.02
2008-08-12,no hay direccion,0.14,0.44,0.45,0.04,0.27,0.07,0.24
2008-08-13,no hay direccion,0.07,0.03,0.05,0.15,0.07,0.03,0.45
2008-08-14,no hay direccion,0.24,0.2,0.36,0.2,0.06,0.36,0.41
2008-08-15,no hay direccion,0.12,0.04,0.11,0.06,0.4,0.36,0.44
2008-08-16,no hay direccion,0.31,0.47,0.28,0.22,0.37,0.22,0.06
2008-08-17,no hay direccion,0.32,0.37,0.4,0.14,0.37,0.43,0.36
2008-08-18,no hay direccion,0.44,0.06,0.1,0.14,0.34,0.31,0.2
2008-08-19,no hay direccion,0.2,0.27,0.35,0.43,0.23,0.03,0.17
2008-08-20,no hay direccion,0.23,0.37,0.37,0.47,0.17,0.22,0.49
2008-08-21,no hay direccion,0.22,0.45,0.46,0.49,0.16,0.42,0.09
2008-08-22,no hay direccion,0.4,0.41,0.31,0.13,0.12,0.24,0.37
2008-08-23,no hay direccion,0.34,0.24,0.1,0.19,0.06,0.13,0.34
2008-08-24,no hay direccion,0.38,0.45,0.39,0.17,0.42,0.16,0.37
2008-08-25,no hay direccion,0.01,0.09,0.31,0.31,0.36,0.5,0.13
2008-08-26,no hay direccion,0.37,0.07,0.3,0.28,0.47,0.3,0.47
2008-08-27,no hay direccion,0.15,0.34,0.47,0.12,0.4,0.46,0.19
2008-08-28,no hay direccion,0.25,0.16,0.43,0.01,0.44,0.05,0.39
2008-08-29,no hay direccion,0.37,0.39,0.44,0.44,0.2,0.04,0.42
2008-08-30,no hay direccion,0.22,0.39,0.11,0.27,0.18,0.07,0.25
2008-08-31,no hay direccion,0.09,0.33,0.27,0.43,0.12,0.19,0.23
2008-09-01,no hay direccion,0.35,0.05,0.28,0.33,0.49,0.17,0.01
2008-09-02,no hay direccion,0.29,0.48,0.22,0.3,0.34,0.38,0.18
2008-09-03,no hay direccion,0.49,0.45,0.31,0.4,0.14,0.07,0.34
2008-09-04,no hay direccion,0.02,0.48,0.02,0.34,0.23,0.27,0.19
2008-09-05,no hay direccion,0.46,0.28,0.35,0.4,0.13,0.19,0.43
2008-09-06,no hay direccion,0.3,0.15,0.23,0.01,0.39,0.13,0.38
2008-09-07,no hay direccion,0.27,0.23,0.13,0.37,0.27,0.04,0.35
2008-09-08,no hay direccion,0.21,0.13,0.13,0.21,0.48,0.4,0.46
2008-09-09,no hay direccion,0.4,0.17,0.09,0.2,0.37,0.46,0.3
2008-09-10,no hay direccion,0.21,0.5,0.04,0.12,0.24,0.22,0.46
2008-09-11,no hay direccion,0.12,0.37,0.42,0.02,0.47,0.48,0.1
2008-09-12,no hay direccion,0.08,0.01,0.31,0.45,0.09,0.23,0.22
2008-09-13,no hay direccion,0.44,0.36,0.06,0.49,0.04,0.27,0.26
2008-09-14,no hay direccion,0.3,0.49,0.49,0.43,0.01,0.46,0.26
2008-09-15,no hay direccion,0.49,0.11,0.04,0.1,0.07,0.11,0.39
2008-09-16,no hay direccion,0.08,0.09,0.37,0.23,0.04,0.37,0.07
2008-09-17,no hay direccion,0.03,0.49,0.21,0.29,0.14,0.32,0.33
2008-09-18,no hay direccion,0.13,0.1,0.4,0.09,0.14,0.4,0.39
2008-09-19,no hay direccion,0.09,0.22,0.29,0.11,0.05,0.22,0.12
2008-09-20,no hay direccion,0.21,0.17,0.28,0.07,0.45,0.43,0.3
2008-09-21,no hay direccion,0.28,0.21,0.49,0.16,0.19,0.3,0.09
2008-09-22,no hay direccion,0.25,0.09,0.44,0.47,0.1,0.15,0.24
2008-09-23,no hay direccion,0.4,0.3,0.41,0.16,0.15,0.23,0.5
2008-09-24,no hay direccion,0.02,0.18,0.08,0.34,0.44,0.38,0.43
2008-09-25,no hay direccion,0.02,0.35,0.3,0.35,0.47,0.06,0.12
2008-09-26,no hay direccion,0.38,0.21,0.34,0.33,0.01,0.38,0.37
2008-09-27,no hay direccion,0.15,0.42,0.04,0.48,0.3,0.01,0.22
2008-09-28,no hay direccion,0.46,0.09,0.07,0.1,0.23,0.16,0.28
2008-09-29,no hay direccion,0.24,0.45,0.22,0.16,0.16,0.42,0.12
2008-09-30,no hay direccion,0.45,0.39,0.39,0.2,0.38,0.22,0.18
2008-10-01,no hay direccion,0.19,0.35,0.49,0.0,0.38,0.5,0.31
2008-10-02,no hay direccion,0.34,0.08,0.46,0.19,0.33,0.36,0.08
2008-10-03,no hay direccion,0.21,0.47,0.15,0.39,0.46,0.15,0.02
2008-10-04,no hay direccion,0.04,0.47,0.04,0.02,0.41,0.14,0.34
2008-10-05,no hay direccion,0.11,0.13,0.34,0.37,0.2,0.14,0.13
2008-10-06,no hay direccion,0.44,0.12,0.26,0.34,0.16,0.3,0.07
2008-10-07,no hay direccion,0.3,0.06,0.46,0.16,0.03,0.15,0.01
2008-10-08,no hay direccion,0.15,0.12,0.43,0.03,0.05,0.2,0.08
2008-10-09,no hay direccion,0.01,0.3,0.14,0.23,0.15,0.04,0.22
2008-10-10,no hay direccion,0.25,0.22,0.44,0.28,0.11,0.36,0.03
2008-10-11,no hay direccion,0.47,0.46,0.28,0.32,0.16,0.29,0.11
2008-10-12,no hay direccion,0.37,0.09,0.28,0.2,0.02,0.37,0.19
2008-10-13,no hay direccion,0.25,0.48,0.21,0.46,0.04,0.24,0.35
2008-10-14,no hay direccion,0.18,0.45,0.02,0.28,0.04,0.36,0.26
2008-10-15,no hay direccion,0.16,0.23,0.36,0.06,0.2,0.17,0.08
2008-10-16,no hay direccion,0.17,0.11,0.46,0.12,0.1,0.5,0.12
2008-10-17,no hay direccion,0.49,0.03,0.38,0.45,0.38,0.39,0.14
2008-10-18,no hay direccion,0.14,0.02,0.05,0.5,0.11,0.22,0.11
2008-10-19,no hay direccion,0.18,0.33,0.23,0.34,0.13,0.4,0.44
2008-10-20,no hay direccion,0.27,0.2,0.14,0.24,0.16,0.29,0.38
2008-10-21,no hay direccion,0.18,0.29,0.46,0.17,0.47,0.31,0.03
2008-10-22,no hay direccion,0.43,0.44,0.5,0.02,0.22,0.31,0.01
2008-10-23,no hay direccion,0.31,0.43,0.26,0.26,0.16,0.26,0.19
2008-10-24,no hay direccion,0.25,0.04,0.26,0.34,0.14,0.36,0.22
2008-10-25,no hay direccion,0.48,0.42,0.24,0.11,0.43,0.46,0.35
2008-10-26,no hay direccion,0.47,0.39,0.2,0.46,0.1,0.18,0.38
2008-10-27,no hay direccion,0.32,0.1,0.32,0.31,0.47,0.39,0.46
2008-10-28,no hay direccion,0.49,0.01,0.13,0.29,0.12,0.1,0.0
2008-10-29,no hay direccion,0.44,0.26,0.26,0.41,0.13,0.48,0.34
2008-10-30,no hay direccion,0.48,0.47,0.2,0.31,0.0,0.28,0.26
2008-10-31,no hay direccion,0.26,0.03,0.45,0.45,0.45,0.44,0.5
2008-11-01,no hay direccion,0.26,0.04,0.05,0.31,0.04,0.43,0.02
2008-11-02,no hay direccion,0.09,0.33,0.2,0.02,0.24,0.18,0.31
2008-11-03,no hay direccion,0.43,0.12,0.24,0.25,0.3,0.48,0.22
2008-11-04,no hay direccion,0.11,0.32,0.37,0.09,0.01,0.4,0.07
2008-11-05,no hay direccion,0.24,0.36,0.32,0.08,0.36,0.16,0.49
2008-11-06,no hay direccion,0.45,0.42,0.08,0.21,0.46,0.13,0.06
2008-11-07,no hay direccion,0.0,0.41,0.4,0.23,0.39,0.46,0.37
2008-11-08,no hay direccion,0.25,0.23,0.38,0.4,0.47,0.17,0.05
2008-11-09,no hay direccion,0.38,0.5,0.01,0.17,0.22,0.23,0.29
2008-11-10,no hay direccion,0.1,0.01,0.1,0.36,0.46,0.16,0.35
2008-11-11,no hay direccion,0.35,0.29,0.41,0.18,0.36,0.25,0.39
2008-11-12,no hay direccion,0.16,0.14,0.23,0.19,0.16,0.33,0.39
2008-11-13,no hay direccion,0.27,0.07,0.26,0.23,0.08,0.26,0.14
2008-11-14,no hay direccion,0.03,0.02,0.43,0.15,0.36,0.25,0.39
2008-11-15,no hay direccion,0.22,0.2,0.49,0.23,0.26,0.32,0.06
2008-11-16,no hay direccion,0.01,0.31,0.4,0.23,0.05,0.47,0.32
2008-11-17,no hay direccion,0.21,0.23,0.04,0.47,0.46,0.03,0.06
2008-11-18,no hay direccion,0.02,0.23,0.09,0.02,0.1,0.03,0.42
2008-11-19,no hay direccion,0.35,0.49,0.14,0.34,0.09,0.21,0.39
2008-11-20,no hay direccion,0.0,0.26,0.49,0.21,0.06,0.03,0.2
2008-11-21,no hay direccion,0.45,0.5,0.31,0.29,0.13,0.09,0.07
2008-11-22,no hay direccion,0.4,0.46,0.47,0.34,0.11,0.1,0.15
2008-11-23,no hay direccion,0.33,0.19,0.19,0.25,0.48,0.23,0.21
2008-11-24,no hay direccion,0.01,0.49,0.3,0.46,0.32,0.38,0.46
2008-11-25,no hay direccion,0.46,0.47,0.08,0.31,0.5,0.48,0.4
2008-11-26,no hay direccion,0.45,0.41,0.47,0.38,0.19,0.22,0.12
2008-11-27,no hay direccion,0.3,0.3,0.37,0.49,0.06,0.2,0.5
2008-11-28,no hay direccion,0.39,0.15,0.43,0.28,0.31,0.36,0.41
2008-11-29,no hay direccion,0.1,0.1,0.01,0.36,0.5,0.3,0.36
2008-11-30,no hay direccion,0.3,0.44,0.35,0.02,0.46,0.43,0.38
2008-12-01,no hay direccion,0.18,0.24,0.36,0.11,0.09,0.16,0.06
2008-12-02,no hay direccion,0.37,0.06,0.16,0.06,0.27,0.03,0.12
2008-12-03,no hay direccion,0.38,0.4,0.24,0.42,0.12,0.08,0.34
2008-12-04,no hay direccion,0.47,0.13,0.36,0.22,0.09,0.45,0.16
2008-12-05,no hay direccion,0.09,0.31,0.19,0.41,0.06,0.47,0.11
2008-12-06,no hay direccion,0.38,0.02,0.07,0.12,0.31,0.15,0.34
2008-12-07,no hay direccion,0.48,0.2,0.12,0.47,0.34,0.28,0.36
2008-12-08,no hay direccion,0.27,0.16,0.41,0.12,0.44,0.46,0.14
2008-12-09,no hay direccion,0.29,0.36,0.27,0.45,0.04,0.32,0.35
2008-12-10,no hay direccion,0.19,0.06,0.23,0.18,0.4,0.37,0.11
2008-12-11,no hay direccion,0.09,0.47,0.17,0.43,0.26,0.46,0.08
2008-12-12,no hay direccion,0.41,0.24,0.32,0.37,0.2,0.37,0.05
2008-12-13,no hay direccion,0.14,0.02,0.24,0.45,0.01,0.34,0.35
2008-12-14,no hay direccion,0.29,0.43,0.25,0.3,0.06,0.09,0.16
2008-12-15,no hay direccion,0.2,0.03,0.32,0.13,0.35,0.14,0.04
2008-12-16,no hay direccion,0.06,0.42,0.36,0.29,0.37,0.13,0.43
2008-12-17,no hay direccion,0.03,0.45,0.24,0.32,0.18,0.04,0.45
2008-12-18,no hay direccion,0.14,0.25,0.16,0.05,0.29,0.16,0.31
2008-12-19,no hay direccion,0.4,0.07,0.31,0.03,0.28,0.24,0.26
2008-12-20,no hay direccion,0.3,0.33,0.2,0.34,0.27,0.37,0.13
2008-12-21,no hay direccion,0.32,0.4,0.07,0.11,0.46,0.46,0.43
2008-12-22,no hay direccion,0.05,0.19,0.24,0.26,0.26,0.36,0.22
2008-12-23,no hay direccion,0.49,0.17,0.39,0.46,0.22,0.17,0.0
2008-12-24,no hay direccion,0.46,0.46,0.37,0.37,0.06,0.11,0.48
2008-12-25,no hay direccion,0.11,0.32,0.31,0.16,0.0,0.44,0.49
2008-12-26,no hay direccion,0.32,0.17,0.36,0.02,0.07,0.06,0.47
2008-12-27,no hay direccion,0.36,0.42,0.35,0.43,0.33,0.04,0.21
2008-12-28,sopocachi,0.25,0.25,0.36,0.26,0.74,0.33,0.3
2008-12-28,zona max paredes,0.26,0.48,0.46,0.43,0.5,0.49,0.11
2008-12-29,no hay direccion,0.37,0.17,0.23,0.38,0.18,0.48,0.19
2008-12-30,no hay direccion,0.31,0.09,0.38,0.08,0.13,0.43,0.24
2008-12-31,no hay direccion,0.06,0.28,0.09,0.22,0.06,0.17,0.23
2009-01-01,no hay direccion,0.32,0.15,0.1,0.45,0.32,0.31,0.47
2009-01-02,no hay direccion,0.11,0.3,0.08,0.34,0.2,0.36,0.45
2009-01-03,no hay direccion,0.42,0.08,0.26,0.18,0.43,0.21,0.22
2009-01-04,no hay direccion,0.45,0.49,0.48,0.42,0.05,0.05,0.49
2009-01-05,no hay direccion,0.23,0.44,0.11,0.22,0.09,0.25,0.16
2009-01-06,no hay direccion,0.17,0.49,0.5,0.43,0.18,0.17,0.08
2009-01-07,no hay direccion,0.2,0.09,0.35,0.45,0.34,0.32,0.07
2009-01-08,no hay direccion,0.42,0.01,0.36,0.19,0.13,0.22,0.21
2009-01-09,no hay direccion,0.47,0.38,0.03,0.32,0.05,0.39,0.21
2009-01-10,no hay direccion,0.16,0.42,0.38,0.41,0.44,0.44,0.26
2009-01-11,no hay direccion,0.34,0.39,0.37,0.21,0.21,0.37,0.2
2009-01-12,no hay direccion,0.37,0.21,0.41,0.25,0.32,0.34,0.45
2009-01-13,no hay direccion,0.17,0.12,0.39,0.29,0.3,0.29,0.42
2009-01-14,no hay direccion,0.05,0.36,0.5,0.47,0.49,0.49,0.09
2009-01-15,no hay direccion,0.4,0.4,0.45,0.09,0.06,0.1,0.44
2009-01-16,no hay direccion,0.27,0.24,0.44,0.48,0.21,0.19,0.21
2009-01-17,no hay direccion,0.42,0.36,0.48,0.31,0.05,0.35,0.14
2009-01-18,no hay direccion,0.26,0.27,0.18,0.21,0.33,0.26,0.16
2009-01-19,no hay direccion,0.22,0.32,0.07,0.48,0.4,0.39,0.39
2009-01-20,no hay direccion,0.18,0.2,0.0,0.27,0.39,0.27,0.37
2009-01-21,no hay direccion,0.05,0.25,0.05,0.19,0.33,0.14,0.11
2009-01-22,no hay direccion,0.19,0.14,0.09,0.17,0.32,0.3,0.49
2009-01-23,no hay direccion,0.38,0.37,0.35,0.03,0.27,0.17,0.38
2009-01-24,no hay direccion,0.15,0.05,0.48,0.22,0.01,0.03,0.41
2009-01-25,no hay direccion,0.19,0.33,0.07,0.2,0.07,0.31,0.15
2009-01-26,no hay direccion,0.49,0.17,0.08,0.24,0.1,0.21,0.32
2009-01-27,no hay direccion,0.05,0.21,0.36,0.13,0.24,0.45,0.34
2009-01-28,no hay direccion,0.36,0.38,0.26,0.29,0.36,0.24,0.31
2009-01-29,no hay direccion,0.08,0.2,0.0,0.47,0.05,0.03,0.05
2009-01-30,no hay direccion,0.38,0.2,0.31,0.35,0.36,0.29,0.1
2009-01-31,no hay direccion,0.08,0.17,0.15,0.25,0.44,0.18,0.45
2009-02-01,no hay direccion,0.15,0.25,0.3,0.44,0.12,0.3,0.25
2009-02-02,no hay direccion,0.05,0.4,0.41,0.24,0.12,0.1,0.49
2009-02-03,no hay direccion,0.1,0.31,0.31,0.35,0.34,0.09,0.25
2009-02-04,no hay direccion,0.17,0.17,0.2,0.18,0.03,0.21,0.17
2009-02-05,no hay direccion,0.01,0.12,0.17,0.25,0.48,0.01,0.37
2009-02-06,no hay direccion,0.43,0.08,0.48,0.45,0.1,0.25,0.21
2009-02-07,no hay direccion,0.0,0.39,0.31,0.02,0.45,0.43,0.47
2009-02-08,chinchaya-hampaturi,0.41,0.23,0.4,0.01,0.03,0.42,0.42
2009-02-09,no hay direccion,0.34,0.11,0.09,0.28,0.13,0.33,0.08
2009-02-10,no hay direccion,0.24,0.37,0.31,0.45,0.21,0.31,0.05
2009-02-11,no hay direccion,0.26,0.28,0.01,0.21,0.02,0.34,0.12
2009-02-12,no hay direccion,0.45,0.31,0.17,0.42,0.04,0.39,0.2
2009-02-13,no hay direccion,0.3,0.37,0.13,0.2,0.04,0.12,0.16
2009-02-14,no hay direccion,0.07,0.37,0.33,0.37,0.21,0.14,0.49
2009-02-15,no hay direccion,0.29,0.07,0.34,0.29,0.31,0.05,0.01
2009-02-16,retamani i,0.06,0.49,0.22,0.55,0.31,0.15,0.5
2009-02-16,retamani ii-villa san antonio bajo sur,0.11,0.46,0.27,0.83,0.37,0.23,0.02
2009-02-16,retamani iii,0.15,0.15,0.41,0.69,0.24,0.09,0.19
2009-02-17,no hay direccion,0.26,0.49,0.2,0.33,0.08,0.17,0.28
2009-02-18,no hay direccion,0.31,0.23,0.3,0.36,0.05,0.2,0.4
2009-02-19,no hay direccion,0.05,0.36,0.43,0.5,0.35,0.17,0.07
2009-02-20,no hay direccion,0.31,0.48,0.09,0.32,0.33,0.36,0.12
2009-02-21,no hay direccion,0.4,0.35,0.11,0.43,0.23,0.19,0.49
2009-02-22,no hay direccion,0.41,0.39,0.43,0.24,0.34,0.3,0.45
2009-02-23,no hay direccion,0.35,0.47,0.35,0.46,0.44,0.33,0.09
2009-02-24,no hay direccion,0.24,0.35,0.25,0.41,0.47,0.36,0.01
2009-02-25,no hay direccion,0.31,0.45,0.16,0.15,0.34,0.02,0.38
2009-02-26,no hay direccion,0.34,0.46,0.37,0.1,0.06,0.48,0.13
2009-02-27,no hay direccion,0.5,0.45,0.27,0.31,0.48,0.02,0.44
2009-02-28,no hay direccion,0.28,0.19,0.41,0.1,0.09,0.13,0.38
2009-03-01,no hay direccion,0.13,0.05,0.46,0.17,0.46,0.23,0.25
2009-03-02,no hay direccion,0.09,0.29,0.27,0.43,0.3,0.22,0.44
2009-03-03,no hay direccion,0.28,0.34,0.08,0.45,0.16,0.15,0.16
2009-03-04,no hay direccion,0.03,0.07,0.02,0.39,0.29,0.45,0.1
2009-03-05,no hay direccion,0.12,0.28,0.02,0.42,0.29,0.19,0.2
2009-03-06,no hay direccion,0.26,0.41,0.21,0.02,0.44,0.35,0.48
2009-03-07,no hay direccion,0.49,0.27,0.18,0.35,0.07,0.43,0.15
2009-03-08,no hay direccion,0.24,0.3,0.27,0.26,0.16,0.07,0.27
2009-03-09,no hay direccion,0.31,0.08,0.08,0.45,0.22,0.35,0.22
2009-03-10,no hay direccion,0.45,0.17,0.07,0.27,0.19,0.07,0.15
2009-03-11,no hay direccion,0.27,0.28,0.08,0.42,0.43,0.19,0.49
2009-03-12,no hay direccion,0.07,0.28,0.41,0.11,0.32,0.04,0.24
2009-03-13,no hay direccion,0.48,0.05,0.08,0.2,0.48,0.21,0.16
2009-03-14,no hay direccion,0.32,0.1,0.41,0.41,0.43,0.49,0.41
2009-03-15,no hay direccion,0.3,0.07,0.26,0.09,0.48,0.36,0.11
2009-03-16,no hay direccion,0.29,0.07,0.39,0.04,0.22,0.46,0.15
2009-03-17,no hay direccion,0.27,0.06,0.34,0.03,0.41,0.22,0.28
2009-03-18,no hay direccion,0.03,0.17,0.5,0.46,0.35,0.05,0.48
2009-03-19,no hay direccion,0.42,0.14,0.48,0.05,0.17,0.23,0.3
2009-03-20,no hay direccion,0.18,0.43,0.47,0.39,0.19,0.31,0.4
2009-03-21,no hay direccion,0.08,0.15,0.08,0.26,0.29,0.29,0.22
2009-03-22,no hay direccion,0.15,0.31,0.48,0.21,0.24,0.03,0.21
2009-03-23,no hay direccion,0.49,0.03,0.45,0.33,0.27,0.46,0.18
2009-03-24,no hay direccion,0.39,0.42,0.32,0.24,0.41,0.29,0.42
2009-03-25,no hay direccion,0.28,0.5,0.3,0.31,0.29,0.09,0.32
2009-03-26,no hay direccion,0.15,0.33,0.43,0.2,0.43,0.19,0.13
2009-03-27,no hay direccion,0.27,0.45,0.06,0.31,0.24,0.12,0.06
2009-03-28,no hay direccion,0.04,0.11,0.3,0.06,0.22,0.35,0.27
2009-03-29,no hay direccion,0.04,0.31,0.07,0.21,0.46,0.46,0.24
2009-03-30,no hay direccion,0.34,0.23,0.42,0.48,0.33,0.08,0.35
2009-03-31,no hay direccion,0.29,0.11,0.41,0.4,0.02,0.22,0.21
2009-04-01,no hay direccion,0.23,0.27,0.2,0.4,0.42,0.0,0.36
2009-04-02,no hay direccion,0.08,0.33,0.48,0.19,0.09,0.02,0.46
2009-04-03,no hay direccion,0.26,0.02,0.33,0.23,0.46,0.5,0.04
2009-04-04,no hay direccion,0.24,0.36,0.39,0.09,0.39,0.25,0.34
2009-04-05,no hay direccion,0.08,0.34,0.22,0.08,0.33,0.34,0.27
2009-04-06,no hay direccion,0.27,0.19,0.03,0.04,0.11,0.15,0.05
2009-04-07,no hay direccion,0.32,0.43,0.45,0.2,0.15,0.17,0.11
2009-04-08,no hay direccion,0.3,0.05,0.45,0.4,0.15,0.37,0.08
2009-04-09,no hay direccion,0.35,0.11,0.49,0.18,0.22,0.11,0.15
2009-04-10,no hay direccion,0.07,0.43,0.34,0.26,0.08,0.11,0.27
2009-04-11,no hay direccion,0.34,0.46,0.15,0.22,0.2,0.49,0.17
2009-04-12,no hay direccion,0.05,0.1,0.18,0.34,0.17,0.36,0.29
2009-04-13,no hay direccion,0.4,0.11,0.41,0.13,0.35,0.22,0.43
2009-04-14,no hay direccion,0.1,0.18,0.18,0.37,0.36,0.0,0.12
2009-04-15,no hay direccion,0.05,0.3,0.2,0.43,0.39,0.45,0.36
2009-04-16,no hay direccion,0.39,0.33,0.1,0.32,0.22,0.3,0.41
2009-04-17,no hay direccion,0.49,0.12,0.2,0.13,0.32,0.49,0.4
2009-04-18,no hay direccion,0.27,0.42,0.39,0.09,0.22,0.34,0.2
2009-04-19,no hay direccion,0.17,0.25,0.48,0.2,0.22,0.1,0.34
2009-04-20,no hay direccion,0.32,0.01,0.29,0.27,0.37,0.18,0.32
2009-04-21,no hay direccion,0.43,0.02,0.34,0.3,0.08,0.42,0.16
2009-04-22,no hay direccion,0.2,0.15,0.19,0.39,0.26,0.05,0.48
2009-04-23,no hay direccion,0.21,0.41,0.43,0.49,0.24,0.34,0.27
2009-04-24,no hay direccion,0.34,0.35,0.41,0.31,0.01,0.18,0.19
2009-04-25,no hay direccion,0.04,0.24,0.11,0.25,0.14,0.38,0.11
2009-04-26,no hay direccion,0.2,0.11,0.07,0.47,0.49,0.03,0.39
2009-04-27,no hay direccion,0.4,0.48,0.18,0.47,0.2,0.38,0.5
2009-04-28,no hay direccion,0.2,0.41,0.05,0.25,0.36,0.21,0.11
2009-04-29,no hay direccion,0.21,0.24,0.31,0.1,0.45,0.36,0.4
2009-04-30,no hay direccion,0.1,0.42,0.16,0.08,0.49,0.08,0.15
2009-05-01,no hay direccion,0.33,0.47,0.09,0.16,0.27,0.28,0.13
2009-05-02,no hay direccion,0.02,0.32,0.19,0.3,0.17,0.32,0.21
2009-05-03,no hay direccion,0.22,0.14,0.43,0.25,0.23,0.17,0.14
2009-05-04,no hay direccion,0.3,0.25,0.34,0.31,0.09,0.16,0.43
2009-05-05,no hay direccion,0.08,0.46,0.31,0.47,0.25,0.08,0.47
2009-05-06,no hay direccion,0.48,0.24,0.08,0.39,0.25,0.23,0.48
2009-05-07,no hay direccion,0.19,0.23,0.43,0.24,0.37,0.0,0.1
2009-05-08,no hay direccion,0.48,0.1,0.27,0.34,0.07,0.09,0.14
2009-05-09,no hay direccion,0.26,0.39,0.22,0.19,0.22,0.44,0.08
2009-05-10,no hay direccion,0.09,0.28,0.46,0.17,0.28,0.25,0.2
2009-05-11,no hay direccion,0.34,0.0,0.02,0.23,0.02,0.28,0.01
2009-05-12,no hay direccion,0.04,0.21,0.02,0.49,0.41,0.16,0.18
2009-05-13,no hay direccion,0.15,0.38,0.19,0.08,0.39,0.32,0.02
2009-05-14,no hay direccion,0.35,0.28,0.46,0.12,0.05,0.32,0.11
2009-05-15,no hay direccion,0.02,0.3,0.35,0.02,0.33,0.29,0.48
2009-05-16,no hay direccion,0.46,0.12,0.42,0.43,0.4,0.06,0.09
2009-05-17,no hay direccion,0.17,0.45,0.36,0.37,0.36,0.41,0.04
2009-05-18,no hay direccion,0.32,0.23,0.06,0.49,0.45,0.42,0.13
2009-05-19,no hay direccion,0.04,0.22,0.25,0.07,0.12,0.33,0.13
2009-05-20,no hay direccion,0.21,0.35,0.18,0.09,0.16,0.28,0.1
2009-05-21,no hay direccion,0.29,0.4,0.14,0.22,0.02,0.24,0.19
2009-05-22,no hay direccion,0.42,0.12,0.29,0.39,0.27,0.07,0.11
2009-05-23,no hay direccion,0.06,0.49,0.07,0.31,0.43,0.36,0.39
2009-05-24,no hay direccion,0.49,0.44,0.37,0.3,0.13,0.45,0.42
2009-05-25,no hay direccion,0.22,0.45,0.06,0.33,0.22,0.35,0.34
2009-05-26,no hay direccion,0.25,0.08,0.13,0.45,0.3,0.42,0.12
2009-05-27,no hay direccion,0.35,0.09,0.4,0.47,0.25,0.03,0.44
2009-05-28,no hay direccion,0.27,0.33,0.39,0.23,0.21,0.37,0.49
2009-05-29,no hay direccion,0.48,0.4,0.07,0.22,0.22,0.31,0.04
2009-05-30,no hay direccion,0.28,0.16,0.17,0.46,0.01,0.02,0.43
2009-05-31,no hay direccion,0.09,0.34,0.14,0.07,0.42,0.1,0.45
2009-06-01,no hay direccion,0.33,0.13,0.31,0.35,0.24,0.45,0.32
2009-06-02,no hay direccion,0.36,0.36,0.44,0.04,0.15,0.25,0.12
2009-06-03,no hay direccion,0.22,0.29,0.32,0.43,0.34,0.21,0.02
2009-06-04,no hay direccion,0.35,0.41,0.39,0.01,0.39,0.48,0.13
2009-06-05,no hay direccion,0.11,0.07,0.22,0.04,0.47,0.23,0.47
2009-06-06,no hay direccion,0.21,0.18,0.02,0.16,0.34,0.11,0.26
2009-06-07,no hay direccion,0.5,0.3,0.15,0.29,0.14,0.49,0.24
2009-06-08,no hay direccion,0.43,0.07,0.16,0.17,0.15,0.15,0.45
2009-06-09,no hay direccion,0.31,0.03,0.16,0.1,0.04,0.06,0.07
2009-06-10,no hay direccion,0.44,0.34,0.16,0.32,0.22,0.49,0.04
2009-06-11,no hay direccion,0.23,0.46,0.09,0.32,0.5,0.37,0.47
2009-06-12,no hay direccion,0.16,0.03,0.13,0.35,0.21,0.46,0.33
2009-06-13,no hay direccion,0.22,0.24,0.29,0.16,0.37,0.46,0.04
2009-06-14,no hay direccion,0.41,0.47,0.15,0.22,0.39,0.11,0.49
2009-06-15,no hay direccion,0.29,0.19,0.09,0.41,0.05,0.13,0.4
2009-06-16,no hay direccion,0.14,0.29,0.29,0.0,0.47,0.22,0.14
2009-06-17,no hay direccion,0.44,0.04,0.06,0.18,0.5,0.4,0.29
2009-06-18,no hay direccion,0.18,0.5,0.32,0.05,0.46,0.23,0.46
2009-06-19,no hay direccion,0.36,0.37,0.45,0.45,0.26,0.27,0.47
2009-06-20,no hay direccion,0.18,0.35,0.07,0.49,0.1,0.43,0.43
2009-06-21,no hay direccion,0.3,0.0,0.45,0.32,0.04,0.41,0.32
2009-06-22,no hay direccion,0.3,0.45,0.4,0.12,0.15,0.15,0.42
2009-06-23,no hay direccion,0.46,0.38,0.47,0.3,0.27,0.0,0.14
2009-06-24,no hay direccion,0.36,0.28,0.34,0.35,0.39,0.44,0.5
2009-06-25,no hay direccion,0.32,0.06,0.38,0.44,0.26,0.28,0.44
2009-06-26,no hay direccion,0.25,0.1,0.28,0.25,0.43,0.25,0.46
2009-06-27,no hay direccion,0.19,0.47,0.19,0.07,0.04,0.36,0.43
2009-06-28,no hay direccion,0.3,0.18,0.42,0.49,0.22,0.3,0.38
2009-06-29,no hay direccion,0.25,0.1,0.27,0.3,0.17,0.25,0.48
2009-06-30,no hay direccion,0.21,0.3,0.41,0.47,0.31,0.28,0.44
2009-07-01,no hay direccion,0.22,0.45,0.5,0.47,0.27,0.28,0.48
2009-07-02,no hay direccion,0.22,0.23,0.03,0.09,0.02,0.2,0.26
2009-07-03,no hay direccion,0.45,0.2,0.45,0.33,0.1,0.07,0.12
2009-07-04,no hay direccion,0.46,0.41,0.23,0.42,0.0,0.29,0.23
2009-07-05,no hay direccion,0.08,0.4,0.26,0.26,0.12,0.47,0.46
2009-07-06,no hay direccion,0.25,0.04,0.4,0.49,0.2,0.03,0.33
2009-07-07,no hay direccion,0.31,0.01,0.08,0.41,0.43,0.42,0.34
2009-07-08,no hay direccion,0.24,0.2,0.28,0.39,0.11,0.17,0.15
2009-07-09,no hay direccion,0.45,0.28,0.06,0.38,0.43,0.41,0.3
2009-07-10,no hay direccion,0.25,0.1,0.41,0.39,0.42,0.33,0.38
2009-07-11,no hay direccion,0.21,0.18,0.01,0.32,0.28,0.05,0.46
2009-07-12,no hay direccion,0.43,0.27,0.21,0.11,0.46,0.08,0.37
2009-07-13,no hay direccion,0.42,0.24,0.01,0.41,0.38,0.34,0.39
2009-07-14,no hay direccion,0.31,0.25,0.23,0.03,0.33,0.38,0.17
2009-07-15,no hay direccion,0.47,0.2,0.23,0.35,0.29,0.46,0.15
2009-07-16,no hay direccion,0.18,0.12,0.46,0.09,0.31,0.06,0.15
2009-07-17,no hay direccion,0.29,0.21,0.07,0.38,0.47,0.31,0.38
2009-07-18,no hay direccion,0.21,0.2,0.35,0.25,0.28,0.08,0.41
2009-07-19,no hay direccion,0.37,0.05,0.04,0.01,0.36,0.25,0.19
2009-07-20,no hay direccion,0.4,0.02,0.11,0.38,0.16,0.04,0.18
2009-07-21,no hay direccion,0.41,0.41,0.1,0.2,0.37,0.01,0.16
2009-07-22,no hay direccion,0.29,0.35,0.43,0.21,0.3,0.38,0.13
2009-07-23,no hay direccion,0.33,0.47,0.4,0.36,0.42,0.45,0.43
2009-07-24,no hay direccion,0.14,0.19,0.34,0.12,0.23,0.33,0.31
2009-07-25,no hay direccion,0.07,0.23,0.14,0.35,0.45,0.43,0.21
2009-07-26,no hay direccion,0.26,0.48,0.39,0.46,0.12,0.21,0.24
2009-07-27,no hay direccion,0.26,0.29,0.14,0.1,0.19,0.4,0.01
2009-07-28,no hay direccion,0.42,0.36,0.48,0.18,0.05,0.35,0.08
2009-07-29,no hay direccion,0.33,0.14,0.46,0.33,0.09,0.07,0.44
2009-07-30,no hay direccion,0.14,0.15,0.02,0.07,0.32,0.16,0.12
2009-07-31,no hay direccion,0.19,0.28,0.3,0.31,0.32,0.24,0.22
2009-08-01,no hay direccion,0.03,0.24,0.2,0.3,0.48,0.47,0.34
2009-08-02,no hay direccion,0.17,0.25,0.28,0.02,0.37,0.42,0.26
2009-08-03,no hay direccion,0.2,0.07,0.29,0.15,0.11,0.1,0.41
2009-08-04,no hay direccion,0.34,0.39,0.44,0.32,0.07,0.3,0.26
2009-08-05,no hay direccion,0.17,0.5,0.31,0.28,0.32,0.4,0.26
2009-08-06,no hay direccion,0.28,0.16,0.2,0.3,0.14,0.05,0.48
2009-08-07,no hay direccion,0.09,0.31,0.33,0.37,0.07,0.01,0.3
2009-08-08,no hay direccion,0.14,0.46,0.46,0.26,0.45,0.35,0.41
2009-08-09,no hay direccion,0.11,0.16,0.06,0.2,0.31,0.25,0.05
2009-08-10,no hay direccion,0.37,0.32,0.44,0.33,0.16,0.2,0.09
2009-08-11,no hay direccion,0.03,0.13,0.0,0.34,0.1,0.36,0.35
2009-08-12,no hay direccion,0.11,0.21,0.14,0.25,0.3,0.11,0.19
2009-08-13,no hay direccion,0.29,0.38,0.07,0.33,0.39,0.01,0.27
2009-08-14,no hay direccion,0.37,0.48,0.25,0.07,0.12,0.39,0.23
2009-08-15,no hay direccion,0.37,0.37,0.11,0.2,0.13,0.02,0.1
2009-08-16,no hay direccion,0.16,0.14,0.26,0.13,0.21,0.11,0.26
2009-08-17,no hay direccion,0.33,0.48,0.35,0.25,0.32,0.21,0.07
2009-08-18,no hay direccion,0.04,0.46,0.5,0.05,0.13,0.49,0.04
2009-08-19,no hay direccion,0.1,0.1,0.08,0.41,0.21,0.24,0.31
2009-08-20,no hay direccion,0.17,0.23,0.33,0.13,0.34,0.36,0.0
2009-08-21,no hay direccion,0.45,0.04,0.11,0.39,0.26,0.12,0.28
2009-08-22,no hay direccion,0.21,0.4,0.47,0.34,0.09,0.37,0.01
2009-08-23,no hay direccion,0.24,0.13,0.06,0.4,0.46,0.17,0.26
2009-08-24,no hay direccion,0.1,0.27,0.18,0.44,0.16,0.49,0.29
2009-08-25,no hay direccion,0.05,0.44,0.33,0.09,0.12,0.31,0.31
2009-08-26,no hay direccion,0.19,0.24,0.09,0.33,0.16,0.02,0.27
2009-08-27,no hay direccion,0.14,0.44,0.19,0.26,0.12,0.25,0.0
2009-08-28,no hay direccion,0.11,0.47,0.43,0.2,0.29,0.03,0.2
2009-08-29,no hay direccion,0.5,0.08,0.01,0.47,0.16,0.2,0.34
2009-08-30,no hay direccion,0.25,0.06,0.17,0.24,0.24,0.44,0.34
2009-08-31,no hay direccion,0.22,0.25,0.17,0.49,0.03,0.0,0.04
2009-09-01,no hay direccion,0.28,0.41,0.26,0.25,0.37,0.5,0.17
2009-09-02,no hay direccion,0.15,0.18,0.28,0.35,0.26,0.09,0.04
2009-09-03,no hay direccion,0.08,0.15,0.4,0.23,0.34,0.39,0.21
2009-09-04,no hay direccion,0.12,0.38,0.47,0.42,0.03,0.1,0.0
2009-09-05,no hay direccion,0.04,0.23,0.15,0.34,0.06,0.23,0.12
2009-09-06,no hay direccion,0.34,0.28,0.22,0.06,0.19,0.18,0.09
2009-09-07,no hay direccion,0.08,0.19,0.08,0.36,0.26,0.27,0.38
2009-09-08,no hay direccion,0.22,0.17,0.23,0.29,0.1,0.09,0.46
2009-09-09,no hay direccion,0.39,0.3,0.04,0.44,0.03,0.31,0.23
2009-09-10,no hay direccion,0.17,0.44,0.07,0.34,0.03,0.39,0.22
2009-09-11,no hay direccion,0.38,0.14,0.2,0.15,0.15,0.2,0.09
2009-09-12,no hay direccion,0.42,0.33,0.38,0.45,0.05,0.3,0.41
2009-09-13,no hay direccion,0.04,0.13,0.18,0.26,0.39,0.4,0.2
2009-09-14,no hay direccion,0.09,0.25,0.01,0.39,0.41,0.12,0.37
2009-09-15,no hay direccion,0.34,0.15,0.19,0.35,0.17,0.33,0.04
2009-09-16,no hay direccion,0.04,0.09,0.02,0.38,0.43,0.4,0.5
2009-09-17,no hay direccion,0.47,0.39,0.01,0.12,0.2,0.25,0.04
2009-09-18,no hay direccion,0.28,0.02,0.4,0.47,0.11,0.21,0.22
2009-09-19,no hay direccion,0.22,0.23,0.27,0.39,0.12,0.14,0.16
2009-09-20,no hay direccion,0.36,0.32,0.2,0.13,0.38,0.22,0.4
2009-09-21,no hay direccion,0.04,0.02,0.19,0.08,0.42,0.33,0.1
2009-09-22,no hay direccion,0.35,0.1,0.4,0.22,0.19,0.49,0.17
2009-09-23,no hay direccion,0.3,0.41,0.46,0.13,0.33,0.25,0.39
2009-09-24,no hay direccion,0.28,0.36,0.33,0.03,0.41,0.04,0.2
2009-09-25,no hay direccion,0.04,0.05,0.35,0.24,0.39,0.27,0.18
2009-09-26,no hay direccion,0.2,0.21,0.08,0.23,0.22,0.35,0.19
2009-09-27,no hay direccion,0.44,0.23,0.23,0.12,0.11,0.32,0.3
2009-09-28,no hay direccion,0.29,0.24,0.3,0.08,0.31,0.04,0.28
2009-09-29,no hay direccion,0.24,0.39,0.1,0.38,0.07,0.48,0.5
2009-09-30,no hay direccion,0.18,0.21,0.03,0.14,0.32,0.43,0.39
2009-10-01,no hay direccion,0.43,0.2,0.01,0.13,0.39,0.26,0.48
2009-10-02,no hay direccion,0.03,0.22,0.01,0.48,0.19,0.04,0.36
2009-10-03,no hay direccion,0.07,0.45,0.46,0.36,0.16,0.26,0.1
2009-10-04,no hay direccion,0.07,0.26,0.07,0.32,0.24,0.02,0.17
2009-10-05,no hay direccion,0.31,0.12,0.2,0.3,0.14,0.44,0.23
2009-10-06,no hay direccion,0.24,0.13,0.28,0.17,0.38,0.13,0.07
2009-10-07,no hay direccion,0.35,0.29,0.15,0.39,0.49,0.47,0.03
2009-10-08,no hay direccion,0.36,0.34,0.19,0.13,0.5,0.27,0.38
2009-10-09,valle de las flores b amor de dios,0.24,0.17,0.21,0.68,0.42,0.26,0.2
2009-10-10,no hay direccion,0.26,0.12,0.04,0.46,0.09,0.24,0.31
2009-10-11,no hay direccion,0.07,0.16,0.22,0.29,0.23,0.38,0.39
2009-10-12,no hay direccion,0.17,0.1,0.03,0.27,0.03,0.06,0.38
2009-10-13,no hay direccion,0.48,0.15,0.22,0.25,0.39,0.31,0.17
2009-10-14,no hay direccion,0.05,0.23,0.23,0.09,0.4,0.46,0.22
2009-10-15,no hay direccion,0.05,0.24,0.23,0.09,0.24,0.4,0.12
2009-10-16,no hay direccion,0.02,0.07,0.2,0.2,0.22,0.29,0.02
2009-10-17,no hay direccion,0.33,0.18,0.1,0.13,0.38,0.12,0.14
2009-10-18,no hay direccion,0.08,0.47,0.12,0.33,0.09,0.36,0.24
2009-10-19,no hay direccion,0.07,0.15,0.0,0.07,0.19,0.46,0.47
2009-10-20,no hay direccion,0.26,0.1,0.07,0.46,0.48,0.25,0.49
2009-10-21,no hay direccion,0.15,0.46,0.23,0.33,0.15,0.22,0.13
2009-10-22,no hay direccion,0.49,0.45,0.47,0.3,0.01,0.16,0.45
2009-10-23,no hay direccion,0.19,0.06,0.46,0.25,0.01,0.29,0.19
2009-10-24,no hay direccion,0.34,0.37,0.39,0.01,0.45,0.07,0.03
2009-10-25,no hay direccion,0.45,0.23,0.28,0.07,0.33,0.23,0.38
2009-10-26,no hay direccion,0.21,0.27,0.33,0.31,0.23,0.43,0.38
2009-10-27,no hay direccion,0.41,0.48,0.32,0.3,0.1,0.37,0.03
2009-10-28,no hay direccion,0.24,0.13,0.0,0.33,0.42,0.11,0.28
2009-10-29,no hay direccion,0.28,0.06,0.02,0.36,0.19,0.48,0.06
2009-10-30,no hay direccion,0.08,0.29,0.46,0.37,0.46,0.48,0.15
2009-10-31,no hay direccion,0.14,0.48,0.18,0.03,0.04,0.12,0.29
2009-11-01,no hay direccion,0.44,0.22,0.18,0.28,0.29,0.44,0.31
2009-11-02,no hay direccion,0.42,0.28,0.37,0.26,0.05,0.47,0.38
2009-11-03,no hay direccion,0.07,0.28,0.36,0.1,0.19,0.2,0.45
2009-11-04,no hay direccion,0.23,0.04,0.21,0.03,0.38,0.03,0.1
2009-11-05,no hay direccion,0.21,0.14,0.01,0.25,0.49,0.37,0.5
2009-11-06,no hay direccion,0.42,0.04,0.27,0.06,0.28,0.47,0.04
2009-11-07,no hay direccion,0.46,0.07,0.11,0.2,0.17,0.48,0.07
2009-11-08,no hay direccion,0.28,0.08,0.5,0.32,0.06,0.15,0.17
2009-11-09,no hay direccion,0.16,0.41,0.19,0.06,0.2,0.36,0.36
2009-11-10,no hay direccion,0.28,0.42,0.09,0.27,0.39,0.11,0.41
2009-11-11,no hay direccion,0.07,0.08,0.29,0.17,0.27,0.28,0.48
2009-11-12,no hay direccion,0.2,0.43,0.44,0.41,0.16,0.46,0.2
2009-11-13,no hay direccion,0.05,0.2,0.37,0.02,0.27,0.37,0.33
2009-11-14,no hay direccion,0.36,0.24,0.13,0.34,0.34,0.49,0.33
2009-11-15,no hay direccion,0.45,0.03,0.46,0.27,0.18,0.09,0.15
2009-11-16,no hay direccion,0.02,0.21,0.05,0.45,0.35,0.06,0.1
2009-11-17,no hay direccion,0.33,0.03,0.48,0.12,0.09,0.43,0.47
2009-11-18,no hay direccion,0.15,0.11,0.11,0.39,0.27,0.2,0.1
2009-11-19,no hay direccion,0.19,0.38,0.15,0.29,0.18,0.13,0.06
2009-11-20,no hay direccion,0.45,0.08,0.48,0.47,0.37,0.3,0.11
2009-11-21,no hay direccion,0.08,0.29,0.23,0.19,0.37,0.26,0.32
2009-11-22,no hay direccion,0.44,0.47,0.31,0.5,0.36,0.4,0.48
2009-11-23,no hay direccion,0.3,0.0,0.5,0.09,0.04,0.5,0.15
2009-11-24,no hay direccion,0.2,0.37,0.24,0.39,0.32,0.08,0.16
2009-11-25,no hay direccion,0.45,0.33,0.43,0.21,0.25,0.45,0.35
2009-11-26,no hay direccion,0.08,0.06,0.28,0.45,0.05,0.06,0.13
2009-11-27,no hay direccion,0.1,0.03,0.35,0.47,0.39,0.2,0.44
2009-11-28,no hay direccion,0.03,0.32,0.13,0.09,0.06,0.26,0.05
2009-11-29,no hay direccion,0.28,0.43,0.22,0.34,0.12,0.05,0.16
2009-11-30,no hay direccion,0.1,0.33,0.14,0.25,0.07,0.4,0.42
2009-12-01,no hay direccion,0.36,0.16,0.23,0.11,0.38,0.35,0.17
2009-12-02,no hay direccion,0.29,0.3,0.13,0.24,0.43,0.37,0.09
2009-12-03,no hay direccion,0.01,0.1,0.37,0.25,0.44,0.38,0.08
2009-12-04,no hay direccion,0.19,0.47,0.31,0.41,0.27,0.4,0.2
2009-12-05,no hay direccion,0.07,0.45,0.49,0.15,0.09,0.36,0.42
2009-12-06,no hay direccion,0.15,0.14,0.12,0.27,0.05,0.03,0.47
2009-12-07,no hay direccion,0.36,0.03,0.01,0.15,0.35,0.08,0.06
2009-12-08,no hay direccion,0.08,0.15,0.48,0.29,0.31,0.26,0.02
2009-12-09,no hay direccion,0.07,0.2,0.13,0.45,0.22,0.13,0.33
2009-12-10,no hay direccion,0.06,0.29,0.05,0.37,0.33,0.38,0.38
2009-12-11,no hay direccion,0.09,0.22,0.01,0.04,0.14,0.24,0.43
2009-12-12,no hay direccion,0.27,0.06,0.22,0.1,0.0,0.41,0.47
2009-12-13,no hay direccion,0.23,0.18,0.39,0.44,0.46,0.02,0.16
2009-12-14,no hay direccion,0.35,0.02,0.2,0.47,0.45,0.4,0.44
2009-12-15,no hay direccion,0.36,0.42,0.22,0.06,0.29,0.04,0.26
2009-12-16,no hay direccion,0.15,0.14,0.28,0.12,0.02,0.0,0.07
2009-12-17,no hay direccion,0.27,0.02,0.45,0.37,0.43,0.49,0.25
2009-12-18,no hay direccion,0.22,0.23,0.07,0.27,0.02,0.26,0.25
2009-12-19,no hay direccion,0.37,0.22,0.15,0.32,0.31,0.19,0.35
2009-12-20,no hay direccion,0.26,0.29,0.14,0.29,0.15,0.29,0.47
2009-12-21,no hay direccion,0.31,0.05,0.47,0.11,0.27,0.39,0.03
2009-12-22,no hay direccion,0.36,0.14,0.21,0.12,0.44,0.27,0.17
2009-12-23,no hay direccion,0.22,0.15,0.49,0.36,0.24,0.05,0.06
2009-12-24,no hay direccion,0.28,0.4,0.17,0.08,0.23,0.19,0.07
2009-12-25,no hay direccion,0.12,0.17,0.12,0.36,0.45,0.05,0.42
2009-12-26,no hay direccion,0.37,0.21,0.17,0.08,0.49,0.14,0.24
2009-12-27,no hay direccion,0.01,0.06,0.1,0.07,0.27,0.05,0.09
2009-12-28,no hay direccion,0.49,0.08,0.46,0.28,0.22,0.44,0.21
2009-12-29,no hay direccion,0.26,0.13,0.24,0.37,0.02,0.13,0.22
2009-12-30,no hay direccion,0.18,0.49,0.26,0.13,0.11,0.03,0.31
2009-12-31,no hay direccion,0.3,0.16,0.27,0.02,0.41,0.42,0.37
2010-01-01,no hay direccion,0.41,0.47,0.32,0.25,0.31,0.21,0.5
2010-01-02,no hay direccion,0.31,0.05,0.43,0.19,0.42,0.18,0.15
2010-01-03,no hay direccion,0.2,0.12,0.03,0.5,0.31,0.01,0.38
2010-01-04,no hay direccion,0.43,0.01,0.11,0.37,0.09,0.4,0.38
2010-01-05,no hay direccion,0.33,0.44,0.21,0.43,0.1,0.4,0.49
2010-01-06,no hay direccion,0.34,0.08,0.34,0.2,0.48,0.38,0.28
2010-01-07,no hay direccion,0.22,0.22,0.43,0.25,0.44,0.2,0.23
2010-01-08,no hay direccion,0.16,0.01,0.01,0.17,0.14,0.23,0.0
2010-01-09,no hay direccion,0.39,0.2,0.01,0.15,0.44,0.26,0.3
2010-01-10,no hay direccion,0.05,0.44,0.35,0.2,0.28,0.14,0.47
2010-01-11,no hay direccion,0.43,0.08,0.0,0.0,0.49,0.49,0.19
2010-01-12,no hay direccion,0.28,0.48,0.21,0.03,0.45,0.31,0.09
2010-01-13,no hay direccion,0.08,0.16,0.18,0.24,0.35,0.41,0.03
2010-01-14,no hay direccion,0.18,0.06,0.36,0.43,0.2,0.36,0.1
2010-01-15,no hay direccion,0.37,0.24,0.22,0.44,0.11,0.19,0.27
2010-01-16,no hay direccion,0.36,0.43,0.39,0.38,0.22,0.25,0.15
2010-01-17,no hay direccion,0.35,0.16,0.49,0.03,0.32,0.14,0.24
2010-01-18,no hay direccion,0.13,0.39,0.14,0.03,0.42,0.28,0.08
2010-01-19,no hay direccion,0.33,0.12,0.46,0.1,0.45,0.49,0.4
2010-01-20,no hay direccion,0.18,0.12,0.18,0.39,0.01,0.3,0.02
2010-01-21,no hay direccion,0.06,0.3,0.12,0.41,0.24,0.09,0.27
2010-01-22,no hay direccion,0.31,0.4,0.32,0.04,0.0,0.31,0.39
2010-01-23,no hay direccion,0.04,0.07,0.37,0.3,0.34,0.05,0.25
2010-01-24,no hay direccion,0.27,0.17,0.24,0.26,0.48,0.03,0.47
2010-01-25,no hay direccion,0.4,0.44,0.22,0.32,0.15,0.01,0.25
2010-01-26,avenida naciones unidas-zona la portada,0.13,0.41,0.83,0.05,0.48,0.44,0.47
2010-01-27,no hay direccion,0.13,0.25,0.11,0.08,0.07,0.48,0.32
2010-01-28,zona litoral-huanu huanuni,0.28,0.11,0.48,0.91,0.01,0.16,0.46
2010-01-29,no hay direccion,0.18,0.11,0.48,0.17,0.27,0.29,0.06
2010-01-30,no hay direccion,0.4,0.01,0.21,0.07,0.0,0.42,0.17
2010-01-31,no hay direccion,0.39,0.47,0.05,0.44,0.26,0.14,0.29
2010-02-01,no hay direccion,0.38,0.42,0.37,0.26,0.25,0.25,0.14
2010-02-02,no hay direccion,0.27,0.14,0.33,0.12,0.1,0.16,0.23
2010-02-03,retamani i,0.03,0.32,0.44,0.51,0.0,0.06,0.1
2010-02-04,no hay direccion,0.15,0.37,0.09,0.09,0.19,0.46,0.44
2010-02-05,no hay direccion,0.33,0.27,0.28,0.29,0.01,0.23,0.44
2010-02-06,no hay direccion,0.49,0.25,0.14,0.37,0.18,0.05,0.13
2010-02-07,barrio amor de dios-zona sur,0.22,0.42,0.0,0.83,0.43,0.39,0.07
2010-02-08,no hay direccion,0.1,0.13,0.24,0.41,0.41,0.03,0.01
2010-02-09,no hay direccion,0.29,0.35,0.07,0.14,0.1,0.07,0.06
2010-02-10,no hay direccion,0.06,0.04,0.34,0.4,0.13,0.39,0.02
2010-02-11,no hay direccion,0.28,0.5,0.14,0.22,0.17,0.21,0.11
2010-02-12,no hay direccion,0.12,0.09,0.41,0.33,0.2,0.45,0.33
2010-02-13,no hay direccion,0.35,0.06,0.33,0.31,0.31,0.46,0.2
2010-02-14,no hay direccion,0.33,0.47,0.2,0.3,0.39,0.27,0.43
2010-02-15,no hay direccion,0.48,0.01,0.04,0.3,0.15,0.12,0.11
2010-02-16,no hay direccion,0.22,0.05,0.46,0.26,0.24,0.28,0.28
2010-02-17,no hay direccion,0.14,0.38,0.3,0.38,0.04,0.23,0.13
2010-02-18,no hay direccion,0.5,0.33,0.34,0.19,0.44,0.23,0.49
2010-02-19,zona nudo vita,0.18,0.09,0.14,0.7,0.12,0.16,0.41
2010-02-20,no hay direccion,0.34,0.09,0.44,0.13,0.3,0.45,0.29
2010-02-21,no hay direccion,0.19,0.43,0.1,0.32,0.45,0.11,0.13
2010-02-22,no hay direccion,0.35,0.49,0.07,0.3,0.24,0.17,0.01
2010-02-23,no hay direccion,0.22,0.01,0.04,0.11,0.29,0.29,0.1
2010-02-24,no hay direccion,0.39,0.25,0.31,0.11,0.03,0.32,0.19
2010-02-25,no hay direccion,0.24,0.31,0.28,0.41,0.38,0.4,0.46
2010-02-26,no hay direccion,0.33,0.14,0.45,0.43,0.01,0.35,0.45
2010-02-27,no hay direccion,0.41,0.25,0.0,0.21,0.32,0.17,0.14
2010-02-28,no hay direccion,0.09,0.35,0.36,0.4,0.26,0.49,0.3
2010-03-01,no hay direccion,0.05,0.47,0.03,0.45,0.08,0.34,0.37
2010-03-02,no hay direccion,0.27,0.42,0.05,0.26,0.16,0.43,0.3
2010-03-03,no hay direccion,0.48,0.1,0.27,0.22,0.04,0.08,0.27
2010-03-04,no hay direccion,0.37,0.13,0.34,0.45,0.21,0.0,0.11
2010-03-05,no hay direccion,0.27,0.46,0.24,0.33,0.49,0.08,0.27
2010-03-06,no hay direccion,0.36,0.4,0.47,0.31,0.35,0.41,0.26
2010-03-07,no hay direccion,0.16,0.45,0.21,0.01,0.25,0.48,0.01
2010-03-08,no hay direccion,0.28,0.37,0.3,0.48,0.19,0.07,0.49
2010-03-09,no hay direccion,0.48,0.43,0.47,0.14,0.46,0.46,0.43
2010-03-10,no hay direccion,0.01,0.3,0.4,0.23,0.38,0.15,0.43
2010-03-11,no hay direccion,0.46,0.27,0.09,0.03,0.27,0.06,0.23
2010-03-12,no hay direccion,0.01,0.24,0.02,0.49,0.28,0.24,0.05
2010-03-13,no hay direccion,0.27,0.49,0.1,0.18,0.29,0.32,0.13
2010-03-14,no hay direccion,0.45,0.25,0.08,0.5,0.36,0.34,0.42
2010-03-15,no hay direccion,0.16,0.05,0.3,0.12,0.07,0.44,0.15
2010-03-16,no hay direccion,0.05,0.1,0.37,0.22,0.17,0.23,0.22
2010-03-17,no hay direccion,0.34,0.16,0.13,0.22,0.42,0.49,0.02
2010-03-18,no hay direccion,0.35,0.09,0.3,0.19,0.33,0.02,0.13
2010-03-19,no hay direccion,0.25,0.44,0.11,0.05,0.06,0.34,0.5
2010-03-20,no hay direccion,0.43,0.22,0.17,0.17,0.24,0.26,0.28
2010-03-21,no hay direccion,0.11,0.43,0.26,0.28,0.46,0.24,0.21
2010-03-22,no hay direccion,0.27,0.05,0.04,0.35,0.2,0.4,0.32
2010-03-23,no hay direccion,0.1,0.32,0.37,0.08,0.27,0.02,0.42
2010-03-24,no hay direccion,0.27,0.4,0.17,0.04,0.27,0.41,0.02
2010-03-25,no hay direccion,0.41,0.32,0.45,0.12,0.09,0.48,0.43
2010-03-26,no hay direccion,0.16,0.01,0.03,0.41,0.06,0.16,0.46
2010-03-27,no hay direccion,0.39,0.33,0.16,0.27,0.27,0.29,0.4
2010-03-28,no hay direccion,0.3,0.32,0.06,0.11,0.38,0.04,0.41
2010-03-29,no hay direccion,0.31,0.18,0.05,0.31,0.14,0.31,0.09
2010-03-30,no hay direccion,0.26,0.38,0.23,0.33,0.04,0.15,0.15
2010-03-31,no hay direccion,0.24,0.44,0.22,0.07,0.26,0.19,0.32
2010-04-01,no hay direccion,0.49,0.47,0.25,0.16,0.39,0.22,0.22
2010-04-02,no hay direccion,0.44,0.25,0.49,0.41,0.1,0.34,0.02
2010-04-03,no hay direccion,0.09,0.34,0.36,0.22,0.45,0.49,0.42
2010-04-04,no hay direccion,0.28,0.18,0.24,0.46,0.24,0.41,0.16
2010-04-05,no hay direccion,0.03,0.38,0.43,0.19,0.12,0.26,0.05
2010-04-06,no hay direccion,0.29,0.24,0.21,0.01,0.39,0.09,0.02
2010-04-07,no hay direccion,0.45,0.28,0.37,0.48,0.32,0.4,0.31
2010-04-08,no hay direccion,0.5,0.4,0.4,0.18,0.44,0.38,0.01
2010-04-09,no hay direccion,0.15,0.04,0.04,0.26,0.19,0.11,0.38
2010-04-10,no hay direccion,0.16,0.03,0.21,0.12,0.35,0.16,0.45
2010-04-11,no hay direccion,0.49,0.43,0.14,0.02,0.15,0.22,0.49
2010-04-12,no hay direccion,0.38,0.23,0.16,0.0,0.2,0.1,0.37
2010-04-13,no hay direccion,0.18,0.24,0.47,0.05,0.26,0.24,0.02
2010-04-14,no hay direccion,0.16,0.43,0.17,0.27,0.43,0.29,0.22
2010-04-15,no hay direccion,0.12,0.29,0.05,0.14,0.05,0.18,0.38
2010-04-16,no hay direccion,0.4,0.22,0.16,0.31,0.34,0.11,0.34
2010-04-17,no hay direccion,0.29,0.36,0.16,0.13,0.02,0.11,0.36
2010-04-18,no hay direccion,0.26,0.43,0.06,0.15,0.45,0.42,0.13
2010-04-19,no hay direccion,0.33,0.17,0.14,0.26,0.07,0.24,0.43
2010-04-20,no hay direccion,0.48,0.34,0.27,0.04,0.11,0.32,0.46
2010-04-21,no hay direccion,0.34,0.36,0.36,0.04,0.1,0.26,0.28
2010-04-22,no hay direccion,0.49,0.08,0.49,0.25,0.05,0.14,0.33
2010-04-23,no hay direccion,0.08,0.42,0.21,0.43,0.07,0.14,0.25
2010-04-24,no hay direccion,0.46,0.12,0.42,0.05,0.19,0.27,0.38
2010-04-25,no hay direccion,0.09,0.01,0.05,0.18,0.37,0.35,0.03
2010-04-26,no hay direccion,0.16,0.22,0.08,0.38,0.31,0.29,0.38
2010-04-27,no hay direccion,0.36,0.41,0.0,0.05,0.28,0.49,0.28
2010-04-28,no hay direccion,0.14,0.01,0.19,0.15,0.24,0.46,0.29
2010-04-29,no hay direccion,0.13,0.41,0.44,0.37,0.06,0.21,0.04
2010-04-30,no hay direccion,0.29,0.22,0.13,0.15,0.27,0.21,0.03
2010-05-01,no hay direccion,0.2,0.1,0.32,0.44,0.34,0.23,0.2
2010-05-02,no hay direccion,0.34,0.15,0.04,0.5,0.28,0.18,0.28
2010-05-03,no hay direccion,0.46,0.08,0.26,0.3,0.25,0.28,0.34
2010-05-04,no hay direccion,0.33,0.09,0.24,0.18,0.13,0.34,0.13
2010-05-05,no hay direccion,0.38,0.29,0.12,0.5,0.3,0.03,0.43
2010-05-06,no hay direccion,0.28,0.17,0.01,0.09,0.18,0.03,0.08
2010-05-07,no hay direccion,0.34,0.39,0.37,0.47,0.12,0.43,0.08
2010-05-08,no hay direccion,0.01,0.4,0.35,0.44,0.34,0.34,0.49
2010-05-09,no hay direccion,0.21,0.08,0.15,0.33,0.21,0.48,0.17
2010-05-10,no hay direccion,0.24,0.16,0.43,0.39,0.04,0.12,0.43
2010-05-11,no hay direccion,0.08,0.45,0.41,0.43,0.3,0.17,0.11
2010-05-12,no hay direccion,0.15,0.35,0.27,0.11,0.18,0.1,0.48
2010-05-13,no hay direccion,0.2,0.16,0.03,0.23,0.46,0.09,0.44
2010-05-14,no hay direccion,0.36,0.17,0.11,0.26,0.45,0.0,0.43
2010-05-15,no hay direccion,0.13,0.04,0.04,0.43,0.45,0.46,0.32
2010-05-16,no hay direccion,0.46,0.32,0.16,0.46,0.48,0.22,0.35
2010-05-17,no hay direccion,0.28,0.49,0.46,0.3,0.16,0.47,0.36
2010-05-18,no hay direccion,0.19,0.0,0.12,0.13,0.24,0.37,0.25
2010-05-19,no hay direccion,0.11,0.2,0.09,0.32,0.01,0.35,0.02
2010-05-20,no hay direccion,0.06,0.21,0.05,0.29,0.08,0.35,0.35
2010-05-21,no hay direccion,0.06,0.42,0.44,0.3,0.25,0.06,0.36
2010-05-22,no hay direccion,0.29,0.09,0.23,0.02,0.24,0.1,0.15
2010-05-23,no hay direccion,0.31,0.39,0.14,0.17,0.09,0.02,0.14
2010-05-24,no hay direccion,0.12,0.32,0.21,0.19,0.46,0.09,0.1
2010-05-25,no hay direccion,0.42,0.02,0.44,0.32,0.47,0.21,0.44
2010-05-26,no hay direccion,0.13,0.07,0.1,0.06,0.43,0.29,0.36
2010-05-27,no hay direccion,0.39,0.16,0.14,0.04,0.0,0.39,0.36
2010-05-28,no hay direccion,0.13,0.08,0.14,0.14,0.05,0.03,0.33
2010-05-29,no hay direccion,0.18,0.49,0.37,0.28,0.3,0.23,0.12
2010-05-30,no hay direccion,0.19,0.13,0.37,0.24,0.43,0.34,0.48
2010-05-31,no hay direccion,0.23,0.04,0.04,0.47,0.43,0.22,0.21
2010-06-01,no hay direccion,0.19,0.04,0.38,0.03,0.03,0.05,0.35
2010-06-02,no hay direccion,0.46,0.04,0.33,0.37,0.19,0.41,0.02
2010-06-03,no hay direccion,0.28,0.08,0.06,0.31,0.29,0.37,0.14
2010-06-04,no hay direccion,0.38,0.46,0.42,0.0,0.31,0.44,0.36
2010-06-05,no hay direccion,0.08,0.41,0.3,0.08,0.15,0.43,0.25
2010-06-06,no hay direccion,0.02,0.18,0.1,0.07,0.33,0.45,0.29
2010-06-07,no hay direccion,0.38,0.27,0.27,0.43,0.2,0.15,0.2
2010-06-08,no hay direccion,0.27,0.05,0.06,0.22,0.49,0.27,0.26
2010-06-09,no hay direccion,0.34,0.09,0.02,0.49,0.26,0.37,0.5
2010-06-10,no hay direccion,0.08,0.14,0.36,0.17,0.37,0.35,0.46
2010-06-11,no hay direccion,0.14,0.19,0.46,0.34,0.28,0.28,0.07
2010-06-12,no hay direccion,0.46,0.09,0.25,0.04,0.09,0.42,0.15
2010-06-13,no hay direccion,0.26,0.13,0.17,0.37,0.45,0.34,0.25
2010-06-14,no hay direccion,0.09,0.27,0.41,0.22,0.48,0.34,0.35
2010-06-15,no hay direccion,0.18,0.34,0.41,0.38,0.38,0.45,0.43
2010-06-16,no hay direccion,0.33,0.13,0.16,0.3,0.48,0.1,0.13
2010-06-17,no hay direccion,0.4,0.13,0.09,0.23,0.01,0.17,0.26
2010-06-18,no hay direccion,0.09,0.43,0.2,0.02,0.38,0.09,0.35
2010-06-19,no hay direccion,0.15,0.09,0.06,0.2,0.27,0.26,0.28
2010-06-20,no hay direccion,0.24,0.23,0.27,0.09,0.18,0.19,0.48
2010-06-21,no hay direccion,0.22,0.23,0.06,0.24,0.35,0.18,0.23
2010-06-22,no hay direccion,0.29,0.47,0.35,0.31,0.29,0.4,0.24
2010-06-23,no hay direccion,0.32,0.12,0.09,0.49,0.35,0.38,0.36
2010-06-24,no hay direccion,0.16,0.01,0.43,0.23,0.12,0.07,0.13
2010-06-25,no hay direccion,0.46,0.47,0.12,0.16,0.39,0.11,0.4
2010-06-26,no hay direccion,0.25,0.06,0.45,0.31,0.04,0.32,0.06
2010-06-27,no hay direccion,0.14,0.02,0.48,0.46,0.28,0.35,0.26
2010-06-28,no hay direccion,0.33,0.5,0.3,0.41,0.1,0.17,0.47
2010-06-29,no hay direccion,0.12,0.48,0.09,0.46,0.03,0.07,0.31
2010-06-30,no hay direccion,0.39,0.07,0.27,0.14,0.18,0.31,0.47
2010-07-01,no hay direccion,0.27,0.37,0.38,0.39,0.14,0.45,0.46
2010-07-02,no hay direccion,0.13,0.04,0.0,0.19,0.4,0.36,0.13
2010-07-03,no hay direccion,0.15,0.15,0.42,0.49,0.21,0.01,0.36
2010-07-04,no hay direccion,0.4,0.29,0.22,0.4,0.15,0.25,0.29
2010-07-05,no hay direccion,0.18,0.32,0.29,0.27,0.46,0.29,0.29
2010-07-06,no hay direccion,0.09,0.17,0.48,0.48,0.07,0.3,0.31
2010-07-07,no hay direccion,0.4,0.38,0.27,0.09,0.38,0.41,0.18
2010-07-08,no hay direccion,0.07,0.2,0.02,0.25,0.17,0.34,0.41
2010-07-09,no hay direccion,0.48,0.17,0.15,0.29,0.17,0.03,0.35
2010-07-10,no hay direccion,0.23,0.49,0.07,0.0,0.09,0.42,0.12
2010-07-11,no hay direccion,0.14,0.42,0.1,0.5,0.25,0.36,0.47
2010-07-12,no hay direccion,0.36,0.14,0.3,0.06,0.24,0.22,0.12
2010-07-13,no hay direccion,0.26,0.31,0.25,0.28,0.41,0.42,0.3
2010-07-14,no hay direccion,0.45,0.09,0.38,0.46,0.19,0.12,0.32
2010-07-15,no hay direccion,0.46,0.2,0.08,0.3,0.27,0.4,0.26
2010-07-16,no hay direccion,0.41,0.09,0.09,0.36,0.29,0.39,0.29
2010-07-17,no hay direccion,0.32,0.03,0.3,0.36,0.21,0.14,0.39
2010-07-18,no hay direccion,0.39,0.08,0.42,0.46,0.18,0.42,0.46
2010-07-19,no hay direccion,0.3,0.02,0.28,0.1,0.28,0.07,0.07
2010-07-20,no hay direccion,0.45,0.06,0.32,0.49,0.39,0.08,0.05
2010-07-21,no hay direccion,0.49,0.17,0.15,0.5,0.34,0.49,0.23
2010-07-22,no hay direccion,0.47,0.08,0.15,0.09,0.34,0.27,0.45
2010-07-23,no hay direccion,0.06,0.12,0.28,0.09,0.13,0.14,0.14
2010-07-24,no hay direccion,0.26,0.42,0.02,0.29,0.39,0.13,0.2
2010-07-25,no hay direccion,0.33,0.02,0.4,0.27,0.47,0.27,0.28
2010-07-26,no hay direccion,0.19,0.2,0.46,0.18,0.45,0.38,0.09
2010-07-27,no hay direccion,0.24,0.24,0.26,0.48,0.47,0.45,0.34
2010-07-28,no hay direccion,0.02,0.37,0.02,0.48,0.22,0.44,0.42
2010-07-29,no hay direccion,0.17,0.34,0.4,0.4,0.28,0.25,0.48
2010-07-30,no hay direccion,0.46,0.12,0.32,0.24,0.18,0.19,0.2
2010-07-31,no hay direccion,0.13,0.11,0.38,0.33,0.23,0.07,0.15
2010-08-01,no hay direccion,0.11,0.3,0.17,0.1,0.43,0.25,0.36
2010-08-02,no hay direccion,0.32,0.07,0.26,0.07,0.29,0.14,0.13
2010-08-03,no hay direccion,0.36,0.15,0.34,0.18,0.09,0.24,0.0
2010-08-04,no hay direccion,0.35,0.15,0.45,0.39,0.11,0.02,0.28
2010-08-05,no hay direccion,0.21,0.36,0.21,0.25,0.34,0.27,0.13
2010-08-06,no hay direccion,0.32,0.47,0.35,0.48,0.1,0.39,0.3
2010-08-07,no hay direccion,0.49,0.1,0.32,0.33,0.25,0.1,0.18
2010-08-08,no hay direccion,0.28,0.45,0.48,0.33,0.11,0.15,0.02
2010-08-09,no hay direccion,0.46,0.05,0.26,0.34,0.04,0.12,0.23
2010-08-10,no hay direccion,0.49,0.26,0.12,0.28,0.24,0.22,0.33
2010-08-11,no hay direccion,0.22,0.45,0.36,0.41,0.29,0.2,0.31
2010-08-12,no hay direccion,0.41,0.25,0.44,0.33,0.14,0.4,0.45
2010-08-13,no hay direccion,0.45,0.41,0.22,0.41,0.32,0.28,0.17
2010-08-14,no hay direccion,0.43,0.09,0.36,0.23,0.25,0.07,0.36
2010-08-15,no hay direccion,0.35,0.17,0.45,0.15,0.13,0.41,0.33
2010-08-16,no hay direccion,0.25,0.07,0.5,0.07,0.08,0.05,0.05
2010-08-17,no hay direccion,0.06,0.0,0.34,0.19,0.26,0.5,0.09
2010-08-18,no hay direccion,0.07,0.08,0.07,0.42,0.06,0.47,0.17
2010-08-19,no hay direccion,0.11,0.24,0.39,0.47,0.19,0.13,0.29
2010-08-20,no hay direccion,0.13,0.13,0.32,0.36,0.07,0.17,0.03
2010-08-21,no hay direccion,0.02,0.18,0.09,0.05,0.38,0.03,0.42
2010-08-22,no hay direccion,0.06,0.45,0.11,0.3,0.26,0.03,0.22
2010-08-23,no hay direccion,0.23,0.28,0.06,0.48,0.3,0.36,0.11
2010-08-24,no hay direccion,0.08,0.24,0.3,0.19,0.36,0.16,0.11
2010-08-25,no hay direccion,0.4,0.25,0.35,0.06,0.06,0.25,0.42
2010-08-26,no hay direccion,0.31,0.49,0.42,0.26,0.3,0.28,0.25
2010-08-27,no hay direccion,0.02,0.26,0.1,0.04,0.18,0.44,0.22
2010-08-28,no hay direccion,0.23,0.2,0.26,0.11,0.16,0.04,0.14
2010-08-29,no hay direccion,0.35,0.04,0.11,0.34,0.15,0.05,0.3
2010-08-30,no hay direccion,0.28,0.31,0.21,0.5,0.29,0.12,0.44
2010-08-31,no hay direccion,0.05,0.27,0.31,0.04,0.24,0.26,0.02
2010-09-01,no hay direccion,0.08,0.36,0.44,0.49,0.38,0.27,0.24
2010-09-02,no hay direccion,0.16,0.24,0.47,0.27,0.38,0.38,0.18
2010-09-03,no hay direccion,0.16,0.24,0.36,0.46,0.39,0.24,0.42
2010-09-04,no hay direccion,0.2,0.39,0.11,0.46,0.1,0.37,0.47
2010-09-05,no hay direccion,0.44,0.42,0.04,0.42,0.04,0.41,0.11
2010-09-06,no hay direccion,0.21,0.43,0.28,0.02,0.2,0.02,0.14
2010-09-07,no hay direccion,0.04,0.27,0.27,0.26,0.48,0.32,0.28
2010-09-08,no hay direccion,0.36,0.15,0.43,0.17,0.33,0.09,0.09
2010-09-09,no hay direccion,0.38,0.45,0.31,0.07,0.3,0.33,0.18
2010-09-10,no hay direccion,0.41,0.12,0.39,0.26,0.0,0.19,0.08
2010-09-11,no hay direccion,0.02,0.24,0.03,0.47,0.21,0.01,0.47
2010-09-12,no hay direccion,0.07,0.41,0.12,0.48,0.43,0.24,0.12
2010-09-13,no hay direccion,0.44,0.14,0.27,0.17,0.08,0.32,0.18
2010-09-14,no hay direccion,0.09,0.09,0.21,0.37,0.35,0.48,0.03
2010-09-15,no hay direccion,0.0,0.3,0.01,0.49,0.02,0.17,0.37
2010-09-16,no hay direccion,0.01,0.05,0.18,0.32,0.41,0.47,0.29
2010-09-17,no hay direccion,0.26,0.07,0.33,0.16,0.29,0.45,0.4
2010-09-18,no hay direccion,0.26,0.05,0.31,0.48,0.2,0.1,0.49
2010-09-19,no hay direccion,0.23,0.42,0.11,0.04,0.09,0.26,0.35
2010-09-20,no hay direccion,0.04,0.34,0.12,0.14,0.49,0.44,0.32
2010-09-21,no hay direccion,0.49,0.47,0.09,0.3,0.22,0.06,0.2
2010-09-22,no hay direccion,0.04,0.22,0.4,0.49,0.46,0.18,0.19
2010-09-23,no hay direccion,0.07,0.5,0.06,0.31,0.35,0.36,0.37
2010-09-24,no hay direccion,0.48,0.28,0.02,0.3,0.01,0.26,0.03
2010-09-25,no hay direccion,0.4,0.0,0.18,0.13,0.09,0.34,0.35
2010-09-26,no hay direccion,0.23,0.09,0.3,0.19,0.36,0.32,0.39
2010-09-27,no hay direccion,0.29,0.19,0.18,0.28,0.46,0.25,0.31
2010-09-28,no hay direccion,0.22,0.04,0.26,0.37,0.49,0.23,0.35
2010-09-29,no hay direccion,0.09,0.35,0.44,0.12,0.35,0.27,0.36
2010-09-30,no hay direccion,0.32,0.43,0.26,0.49,0.22,0.39,0.06
2010-10-01,no hay direccion,0.43,0.15,0.22,0.32,0.36,0.12,0.16
2010-10-02,no hay direccion,0.44,0.07,0.13,0.5,0.03,0.5,0.25
2010-10-03,no hay direccion,0.34,0.27,0.35,0.24,0.15,0.17,0.07
2010-10-04,no hay direccion,0.06,0.07,0.05,0.06,0.06,0.19,0.17
2010-10-05,no hay direccion,0.45,0.45,0.19,0.27,0.45,0.46,0.41
2010-10-06,no hay direccion,0.45,0.23,0.27,0.06,0.13,0.23,0.31
2010-10-07,no hay direccion,0.1,0.37,0.27,0.45,0.23,0.23,0.0
2010-10-08,no hay direccion,0.06,0.28,0.03,0.2,0.21,0.4,0.02
2010-10-09,no hay direccion,0.35,0.06,0.14,0.14,0.48,0.42,0.12
2010-10-10,no hay direccion,0.21,0.13,0.11,0.01,0.08,0.24,0.07
2010-10-11,no hay direccion,0.01,0.4,0.4,0.42,0.23,0.3,0.19
2010-10-12,no hay direccion,0.31,0.14,0.06,0.0,0.24,0.2,0.46
2010-10-13,zona alto tacagua,0.12,0.1,0.26,0.52,0.29,0.41,0.02
2010-10-14,no hay direccion,0.17,0.06,0.32,0.15,0.37,0.04,0.19
2010-10-15,no hay direccion,0.17,0.46,0.44,0.36,0.22,0.33,0.39
2010-10-16,no hay direccion,0.24,0.02,0.29,0.34,0.15,0.01,0.26
2010-10-17,no hay direccion,0.13,0.19,0.29,0.08,0.09,0.01,0.36
2010-10-18,no hay direccion,0.47,0.23,0.08,0.03,0.34,0.42,0.32
2010-10-19,no hay direccion,0.34,0.2,0.3,0.45,0.36,0.06,0.36
2010-10-20,no hay direccion,0.16,0.19,0.17,0.21,0.08,0.31,0.18
2010-10-21,no hay direccion,0.01,0.42,0.36,0.01,0.45,0.39,0.4
2010-10-22,no hay direccion,0.09,0.29,0.15,0.41,0.27,0.15,0.31
2010-10-23,no hay direccion,0.44,0.37,0.35,0.36,0.01,0.39,0.43
2010-10-24,no hay direccion,0.19,0.05,0.22,0.37,0.46,0.03,0.01
2010-10-25,no hay direccion,0.09,0.08,0.29,0.11,0.45,0.43,0.37
2010-10-26,no hay direccion,0.16,0.2,0.12,0.29,0.19,0.22,0.27
2010-10-27,no hay direccion,0.37,0.49,0.03,0.46,0.2,0.22,0.02
2010-10-28,no hay direccion,0.22,0.08,0.28,0.05,0.24,0.02,0.16
2010-10-29,no hay direccion,0.3,0.04,0.46,0.44,0.27,0.09,0.45
2010-10-30,no hay direccion,0.4,0.22,0.42,0.17,0.13,0.07,0.14
2010-10-31,no hay direccion,0.35,0.47,0.19,0.26,0.4,0.4,0.36
2010-11-01,no hay direccion,0.03,0.45,0.16,0.44,0.24,0.22,0.05
2010-11-02,no hay direccion,0.37,0.18,0.37,0.27,0.01,0.31,0.15
2010-11-03,no hay direccion,0.4,0.18,0.14,0.46,0.38,0.43,0.03
2010-11-04,no hay direccion,0.31,0.38,0.24,0.37,0.09,0.17,0.41
2010-11-05,no hay direccion,0.06,0.17,0.24,0.41,0.03,0.25,0.31
2010-11-06,no hay direccion,0.43,0.48,0.07,0.04,0.36,0.21,0.16
2010-11-07,no hay direccion,0.25,0.21,0.34,0.21,0.0,0.04,0.14
2010-11-08,no hay direccion,0.49,0.43,0.27,0.36,0.36,0.44,0.39
2010-11-09,no hay direccion,0.36,0.45,0.06,0.15,0.06,0.12,0.13
2010-11-10,no hay direccion,0.22,0.14,0.43,0.46,0.03,0.02,0.35
2010-11-11,no hay direccion,0.37,0.18,0.32,0.08,0.35,0.22,0.05
2010-11-12,no hay direccion,0.32,0.25,0.3,0.18,0.12,0.13,0.31
2010-11-13,no hay direccion,0.41,0.1,0.35,0.38,0.31,0.15,0.24
2010-11-14,no hay direccion,0.49,0.09,0.48,0.32,0.48,0.31,0.04
2010-11-15,no hay direccion,0.09,0.05,0.47,0.17,0.07,0.19,0.09
2010-11-16,no hay direccion,0.14,0.02,0.48,0.34,0.2,0.18,0.37
2010-11-17,no hay direccion,0.48,0.07,0.12,0.15,0.39,0.27,0.46
2010-11-18,no hay direccion,0.27,0.2,0.09,0.4,0.3,0.05,0.03
2010-11-19,no hay direccion,0.28,0.35,0.44,0.07,0.23,0.42,0.04
2010-11-20,no hay direccion,0.43,0.22,0.08,0.42,0.41,0.09,0.2
2010-11-21,no hay direccion,0.29,0.49,0.32,0.34,0.24,0.11,0.2
2010-11-22,no hay direccion,0.41,0.01,0.48,0.44,0.18,0.3,0.05
2010-11-23,no hay direccion,0.45,0.49,0.36,0.49,0.34,0.32,0.16
2010-11-24,no hay direccion,0.47,0.39,0.3,0.22,0.29,0.09,0.18
2010-11-25,no hay direccion,0.24,0.06,0.25,0.11,0.29,0.21,0.44
2010-11-26,no hay direccion,0.17,0.17,0.39,0.08,0.23,0.44,0.47
2010-11-27,no hay direccion,0.5,0.21,0.35,0.17,0.25,0.4,0.26
2010-11-28,no hay direccion,0.44,0.02,0.15,0.2,0.12,0.17,0.37
2010-11-29,no hay direccion,0.19,0.05,0.38,0.21,0.38,0.18,0.37
2010-11-30,no hay direccion,0.01,0.46,0.19,0.45,0.2,0.09,0.49
2010-12-01,no hay direccion,0.31,0.34,0.16,0.32,0.05,0.12,0.04
2010-12-02,no hay direccion,0.07,0.13,0.42,0.07,0.33,0.04,0.47
2010-12-03,no hay direccion,0.09,0.48,0.15,0.02,0.34,0.45,0.19
2010-12-04,no hay direccion,0.48,0.01,0.3,0.22,0.45,0.24,0.48
2010-12-05,no hay direccion,0.03,0.29,0.07,0.04,0.46,0.46,0.3
2010-12-06,no hay direccion,0.15,0.49,0.19,0.13,0.41,0.02,0.08
2010-12-07,no hay direccion,0.19,0.43,0.2,0.33,0.11,0.38,0.46
2010-12-08,no hay direccion,0.47,0.37,0.18,0.44,0.25,0.3,0.42
2010-12-09,no hay direccion,0.31,0.31,0.03,0.13,0.29,0.26,0.48
2010-12-10,no hay direccion,0.05,0.43,0.18,0.03,0.18,0.12,0.09
2010-12-11,no hay direccion,0.34,0.41,0.02,0.05,0.44,0.35,0.42
2010-12-12,no hay direccion,0.01,0.26,0.4,0.17,0.39,0.39,0.25
2010-12-13,zona san pedro,0.04,0.08,0.16,0.49,0.03,0.04,0.18
2010-12-14,no hay direccion,0.24,0.15,0.04,0.21,0.25,0.07,0.12
2010-12-15,no hay direccion,0.45,0.05,0.11,0.12,0.34,0.06,0.22
2010-12-16,no hay direccion,0.01,0.3,0.05,0.33,0.06,0.04,0.47
2010-12-17,no hay direccion,0.3,0.18,0.11,0.5,0.17,0.22,0.23
2010-12-18,no hay direccion,0.25,0.46,0.05,0.19,0.48,0.4,0.23
2010-12-19,no hay direccion,0.02,0.03,0.29,0.34,0.16,0.4,0.08
2010-12-20,no hay direccion,0.25,0.12,0.2,0.03,0.32,0.48,0.11
2010-12-21,no hay direccion,0.26,0.38,0.18,0.29,0.44,0.07,0.09
2010-12-22,no hay direccion,0.07,0.24,0.12,0.16,0.25,0.41,0.43
2010-12-23,no hay direccion,0.03,0.43,0.43,0.41,0.13,0.03,0.31
2010-12-24,no hay direccion,0.4,0.1,0.24,0.02,0.23,0.29,0.2
2010-12-25,no hay direccion,0.43,0.2,0.06,0.29,0.13,0.31,0.23
2010-12-26,no hay direccion,0.15,0.3,0.24,0.07,0.34,0.44,0.46
2010-12-27,no hay direccion,0.04,0.34,0.05,0.32,0.22,0.27,0.36
2010-12-28,zona ovejuyo,0.37,0.35,0.31,0.09,0.12,0.48,0.6
2010-12-28,zona chasquipampa,0.01,0.25,0.39,0.2,0.49,0.06,0.55
2010-12-28,cotacota,0.2,0.41,0.08,0.48,0.14,0.0,0.6
2010-12-28,san miguel,0.44,0.14,0.36,0.19,0.12,0.33,0.73
2010-12-29,no hay direccion,0.05,0.06,0.4,0.05,0.47,0.01,0.03
2010-12-30,no hay direccion,0.31,0.44,0.48,0.21,0.33,0.46,0.47
2010-12-31,no hay direccion,0.27,0.13,0.2,0.33,0.37,0.2,0.21
2011-01-01,no hay direccion,0.1,0.41,0.03,0.09,0.11,0.41,0.37
2011-01-02,no hay direccion,0.35,0.3,0.35,0.41,0.45,0.32,0.41
2011-01-03,zona villa del carmen,0.34,0.05,0.39,0.2,0.8,0.47,0.26
2011-01-04,no hay direccion,0.08,0.32,0.17,0.18,0.43,0.09,0.5
2011-01-05,no hay direccion,0.35,0.27,0.05,0.19,0.48,0.44,0.49
2011-01-06,no hay direccion,0.28,0.5,0.16,0.46,0.26,0.08,0.08
2011-01-07,no hay direccion,0.11,0.22,0.12,0.41,0.3,0.34,0.06
2011-01-08,no hay direccion,0.29,0.31,0.31,0.42,0.25,0.16,0.23
2011-01-09,no hay direccion,0.14,0.21,0.24,0.15,0.43,0.21,0.25
2011-01-10,no hay direccion,0.15,0.01,0.3,0.23,0.26,0.41,0.2
2011-01-11,no hay direccion,0.43,0.25,0.09,0.17,0.24,0.46,0.45
2011-01-12,no hay direccion,0.41,0.46,0.33,0.48,0.3,0.03,0.25
2011-01-13,no hay direccion,0.19,0.22,0.11,0.09,0.45,0.18,0.19
2011-01-14,no hay direccion,0.13,0.34,0.36,0.43,0.29,0.45,0.01
2011-01-15,no hay direccion,0.49,0.32,0.18,0.28,0.36,0.05,0.42
2011-01-16,no hay direccion,0.42,0.17,0.42,0.15,0.23,0.47,0.26
2011-01-17,no hay direccion,0.25,0.34,0.28,0.48,0.29,0.21,0.42
2011-01-18,no hay direccion,0.23,0.16,0.27,0.31,0.03,0.24,0.17
2011-01-19,no hay direccion,0.16,0.02,0.26,0.26,0.46,0.45,0.03
2011-01-20,no hay direccion,0.08,0.06,0.1,0.32,0.29,0.29,0.39
2011-01-21,no hay direccion,0.5,0.21,0.02,0.43,0.03,0.27,0.43
2011-01-22,no hay direccion,0.41,0.3,0.14,0.43,0.22,0.47,0.1
2011-01-23,no hay direccion,0.48,0.47,0.24,0.42,0.06,0.23,0.27
2011-01-24,no hay direccion,0.23,0.28,0.43,0.39,0.38,0.26,0.2
2011-01-25,no hay direccion,0.42,0.41,0.35,0.46,0.43,0.02,0.41
2011-01-26,no hay direccion,0.07,0.13,0.47,0.14,0.01,0.02,0.28
2011-01-27,no hay direccion,0.1,0.27,0.5,0.27,0.44,0.33,0.04
2011-01-28,no hay direccion,0.28,0.07,0.17,0.07,0.33,0.16,0.16
2011-01-29,no hay direccion,0.07,0.2,0.4,0.17,0.25,0.29,0.1
2011-01-30,no hay direccion,0.47,0.32,0.44,0.12,0.16,0.48,0.5
2011-01-31,no hay direccion,0.42,0.27,0.05,0.33,0.45,0.03,0.06
2011-02-01,no hay direccion,0.31,0.33,0.09,0.29,0.07,0.23,0.07
2011-02-02,no hay direccion,0.48,0.16,0.13,0.34,0.34,0.11,0.39
2011-02-03,no hay direccion,0.21,0.16,0.2,0.02,0.28,0.33,0.44
2011-02-04,no hay direccion,0.4,0.3,0.26,0.2,0.49,0.12,0.37
2011-02-05,no hay direccion,0.19,0.45,0.14,0.04,0.26,0.41,0.48
2011-02-06,no hay direccion,0.47,0.35,0.23,0.15,0.15,0.38,0.39
2011-02-07,no hay direccion,0.02,0.3,0.2,0.38,0.3,0.44,0.08
2011-02-08,no hay direccion,0.45,0.16,0.48,0.12,0.3,0.3,0.33
2011-02-09,no hay direccion,0.42,0.11,0.11,0.16,0.49,0.04,0.22
2011-02-10,no hay direccion,0.14,0.06,0.25,0.23,0.03,0.19,0.04
2011-02-11,no hay direccion,0.01,0.13,0.13,0.05,0.11,0.45,0.13
2011-02-12,no hay direccion,0.43,0.3,0.34,0.36,0.48,0.48,0.3
2011-02-13,no hay direccion,0.18,0.49,0.1,0.12,0.14,0.16,0.36
2011-02-14,zona tacagua central,0.48,0.36,0.06,0.51,0.41,0.45,0.36
2011-02-15,no hay direccion,0.4,0.02,0.26,0.05,0.22,0.02,0.25
2011-02-16,no hay direccion,0.25,0.25,0.13,0.43,0.36,0.49,0.28
2011-02-17,no hay direccion,0.48,0.01,0.26,0.23,0.16,0.23,0.1
2011-02-18,no hay direccion,0.47,0.11,0.24,0.1,0.39,0.4,0.2
2011-02-19,no hay direccion,0.44,0.34,0.39,0.48,0.46,0.31,0.02
2011-02-20,no hay direccion,0.05,0.42,0.25,0.01,0.02,0.08,0.02
2011-02-21,no hay direccion,0.04,0.21,0.09,0.11,0.02,0.14,0.4
2011-02-22,no hay direccion,0.23,0.29,0.02,0.14,0.34,0.44,0.45
2011-02-23,no hay direccion,0.07,0.44,0.3,0.37,0.13,0.23,0.08
2011-02-24,no hay direccion,0.21,0.04,0.33,0.5,0.12,0.21,0.08
2011-02-25,no hay direccion,0.45,0.05,0.01,0.44,0.37,0.18,0.16
2011-02-26,alto pampahasi,0.16,0.14,0.19,0.6,0.11,0.1,0.0
2011-02-26,colegio militar,0.05,0.23,0.18,0.86,0.12,0.24,0.49
2011-02-26,santa rosa de callapa,0.07,0.3,0.22,0.47,0.31,0.2,0.27
2011-02-26,valle de las flores b amor de dios,0.49,0.42,0.07,0.83,0.36,0.23,0.18
2011-02-27,zona kupini,0.11,0.03,0.08,0.77,0.02,0.29,0.09
2011-02-27,rio chuluncani,0.01,0.02,0.44,0.41,0.01,0.34,0.17
2011-02-28,no hay direccion,0.3,0.18,0.11,0.12,0.09,0.35,0.5
2011-03-01,no hay direccion,0.21,0.25,0.09,0.11,0.41,0.31,0.43
2011-03-02,no hay direccion,0.06,0.31,0.12,0.08,0.25,0.34,0.26
2011-03-03,no hay direccion,0.23,0.21,0.26,0.42,0.11,0.22,0.08
2011-03-04,no hay direccion,0.08,0.29,0.45,0.39,0.37,0.35,0.39
2011-03-05,no hay direccion,0.1,0.28,0.41,0.04,0.03,0.48,0.33
2011-03-06,no hay direccion,0.4,0.27,0.21,0.01,0.2,0.21,0.1
2011-03-07,no hay direccion,0.2,0.15,0.19,0.35,0.44,0.47,0.44
2011-03-08,no hay direccion,0.16,0.49,0.49,0.43,0.47,0.37,0.16
2011-03-09,no hay direccion,0.11,0.12,0.11,0.01,0.48,0.12,0.01
2011-03-10,no hay direccion,0.11,0.5,0.35,0.2,0.2,0.4,0.12
2011-03-11,no hay direccion,0.3,0.41,0.26,0.29,0.32,0.42,0.4
2011-03-12,no hay direccion,0.14,0.21,0.17,0.11,0.13,0.21,0.21
2011-03-13,no hay direccion,0.2,0.49,0.13,0.1,0.4,0.28,0.28
2011-03-14,no hay direccion,0.09,0.2,0.28,0.27,0.44,0.21,0.22
2011-03-15,no hay direccion,0.23,0.11,0.23,0.34,0.1,0.24,0.32
2011-03-16,no hay direccion,0.34,0.42,0.43,0.32,0.39,0.18,0.18
2011-03-17,no hay direccion,0.34,0.17,0.14,0.17,0.3,0.37,0.42
2011-03-18,no hay direccion,0.1,0.47,0.32,0.29,0.45,0.08,0.25
2011-03-19,no hay direccion,0.44,0.06,0.21,0.36,0.01,0.12,0.42
2011-03-20,no hay direccion,0.07,0.31,0.39,0.48,0.13,0.23,0.45
2011-03-21,no hay direccion,0.24,0.22,0.41,0.11,0.07,0.06,0.03
2011-03-22,no hay direccion,0.19,0.22,0.22,0.26,0.07,0.17,0.1
2011-03-23,no hay direccion,0.34,0.17,0.19,0.1,0.45,0.44,0.24
2011-03-24,no hay direccion,0.07,0.02,0.28,0.29,0.43,0.36,0.09
2011-03-25,no hay direccion,0.37,0.42,0.09,0.08,0.27,0.25,0.1
2011-03-26,no hay direccion,0.4,0.26,0.22,0.36,0.22,0.22,0.25
2011-03-27,no hay direccion,0.15,0.4,0.05,0.26,0.18,0.14,0.37
2011-03-28,no hay direccion,0.34,0.09,0.42,0.48,0.28,0.37,0.01
2011-03-29,no hay direccion,0.44,0.34,0.45,0.49,0.38,0.42,0.21
2011-03-30,no hay direccion,0.42,0.1,0.33,0.09,0.07,0.18,0.43
2011-03-31,no hay direccion,0.29,0.37,0.06,0.24,0.4,0.13,0.4
2011-04-01,no hay direccion,0.01,0.5,0.2,0.4,0.38,0.41,0.4
2011-04-02,no hay direccion,0.44,0.31,0.48,0.41,0.41,0.38,0.14
2011-04-03,no hay direccion,0.12,0.03,0.13,0.33,0.27,0.09,0.15
2011-04-04,no hay direccion,0.42,0.41,0.44,0.15,0.41,0.28,0.1
2011-04-05,no hay direccion,0.36,0.47,0.36,0.22,0.05,0.44,0.13
2011-04-06,no hay direccion,0.4,0.23,0.42,0.26,0.03,0.2,0.49
2011-04-07,no hay direccion,0.03,0.31,0.18,0.47,0.39,0.27,0.47
2011-04-08,no hay direccion,0.39,0.43,0.28,0.36,0.28,0.41,0.47
2011-04-09,no hay direccion,0.38,0.12,0.37,0.06,0.38,0.06,0.39
2011-04-10,no hay direccion,0.12,0.3,0.04,0.14,0.3,0.35,0.17
2011-04-11,no hay direccion,0.42,0.5,0.04,0.09,0.01,0.05,0.34
2011-04-12,no hay direccion,0.06,0.17,0.08,0.34,0.18,0.0,0.43
2011-04-13,no hay direccion,0.25,0.42,0.41,0.32,0.36,0.44,0.06
2011-04-14,no hay direccion,0.13,0.16,0.42,0.28,0.17,0.34,0.28
2011-04-15,no hay direccion,0.43,0.4,0.45,0.1,0.49,0.06,0.06
2011-04-16,no hay direccion,0.36,0.2,0.02,0.06,0.25,0.15,0.34
2011-04-17,no hay direccion,0.32,0.32,0.0,0.17,0.38,0.44,0.5
2011-04-18,no hay direccion,0.06,0.24,0.15,0.38,0.39,0.05,0.16
2011-04-19,no hay direccion,0.14,0.47,0.43,0.14,0.21,0.47,0.12
2011-04-20,no hay direccion,0.0,0.04,0.41,0.15,0.18,0.29,0.21
2011-04-21,no hay direccion,0.16,0.3,0.25,0.04,0.11,0.21,0.25
2011-04-22,no hay direccion,0.06,0.39,0.14,0.16,0.02,0.02,0.43
2011-04-23,no hay direccion,0.46,0.28,0.01,0.18,0.26,0.4,0.07
2011-04-24,no hay direccion,0.31,0.43,0.04,0.36,0.39,0.44,0.07
2011-04-25,no hay direccion,0.38,0.31,0.27,0.38,0.19,0.36,0.23
2011-04-26,no hay direccion,0.24,0.46,0.05,0.33,0.15,0.48,0.01
2011-04-27,no hay direccion,0.47,0.21,0.35,0.44,0.2,0.13,0.23
2011-04-28,no hay direccion,0.26,0.09,0.04,0.17,0.48,0.36,0.04
2011-04-29,no hay direccion,0.46,0.18,0.41,0.3,0.02,0.44,0.05
2011-04-30,no hay direccion,0.04,0.18,0.44,0.13,0.25,0.46,0.14
2011-05-01,no hay direccion,0.28,0.02,0.02,0.5,0.07,0.12,0.45
2011-05-02,no hay direccion,0.02,0.1,0.28,0.14,0.43,0.4,0.04
2011-05-03,no hay direccion,0.34,0.48,0.41,0.26,0.08,0.04,0.35
2011-05-04,no hay direccion,0.01,0.01,0.22,0.24,0.12,0.18,0.28
2011-05-05,no hay direccion,0.32,0.19,0.45,0.22,0.3,0.41,0.4
2011-05-06,no hay direccion,0.42,0.41,0.04,0.26,0.09,0.06,0.31
2011-05-07,no hay direccion,0.02,0.15,0.01,0.44,0.3,0.16,0.34
2011-05-08,no hay direccion,0.27,0.1,0.29,0.18,0.1,0.08,0.28
2011-05-09,no hay direccion,0.37,0.3,0.26,0.43,0.2,0.36,0.37
2011-05-10,no hay direccion,0.19,0.17,0.37,0.1,0.43,0.27,0.47
2011-05-11,no hay direccion,0.06,0.42,0.33,0.01,0.16,0.47,0.32
2011-05-12,no hay direccion,0.19,0.41,0.11,0.38,0.44,0.32,0.18
2011-05-13,no hay direccion,0.22,0.27,0.08,0.43,0.06,0.44,0.29
2011-05-14,no hay direccion,0.19,0.48,0.16,0.1,0.01,0.06,0.37
2011-05-15,no hay direccion,0.07,0.11,0.23,0.32,0.0,0.3,0.4
2011-05-16,no hay direccion,0.29,0.28,0.35,0.27,0.44,0.39,0.37
2011-05-17,no hay direccion,0.19,0.29,0.27,0.31,0.35,0.5,0.41
2011-05-18,no hay direccion,0.16,0.09,0.28,0.5,0.29,0.24,0.31
2011-05-19,no hay direccion,0.11,0.0,0.36,0.24,0.1,0.3,0.1
2011-05-20,no hay direccion,0.33,0.49,0.33,0.14,0.16,0.16,0.36
2011-05-21,no hay direccion,0.37,0.09,0.17,0.33,0.42,0.38,0.39
2011-05-22,no hay direccion,0.28,0.34,0.27,0.29,0.36,0.05,0.28
2011-05-23,no hay direccion,0.1,0.05,0.28,0.2,0.13,0.31,0.11
2011-05-24,no hay direccion,0.39,0.04,0.45,0.24,0.03,0.38,0.42
2011-05-25,no hay direccion,0.25,0.05,0.02,0.11,0.03,0.29,0.23
2011-05-26,no hay direccion,0.25,0.43,0.2,0.44,0.32,0.3,0.13
2011-05-27,no hay direccion,0.09,0.05,0.27,0.41,0.37,0.26,0.43
2011-05-28,no hay direccion,0.28,0.1,0.35,0.34,0.39,0.42,0.42
2011-05-29,no hay direccion,0.25,0.21,0.41,0.28,0.26,0.22,0.37
2011-05-30,no hay direccion,0.15,0.5,0.4,0.19,0.17,0.29,0.06
2011-05-31,no hay direccion,0.49,0.38,0.22,0.12,0.36,0.47,0.12
2011-06-01,no hay direccion,0.2,0.47,0.04,0.34,0.11,0.04,0.28
2011-06-02,no hay direccion,0.05,0.25,0.33,0.29,0.36,0.11,0.39
2011-06-03,no hay direccion,0.14,0.29,0.09,0.12,0.01,0.44,0.38
2011-06-04,no hay direccion,0.02,0.29,0.16,0.4,0.26,0.41,0.32
2011-06-05,no hay direccion,0.13,0.29,0.39,0.07,0.47,0.23,0.4
2011-06-06,no hay direccion,0.16,0.38,0.41,0.5,0.13,0.03,0.12
2011-06-07,no hay direccion,0.15,0.44,0.33,0.11,0.19,0.41,0.44
2011-06-08,no hay direccion,0.19,0.44,0.08,0.09,0.49,0.02,0.21
2011-06-09,no hay direccion,0.03,0.34,0.47,0.01,0.06,0.18,0.08
2011-06-10,no hay direccion,0.25,0.06,0.13,0.02,0.29,0.33,0.28
2011-06-11,no hay direccion,0.49,0.02,0.35,0.41,0.29,0.41,0.31
2011-06-12,no hay direccion,0.38,0.43,0.31,0.19,0.26,0.35,0.32
2011-06-13,no hay direccion,0.49,0.26,0.1,0.18,0.18,0.43,0.27
2011-06-14,no hay direccion,0.45,0.3,0.25,0.45,0.03,0.39,0.14
2011-06-15,no hay direccion,0.24,0.33,0.35,0.26,0.34,0.05,0.16
2011-06-16,no hay direccion,0.04,0.37,0.31,0.15,0.24,0.12,0.35
2011-06-17,no hay direccion,0.01,0.0,0.27,0.26,0.0,0.07,0.37
2011-06-18,no hay direccion,0.34,0.23,0.46,0.09,0.13,0.31,0.16
2011-06-19,no hay direccion,0.34,0.39,0.05,0.02,0.16,0.49,0.41
2011-06-20,no hay direccion,0.15,0.32,0.04,0.0,0.27,0.33,0.5
2011-06-21,no hay direccion,0.31,0.14,0.39,0.17,0.41,0.05,0.08
2011-06-22,no hay direccion,0.11,0.31,0.14,0.35,0.09,0.34,0.34
2011-06-23,no hay direccion,0.43,0.14,0.12,0.05,0.03,0.07,0.44
2011-06-24,no hay direccion,0.02,0.27,0.37,0.28,0.1,0.09,0.29
2011-06-25,no hay direccion,0.26,0.32,0.48,0.14,0.39,0.17,0.3
2011-06-26,no hay direccion,0.42,0.36,0.26,0.14,0.22,0.01,0.39
2011-06-27,no hay direccion,0.21,0.14,0.27,0.23,0.17,0.17,0.08
2011-06-28,no hay direccion,0.08,0.48,0.18,0.25,0.21,0.1,0.49
2011-06-29,no hay direccion,0.27,0.05,0.38,0.23,0.38,0.01,0.02
2011-06-30,no hay direccion,0.33,0.47,0.32,0.29,0.27,0.37,0.38
2011-07-01,no hay direccion,0.49,0.22,0.18,0.35,0.06,0.36,0.45
2011-07-02,no hay direccion,0.24,0.47,0.47,0.42,0.21,0.41,0.07
2011-07-03,no hay direccion,0.25,0.31,0.27,0.22,0.35,0.44,0.2
2011-07-04,no hay direccion,0.04,0.42,0.22,0.16,0.33,0.42,0.32
2011-07-05,no hay direccion,0.0,0.27,0.2,0.03,0.36,0.16,0.34
2011-07-06,no hay direccion,0.02,0.39,0.23,0.41,0.2,0.5,0.47
2011-07-07,no hay direccion,0.03,0.08,0.48,0.24,0.27,0.49,0.32
2011-07-08,no hay direccion,0.1,0.35,0.3,0.07,0.25,0.33,0.0
2011-07-09,no hay direccion,0.39,0.06,0.27,0.28,0.06,0.17,0.36
2011-07-10,no hay direccion,0.49,0.19,0.13,0.04,0.33,0.12,0.24
2011-07-11,no hay direccion,0.08,0.42,0.14,0.17,0.16,0.01,0.28
2011-07-12,no hay direccion,0.27,0.38,0.38,0.09,0.2,0.06,0.35
2011-07-13,no hay direccion,0.01,0.38,0.28,0.01,0.2,0.17,0.08
2011-07-14,no hay direccion,0.37,0.16,0.09,0.46,0.45,0.26,0.49
2011-07-15,no hay direccion,0.13,0.03,0.07,0.4,0.42,0.31,0.06
2011-07-16,no hay direccion,0.21,0.33,0.46,0.0,0.07,0.43,0.45
2011-07-17,no hay direccion,0.15,0.3,0.15,0.11,0.24,0.02,0.22
2011-07-18,no hay direccion,0.07,0.27,0.27,0.5,0.49,0.1,0.5
2011-07-19,no hay direccion,0.5,0.46,0.3,0.07,0.32,0.38,0.13
2011-07-20,no hay direccion,0.44,0.03,0.12,0.21,0.02,0.29,0.27
2011-07-21,no hay direccion,0.26,0.27,0.02,0.38,0.12,0.42,0.15
2011-07-22,no hay direccion,0.04,0.36,0.41,0.28,0.12,0.25,0.26
2011-07-23,no hay direccion,0.24,0.2,0.13,0.48,0.42,0.3,0.45
2011-07-24,no hay direccion,0.34,0.3,0.04,0.31,0.14,0.48,0.4
2011-07-25,no hay direccion,0.31,0.06,0.17,0.14,0.04,0.09,0.25
2011-07-26,no hay direccion,0.08,0.21,0.29,0.43,0.38,0.08,0.25
2011-07-27,no hay direccion,0.04,0.47,0.41,0.5,0.48,0.36,0.21
2011-07-28,no hay direccion,0.31,0.11,0.03,0.24,0.01,0.06,0.28
2011-07-29,no hay direccion,0.19,0.29,0.05,0.43,0.49,0.13,0.37
2011-07-30,no hay direccion,0.44,0.44,0.26,0.44,0.39,0.04,0.4
2011-07-31,no hay direccion,0.02,0.12,0.0,0.22,0.21,0.38,0.16
2011-08-01,no hay direccion,0.42,0.36,0.49,0.45,0.38,0.29,0.44
2011-08-02,no hay direccion,0.46,0.39,0.49,0.48,0.38,0.49,0.12
2011-08-03,no hay direccion,0.15,0.45,0.26,0.03,0.15,0.02,0.22
2011-08-04,no hay direccion,0.01,0.17,0.26,0.38,0.28,0.07,0.02
2011-08-05,no hay direccion,0.05,0.37,0.22,0.09,0.09,0.18,0.14
2011-08-06,no hay direccion,0.25,0.45,0.4,0.43,0.22,0.36,0.46
2011-08-07,no hay direccion,0.22,0.31,0.31,0.0,0.32,0.41,0.31
2011-08-08,no hay direccion,0.08,0.11,0.15,0.12,0.42,0.12,0.28
2011-08-09,no hay direccion,0.31,0.11,0.19,0.13,0.23,0.1,0.35
2011-08-10,no hay direccion,0.06,0.07,0.03,0.25,0.26,0.03,0.37
2011-08-11,no hay direccion,0.08,0.46,0.48,0.45,0.2,0.28,0.0
2011-08-12,no hay direccion,0.2,0.37,0.23,0.45,0.2,0.28,0.41
2011-08-13,no hay direccion,0.02,0.46,0.01,0.13,0.11,0.17,0.06
2011-08-14,no hay direccion,0.05,0.31,0.28,0.47,0.17,0.1,0.26
2011-08-15,no hay direccion,0.04,0.33,0.07,0.11,0.19,0.02,0.2
2011-08-16,no hay direccion,0.18,0.05,0.04,0.03,0.4,0.43,0.35
2011-08-17,no hay direccion,0.24,0.06,0.1,0.44,0.35,0.47,0.31
2011-08-18,no hay direccion,0.1,0.42,0.13,0.4,0.3,0.33,0.16
2011-08-19,no hay direccion,0.38,0.21,0.03,0.16,0.42,0.26,0.32
2011-08-20,no hay direccion,0.06,0.41,0.49,0.39,0.05,0.21,0.26
2011-08-21,no hay direccion,0.41,0.18,0.34,0.43,0.27,0.13,0.02
2011-08-22,no hay direccion,0.34,0.24,0.39,0.06,0.18,0.19,0.44
2011-08-23,no hay direccion,0.48,0.15,0.47,0.15,0.08,0.23,0.01
2011-08-24,no hay direccion,0.17,0.38,0.23,0.27,0.23,0.21,0.09
2011-08-25,no hay direccion,0.47,0.05,0.05,0.37,0.36,0.31,0.42
2011-08-26,no hay direccion,0.17,0.29,0.12,0.23,0.26,0.03,0.18
2011-08-27,no hay direccion,0.12,0.02,0.28,0.25,0.39,0.4,0.18
2011-08-28,no hay direccion,0.07,0.47,0.13,0.05,0.36,0.15,0.38
2011-08-29,no hay direccion,0.18,0.04,0.47,0.42,0.06,0.33,0.16
2011-08-30,no hay direccion,0.08,0.34,0.17,0.07,0.02,0.34,0.35
2011-08-31,no hay direccion,0.19,0.5,0.31,0.16,0.09,0.31,0.48
2011-09-01,no hay direccion,0.31,0.49,0.36,0.39,0.11,0.13,0.02
2011-09-02,no hay direccion,0.34,0.47,0.11,0.18,0.23,0.2,0.12
2011-09-03,no hay direccion,0.32,0.09,0.39,0.03,0.15,0.49,0.08
2011-09-04,no hay direccion,0.13,0.42,0.22,0.13,0.47,0.02,0.16
2011-09-05,no hay direccion,0.4,0.26,0.41,0.11,0.29,0.29,0.18
2011-09-06,no hay direccion,0.36,0.19,0.27,0.19,0.21,0.06,0.19
2011-09-07,no hay direccion,0.5,0.29,0.16,0.38,0.45,0.09,0.42
2011-09-08,no hay direccion,0.27,0.36,0.05,0.36,0.05,0.05,0.16
2011-09-09,no hay direccion,0.49,0.39,0.35,0.06,0.34,0.05,0.41
2011-09-10,no hay direccion,0.18,0.32,0.21,0.17,0.2,0.03,0.37
2011-09-11,no hay direccion,0.19,0.4,0.05,0.08,0.33,0.2,0.35
2011-09-12,no hay direccion,0.38,0.05,0.47,0.0,0.35,0.02,0.38
2011-09-13,no hay direccion,0.32,0.1,0.02,0.29,0.35,0.2,0.38
2011-09-14,no hay direccion,0.43,0.37,0.01,0.03,0.39,0.41,0.49
2011-09-15,no hay direccion,0.17,0.13,0.25,0.03,0.15,0.03,0.32
2011-09-16,no hay direccion,0.32,0.45,0.25,0.46,0.02,0.1,0.48
2011-09-17,no hay direccion,0.05,0.17,0.34,0.07,0.39,0.49,0.24
2011-09-18,no hay direccion,0.19,0.5,0.13,0.43,0.47,0.03,0.29
2011-09-19,no hay direccion,0.2,0.08,0.44,0.02,0.31,0.34,0.31
2011-09-20,no hay direccion,0.4,0.38,0.48,0.04,0.01,0.4,0.26
2011-09-21,no hay direccion,0.33,0.04,0.36,0.32,0.02,0.08,0.27
2011-09-22,no hay direccion,0.26,0.42,0.18,0.21,0.21,0.45,0.11
2011-09-23,no hay direccion,0.12,0.2,0.28,0.48,0.47,0.18,0.01
2011-09-24,no hay direccion,0.28,0.4,0.44,0.29,0.46,0.35,0.1
2011-09-25,no hay direccion,0.17,0.41,0.42,0.39,0.07,0.45,0.28
2011-09-26,no hay direccion,0.4,0.06,0.25,0.2,0.27,0.08,0.43
2011-09-27,no hay direccion,0.28,0.21,0.46,0.48,0.12,0.21,0.14
2011-09-28,no hay direccion,0.04,0.06,0.25,0.13,0.24,0.38,0.39
2011-09-29,no hay direccion,0.32,0.28,0.1,0.45,0.44,0.34,0.03
2011-09-30,no hay direccion,0.43,0.17,0.3,0.45,0.39,0.41,0.13
2011-10-01,no hay direccion,0.44,0.37,0.2,0.21,0.41,0.0,0.02
2011-10-02,no hay direccion,0.37,0.34,0.35,0.34,0.25,0.19,0.23
2011-10-03,no hay direccion,0.05,0.04,0.01,0.29,0.26,0.02,0.21
2011-10-04,no hay direccion,0.29,0.34,0.37,0.12,0.15,0.46,0.05
2011-10-05,no hay direccion,0.21,0.39,0.35,0.31,0.27,0.1,0.13
2011-10-06,no hay direccion,0.43,0.15,0.42,0.2,0.16,0.01,0.47
2011-10-07,no hay direccion,0.27,0.29,0.45,0.05,0.13,0.15,0.18
2011-10-08,no hay direccion,0.36,0.26,0.14,0.07,0.07,0.28,0.34
2011-10-09,no hay direccion,0.11,0.38,0.11,0.47,0.09,0.18,0.11
2011-10-10,no hay direccion,0.06,0.25,0.17,0.3,0.09,0.34,0.43
2011-10-11,no hay direccion,0.34,0.48,0.01,0.06,0.16,0.42,0.35
2011-10-12,no hay direccion,0.4,0.41,0.04,0.17,0.01,0.14,0.06
2011-10-13,no hay direccion,0.17,0.19,0.04,0.1,0.31,0.36,0.28
2011-10-14,no hay direccion,0.02,0.47,0.01,0.38,0.06,0.19,0.3
2011-10-15,no hay direccion,0.31,0.06,0.11,0.28,0.05,0.38,0.35
2011-10-16,no hay direccion,0.26,0.29,0.15,0.27,0.06,0.39,0.34
2011-10-17,no hay direccion,0.23,0.01,0.39,0.14,0.33,0.18,0.26
2011-10-18,no hay direccion,0.19,0.34,0.0,0.29,0.16,0.07,0.07
2011-10-19,no hay direccion,0.32,0.29,0.06,0.05,0.41,0.39,0.49
2011-10-20,no hay direccion,0.18,0.28,0.07,0.35,0.46,0.21,0.19
2011-10-21,no hay direccion,0.16,0.0,0.18,0.42,0.4,0.28,0.09
2011-10-22,no hay direccion,0.22,0.42,0.33,0.03,0.1,0.26,0.32
2011-10-23,no hay direccion,0.13,0.01,0.14,0.44,0.48,0.48,0.01
2011-10-24,no hay direccion,0.18,0.08,0.21,0.02,0.12,0.39,0.0
2011-10-25,no hay direccion,0.16,0.26,0.12,0.46,0.04,0.27,0.41
2011-10-26,no hay direccion,0.2,0.06,0.08,0.39,0.15,0.2,0.17
2011-10-27,no hay direccion,0.26,0.43,0.25,0.42,0.39,0.16,0.03
2011-10-28,no hay direccion,0.09,0.43,0.05,0.06,0.12,0.03,0.17
2011-10-29,no hay direccion,0.31,0.28,0.15,0.22,0.41,0.04,0.35
2011-10-30,no hay direccion,0.08,0.19,0.32,0.22,0.01,0.18,0.43
2011-10-31,no hay direccion,0.31,0.33,0.24,0.26,0.3,0.22,0.16
2011-11-01,no hay direccion,0.43,0.41,0.46,0.3,0.46,0.03,0.4
2011-11-02,no hay direccion,0.08,0.2,0.08,0.31,0.5,0.36,0.35
2011-11-03,no hay direccion,0.18,0.06,0.49,0.01,0.46,0.03,0.28
2011-11-04,no hay direccion,0.5,0.15,0.18,0.33,0.18,0.1,0.02
2011-11-05,no hay direccion,0.38,0.19,0.35,0.33,0.15,0.18,0.31
2011-11-06,no hay direccion,0.05,0.09,0.03,0.17,0.29,0.48,0.21
2011-11-07,no hay direccion,0.19,0.22,0.46,0.14,0.3,0.37,0.48
2011-11-08,no hay direccion,0.38,0.46,0.12,0.01,0.28,0.45,0.03
2011-11-09,no hay direccion,0.25,0.33,0.15,0.09,0.26,0.3,0.3
2011-11-10,no hay direccion,0.08,0.32,0.28,0.04,0.43,0.26,0.34
2011-11-11,no hay direccion,0.24,0.02,0.38,0.33,0.32,0.27,0.07
2011-11-12,no hay direccion,0.22,0.38,0.25,0.16,0.23,0.09,0.19
2011-11-13,no hay direccion,0.5,0.44,0.46,0.32,0.25,0.17,0.1
2011-11-14,no hay direccion,0.34,0.29,0.24,0.39,0.46,0.45,0.33
2011-11-15,no hay direccion,0.32,0.32,0.17,0.11,0.46,0.07,0.29
2011-11-16,no hay direccion,0.16,0.26,0.16,0.09,0.17,0.12,0.16
2011-11-17,no hay direccion,0.38,0.15,0.37,0.33,0.42,0.24,0.21
2011-11-18,no hay direccion,0.29,0.3,0.23,0.44,0.44,0.11,0.1
2011-11-19,no hay direccion,0.5,0.2,0.5,0.1,0.15,0.16,0.49
2011-11-20,no hay direccion,0.1,0.25,0.21,0.27,0.25,0.2,0.41
2011-11-21,no hay direccion,0.25,0.32,0.24,0.24,0.06,0.01,0.18
2011-11-22,no hay direccion,0.35,0.27,0.35,0.17,0.3,0.28,0.05
2011-11-23,no hay direccion,0.3,0.18,0.27,0.44,0.03,0.42,0.14
2011-11-24,no hay direccion,0.4,0.15,0.06,0.02,0.33,0.17,0.42
2011-11-25,no hay direccion,0.03,0.21,0.4,0.23,0.27,0.39,0.01
2011-11-26,no hay direccion,0.5,0.45,0.26,0.03,0.33,0.49,0.17
2011-11-27,no hay direccion,0.01,0.08,0.03,0.41,0.25,0.27,0.31
2011-11-28,no hay direccion,0.14,0.27,0.14,0.24,0.04,0.21,0.47
2011-11-29,no hay direccion,0.5,0.3,0.13,0.37,0.34,0.36,0.05
2011-11-30,no hay direccion,0.17,0.48,0.11,0.23,0.37,0.21,0.12
2011-12-01,no hay direccion,0.38,0.24,0.45,0.17,0.24,0.33,0.12
2011-12-02,no hay direccion,0.08,0.05,0.06,0.46,0.11,0.32,0.35
2011-12-03,no hay direccion,0.48,0.23,0.41,0.28,0.47,0.4,0.3
2011-12-04,no hay direccion,0.3,0.36,0.35,0.12,0.41,0.26,0.3
2011-12-05,no hay direccion,0.33,0.37,0.28,0.27,0.33,0.17,0.5
2011-12-06,no hay direccion,0.23,0.27,0.49,0.31,0.13,0.21,0.07
2011-12-07,no hay direccion,0.45,0.12,0.11,0.32,0.43,0.49,0.18
2011-12-08,no hay direccion,0.1,0.25,0.01,0.31,0.25,0.3,0.33
2011-12-09,no hay direccion,0.04,0.39,0.09,0.47,0.28,0.04,0.25
2011-12-10,no hay direccion,0.08,0.13,0.45,0.44,0.24,0.19,0.34
2011-12-11,no hay direccion,0.08,0.23,0.01,0.19,0.25,0.43,0.49
2011-12-12,no hay direccion,0.42,0.11,0.32,0.19,0.13,0.4,0.36
2011-12-13,no hay direccion,0.44,0.42,0.46,0.24,0.17,0.48,0.34
2011-12-14,no hay direccion,0.1,0.32,0.31,0.36,0.04,0.08,0.4
2011-12-15,no hay direccion,0.33,0.27,0.47,0.04,0.29,0.4,0.01
2011-12-16,no hay direccion,0.01,0.2,0.45,0.33,0.41,0.29,0.2
2011-12-17,no hay direccion,0.05,0.03,0.23,0.4,0.07,0.46,0.13
2011-12-18,no hay direccion,0.5,0.01,0.2,0.45,0.29,0.43,0.14
2011-12-19,no hay direccion,0.41,0.2,0.28,0.1,0.17,0.37,0.47
2011-12-20,no hay direccion,0.0,0.12,0.17,0.28,0.24,0.21,0.42
2011-12-21,no hay direccion,0.36,0.12,0.05,0.16,0.12,0.05,0.44
2011-12-22,no hay direccion,0.42,0.43,0.27,0.05,0.08,0.21,0.25
2011-12-23,no hay direccion,0.21,0.23,0.35,0.31,0.1,0.22,0.22
2011-12-24,no hay direccion,0.38,0.07,0.09,0.22,0.09,0.01,0.22
2011-12-25,no hay direccion,0.19,0.37,0.31,0.44,0.29,0.35,0.25
2011-12-26,no hay direccion,0.34,0.33,0.12,0.28,0.23,0.04,0.13
2011-12-27,no hay direccion,0.04,0.01,0.25,0.22,0.29,0.16,0.05
2011-12-28,no hay direccion,0.31,0.25,0.32,0.47,0.45,0.3,0.03
2011-12-29,no hay direccion,0.22,0.19,0.27,0.46,0.37,0.48,0.02
2011-12-30,no hay direccion,0.08,0.01,0.42,0.37,0.49,0.16,0.14
2011-12-31,no hay direccion,0.21,0.21,0.21,0.2,0.05,0.18,0.38
2012-01-01,no hay direccion,0.4,0.01,0.15,0.33,0.44,0.15,0.47
2012-01-02,no hay direccion,0.21,0.24,0.48,0.14,0.4,0.43,0.21
2012-01-03,no hay direccion,0.23,0.2,0.01,0.09,0.08,0.06,0.03
2012-01-04,no hay direccion,0.14,0.18,0.43,0.02,0.43,0.15,0.12
2012-01-05,no hay direccion,0.43,0.19,0.1,0.14,0.42,0.44,0.13
2012-01-06,no hay direccion,0.26,0.36,0.3,0.18,0.4,0.02,0.07
2012-01-07,no hay direccion,0.25,0.2,0.29,0.37,0.01,0.36,0.46
2012-01-08,no hay direccion,0.07,0.18,0.46,0.45,0.41,0.47,0.14
2012-01-09,no hay direccion,0.37,0.07,0.36,0.08,0.12,0.38,0.15
2012-01-10,no hay direccion,0.35,0.29,0.3,0.09,0.01,0.45,0.41
2012-01-11,no hay direccion,0.31,0.23,0.49,0.27,0.49,0.16,0.2
2012-01-12,no hay direccion,0.27,0.44,0.15,0.41,0.17,0.05,0.47
2012-01-13,no hay direccion,0.49,0.47,0.03,0.06,0.36,0.14,0.18
2012-01-14,no hay direccion,0.24,0.19,0.05,0.44,0.01,0.15,0.35
2012-01-15,no hay direccion,0.1,0.15,0.39,0.19,0.36,0.27,0.29
2012-01-16,no hay direccion,0.45,0.32,0.35,0.11,0.34,0.06,0.26
2012-01-17,no hay direccion,0.35,0.03,0.39,0.4,0.44,0.49,0.23
2012-01-18,no hay direccion,0.32,0.18,0.1,0.02,0.16,0.12,0.06
2012-01-19,no hay direccion,0.01,0.32,0.34,0.16,0.34,0.23,0.24
2012-01-20,no hay direccion,0.44,0.21,0.45,0.21,0.4,0.23,0.26
2012-01-21,no hay direccion,0.41,0.14,0.06,0.39,0.41,0.03,0.46
2012-01-22,no hay direccion,0.33,0.0,0.27,0.33,0.49,0.43,0.11
2012-01-23,avenida escobar uria-kupini alto,0.36,0.64,0.28,0.27,0.3,0.36,0.16
2012-01-24,no hay direccion,0.21,0.07,0.5,0.22,0.42,0.37,0.17
2012-01-25,no hay direccion,0.07,0.3,0.33,0.35,0.28,0.34,0.05
2012-01-26,no hay direccion,0.34,0.01,0.45,0.13,0.01,0.37,0.13
2012-01-27,no hay direccion,0.27,0.08,0.21,0.47,0.45,0.05,0.39
2012-01-28,no hay direccion,0.19,0.04,0.11,0.27,0.02,0.35,0.04
2012-01-29,no hay direccion,0.36,0.34,0.07,0.12,0.3,0.26,0.26
2012-01-30,no hay direccion,0.04,0.12,0.17,0.15,0.24,0.26,0.23
2012-01-31,no hay direccion,0.19,0.34,0.35,0.0,0.02,0.13,0.27
2012-02-01,hoyada 23 de marzo,0.06,0.38,0.27,0.95,0.32,0.06,0.43
2012-02-01,las lomas,0.27,0.31,0.11,0.88,0.12,0.35,0.49
2012-02-02,no hay direccion,0.49,0.46,0.33,0.39,0.44,0.5,0.18
2012-02-03,no hay direccion,0.14,0.23,0.5,0.37,0.48,0.04,0.15
2012-02-04,no hay direccion,0.19,0.44,0.23,0.27,0.14,0.39,0.06
2012-02-05,no hay direccion,0.2,0.06,0.11,0.46,0.43,0.03,0.12
2012-02-06,no hay direccion,0.03,0.01,0.15,0.49,0.01,0.48,0.07
2012-02-07,no hay direccion,0.01,0.17,0.42,0.24,0.04,0.11,0.06
2012-02-08,no hay direccion,0.38,0.26,0.05,0.08,0.21,0.34,0.06
2012-02-09,no hay direccion,0.29,0.11,0.3,0.06,0.48,0.21,0.32
2012-02-10,no hay direccion,0.34,0.17,0.17,0.43,0.44,0.0,0.24
2012-02-11,no hay direccion,0.16,0.48,0.01,0.15,0.15,0.37,0.35
2012-02-12,no hay direccion,0.1,0.06,0.02,0.24,0.39,0.17,0.48
2012-02-13,no hay direccion,0.24,0.0,0.12,0.29,0.4,0.31,0.08
2012-02-14,avenida periferica,0.27,0.36,0.17,0.86,0.3,0.18,0.38
2012-02-15,achachicala,0.32,0.49,0.06,0.87,0.48,0.11,0.0
2012-02-16,no hay direccion,0.46,0.39,0.1,0.08,0.0,0.15,0.15
2012-02-17,no hay direccion,0.3,0.23,0.45,0.05,0.48,0.18,0.18
2012-02-18,no hay direccion,0.01,0.21,0.21,0.48,0.36,0.05,0.47
2012-02-19,no hay direccion,0.29,0.05,0.12,0.19,0.07,0.15,0.23
2012-02-20,no hay direccion,0.34,0.48,0.12,0.26,0.32,0.18,0.19
2012-02-21,no hay direccion,0.27,0.18,0.13,0.42,0.46,0.22,0.34
2012-02-22,no hay direccion,0.48,0.2,0.08,0.3,0.04,0.21,0.29
2012-02-23,zona chasquipampa,0.41,0.34,0.09,0.64,0.46,0.34,0.4
2012-02-23,zona san antonio,0.48,0.21,0.48,0.72,0.31,0.2,0.11
2012-02-24,no hay direccion,0.07,0.39,0.32,0.25,0.43,0.48,0.09
2012-02-25,no hay direccion,0.16,0.37,0.17,0.1,0.25,0.5,0.41
2012-02-26,no hay direccion,0.24,0.1,0.31,0.16,0.33,0.04,0.13
2012-02-27,no hay direccion,0.15,0.18,0.15,0.42,0.19,0.47,0.35
2012-02-28,no hay direccion,0.16,0.04,0.28,0.23,0.12,0.2,0.08
2012-02-29,no hay direccion,0.11,0.02,0.39,0.47,0.46,0.32,0.21
2012-03-01,no hay direccion,0.06,0.36,0.29,0.1,0.4,0.33,0.38
2012-03-02,no hay direccion,0.42,0.29,0.2,0.24,0.45,0.07,0.28
2012-03-03,no hay direccion,0.1,0.43,0.45,0.43,0.46,0.27,0.13
2012-03-04,no hay direccion,0.32,0.4,0.07,0.29,0.14,0.27,0.45
2012-03-05,no hay direccion,0.01,0.0,0.19,0.35,0.02,0.03,0.37
2012-03-06,no hay direccion,0.21,0.08,0.4,0.36,0.19,0.17,0.27
2012-03-07,no hay direccion,0.1,0.05,0.4,0.48,0.47,0.2,0.35
2012-03-08,no hay direccion,0.02,0.41,0.17,0.46,0.35,0.11,0.12
2012-03-09,no hay direccion,0.01,0.33,0.3,0.25,0.36,0.19,0.33
2012-03-10,no hay direccion,0.17,0.32,0.2,0.01,0.46,0.27,0.15
2012-03-11,no hay direccion,0.39,0.15,0.14,0.38,0.18,0.47,0.03
2012-03-12,no hay direccion,0.45,0.3,0.41,0.46,0.38,0.35,0.22
2012-03-13,no hay direccion,0.44,0.22,0.04,0.06,0.22,0.42,0.18
2012-03-14,no hay direccion,0.5,0.25,0.45,0.14,0.42,0.4,0.3
2012-03-15,no hay direccion,0.46,0.22,0.3,0.31,0.47,0.02,0.09
2012-03-16,no hay direccion,0.2,0.02,0.41,0.24,0.32,0.06,0.23
2012-03-17,no hay direccion,0.49,0.44,0.35,0.4,0.26,0.47,0.27
2012-03-18,no hay direccion,0.09,0.4,0.36,0.07,0.1,0.09,0.11
2012-03-19,no hay direccion,0.27,0.13,0.04,0.15,0.08,0.27,0.2
2012-03-20,no hay direccion,0.37,0.11,0.05,0.21,0.05,0.46,0.06
2012-03-21,no hay direccion,0.34,0.12,0.41,0.22,0.01,0.4,0.32
2012-03-22,no hay direccion,0.05,0.43,0.34,0.22,0.49,0.1,0.2
2012-03-23,no hay direccion,0.36,0.18,0.38,0.47,0.22,0.33,0.15
2012-03-24,no hay direccion,0.47,0.02,0.16,0.26,0.43,0.38,0.46
2012-03-25,no hay direccion,0.46,0.29,0.21,0.49,0.04,0.01,0.34
2012-03-26,no hay direccion,0.07,0.03,0.49,0.5,0.17,0.4,0.46
2012-03-27,no hay direccion,0.31,0.03,0.22,0.06,0.29,0.18,0.38
2012-03-28,no hay direccion,0.02,0.16,0.4,0.45,0.16,0.33,0.23
2012-03-29,no hay direccion,0.19,0.23,0.39,0.09,0.09,0.13,0.13
2012-03-30,no hay direccion,0.17,0.1,0.2,0.47,0.42,0.03,0.14
2012-03-31,no hay direccion,0.33,0.08,0.32,0.13,0.05,0.14,0.08
2012-04-01,no hay direccion,0.05,0.08,0.22,0.18,0.43,0.5,0.26
2012-04-02,no hay direccion,0.32,0.04,0.42,0.44,0.34,0.48,0.15
2012-04-03,no hay direccion,0.21,0.08,0.02,0.08,0.19,0.24,0.18
2012-04-04,no hay direccion,0.11,0.18,0.18,0.0,0.03,0.09,0.08
2012-04-05,no hay direccion,0.5,0.34,0.2,0.36,0.48,0.46,0.46
2012-04-06,no hay direccion,0.2,0.1,0.23,0.25,0.01,0.48,0.0
2012-04-07,no hay direccion,0.43,0.22,0.31,0.35,0.08,0.34,0.02
2012-04-08,no hay direccion,0.42,0.42,0.22,0.19,0.09,0.25,0.19
2012-04-09,no hay direccion,0.43,0.17,0.07,0.19,0.08,0.39,0.04
2012-04-10,no hay direccion,0.47,0.08,0.34,0.16,0.37,0.2,0.35
2012-04-11,no hay direccion,0.34,0.33,0.01,0.22,0.18,0.19,0.1
2012-04-12,no hay direccion,0.17,0.13,0.05,0.32,0.27,0.46,0.24
2012-04-13,no hay direccion,0.43,0.08,0.37,0.09,0.16,0.34,0.36
2012-04-14,no hay direccion,0.31,0.4,0.02,0.24,0.4,0.29,0.45
2012-04-15,no hay direccion,0.16,0.15,0.05,0.0,0.37,0.33,0.16
2012-04-16,no hay direccion,0.0,0.38,0.34,0.11,0.44,0.14,0.37
2012-04-17,no hay direccion,0.04,0.25,0.12,0.18,0.41,0.5,0.27
2012-04-18,no hay direccion,0.15,0.19,0.48,0.08,0.1,0.33,0.28
2012-04-19,no hay direccion,0.35,0.44,0.05,0.01,0.4,0.37,0.3
2012-04-20,no hay direccion,0.32,0.27,0.44,0.48,0.36,0.13,0.13
2012-04-21,no hay direccion,0.21,0.26,0.18,0.06,0.02,0.24,0.43
2012-04-22,no hay direccion,0.34,0.44,0.33,0.23,0.2,0.1,0.17
2012-04-23,no hay direccion,0.04,0.17,0.33,0.49,0.4,0.34,0.11
2012-04-24,no hay direccion,0.04,0.21,0.07,0.4,0.44,0.0,0.19
2012-04-25,no hay direccion,0.31,0.38,0.15,0.21,0.33,0.3,0.21
2012-04-26,no hay direccion,0.44,0.11,0.38,0.32,0.19,0.42,0.22
2012-04-27,no hay direccion,0.17,0.2,0.5,0.07,0.03,0.5,0.48
2012-04-28,no hay direccion,0.49,0.39,0.24,0.1,0.24,0.38,0.01
2012-04-29,no hay direccion,0.34,0.39,0.28,0.39,0.28,0.29,0.36
2012-04-30,no hay direccion,0.31,0.26,0.21,0.31,0.14,0.06,0.2
2012-05-01,no hay direccion,0.2,0.21,0.3,0.31,0.31,0.16,0.16
2012-05-02,no hay direccion,0.43,0.19,0.3,0.38,0.3,0.44,0.35
2012-05-03,no hay direccion,0.32,0.29,0.36,0.38,0.38,0.21,0.19
2012-05-04,no hay direccion,0.24,0.45,0.15,0.04,0.03,0.19,0.2
2012-05-05,no hay direccion,0.29,0.49,0.02,0.43,0.34,0.25,0.28
2012-05-06,no hay direccion,0.06,0.33,0.14,0.26,0.14,0.07,0.04
2012-05-07,no hay direccion,0.1,0.41,0.45,0.22,0.16,0.19,0.14
2012-05-08,no hay direccion,0.08,0.09,0.48,0.05,0.26,0.29,0.37
2012-05-09,no hay direccion,0.06,0.44,0.22,0.04,0.35,0.13,0.4
2012-05-10,no hay direccion,0.03,0.38,0.27,0.24,0.42,0.21,0.42
2012-05-11,no hay direccion,0.39,0.43,0.27,0.49,0.17,0.2,0.43
2012-05-12,no hay direccion,0.32,0.27,0.28,0.05,0.08,0.29,0.07
2012-05-13,no hay direccion,0.3,0.37,0.15,0.48,0.35,0.25,0.14
2012-05-14,no hay direccion,0.14,0.37,0.28,0.31,0.38,0.41,0.06
2012-05-15,no hay direccion,0.35,0.49,0.21,0.18,0.18,0.07,0.1
2012-05-16,no hay direccion,0.25,0.42,0.23,0.22,0.39,0.32,0.38
2012-05-17,no hay direccion,0.32,0.17,0.15,0.31,0.01,0.19,0.05
2012-05-18,no hay direccion,0.16,0.37,0.1,0.19,0.16,0.02,0.09
2012-05-19,no hay direccion,0.44,0.44,0.3,0.46,0.43,0.37,0.43
2012-05-20,no hay direccion,0.31,0.19,0.02,0.3,0.45,0.29,0.23
2012-05-21,no hay direccion,0.13,0.06,0.34,0.36,0.48,0.04,0.31
2012-05-22,no hay direccion,0.09,0.45,0.1,0.21,0.08,0.48,0.35
2012-05-23,no hay direccion,0.35,0.44,0.11,0.09,0.5,0.44,0.15
2012-05-24,no hay direccion,0.4,0.15,0.28,0.32,0.39,0.4,0.1
2012-05-25,no hay direccion,0.46,0.34,0.27,0.11,0.14,0.16,0.05
2012-05-26,no hay direccion,0.37,0.04,0.01,0.17,0.1,0.05,0.26
2012-05-27,no hay direccion,0.36,0.15,0.45,0.49,0.34,0.36,0.4
2012-05-28,no hay direccion,0.25,0.47,0.48,0.32,0.39,0.48,0.21
2012-05-29,no hay direccion,0.47,0.0,0.46,0.04,0.4,0.03,0.11
2012-05-30,no hay direccion,0.09,0.45,0.23,0.12,0.44,0.04,0.23
2012-05-31,no hay direccion,0.2,0.42,0.1,0.07,0.44,0.38,0.15
2012-06-01,no hay direccion,0.26,0.28,0.36,0.05,0.16,0.4,0.3
2012-06-02,no hay direccion,0.43,0.4,0.3,0.46,0.45,0.19,0.08
2012-06-03,no hay direccion,0.48,0.48,0.14,0.27,0.35,0.3,0.42
2012-06-04,no hay direccion,0.12,0.44,0.26,0.14,0.06,0.32,0.28
2012-06-05,no hay direccion,0.47,0.1,0.09,0.34,0.09,0.43,0.32
2012-06-06,no hay direccion,0.29,0.41,0.33,0.07,0.39,0.35,0.48
2012-06-07,no hay direccion,0.35,0.38,0.22,0.31,0.32,0.08,0.46
2012-06-08,no hay direccion,0.12,0.12,0.13,0.4,0.24,0.43,0.44
2012-06-09,no hay direccion,0.16,0.21,0.42,0.34,0.09,0.42,0.49
2012-06-10,no hay direccion,0.42,0.35,0.03,0.14,0.23,0.34,0.18
2012-06-11,no hay direccion,0.36,0.16,0.38,0.13,0.19,0.49,0.22
2012-06-12,no hay direccion,0.49,0.43,0.12,0.36,0.29,0.22,0.31
2012-06-13,no hay direccion,0.22,0.35,0.19,0.31,0.36,0.09,0.16
2012-06-14,no hay direccion,0.38,0.33,0.16,0.48,0.02,0.3,0.42
2012-06-15,no hay direccion,0.44,0.07,0.46,0.33,0.38,0.06,0.19
2012-06-16,no hay direccion,0.04,0.18,0.43,0.3,0.2,0.13,0.09
2012-06-17,no hay direccion,0.4,0.01,0.23,0.1,0.44,0.35,0.41
2012-06-18,no hay direccion,0.3,0.01,0.39,0.1,0.45,0.28,0.2
2012-06-19,no hay direccion,0.5,0.02,0.5,0.06,0.04,0.37,0.39
2012-06-20,no hay direccion,0.49,0.32,0.19,0.21,0.14,0.42,0.38
2012-06-21,no hay direccion,0.34,0.13,0.31,0.02,0.01,0.36,0.38
2012-06-22,no hay direccion,0.08,0.3,0.1,0.15,0.16,0.23,0.47
2012-06-23,no hay direccion,0.47,0.32,0.18,0.13,0.41,0.01,0.11
2012-06-24,no hay direccion,0.06,0.05,0.5,0.29,0.18,0.34,0.33
2012-06-25,no hay direccion,0.18,0.36,0.48,0.24,0.47,0.35,0.36
2012-06-26,no hay direccion,0.36,0.3,0.06,0.01,0.28,0.34,0.47
2012-06-27,no hay direccion,0.41,0.25,0.41,0.09,0.32,0.15,0.04
2012-06-28,no hay direccion,0.19,0.38,0.19,0.24,0.17,0.02,0.39
2012-06-29,no hay direccion,0.26,0.37,0.47,0.15,0.45,0.12,0.21
2012-06-30,no hay direccion,0.06,0.39,0.02,0.35,0.13,0.43,0.41
2012-07-01,no hay direccion,0.09,0.42,0.09,0.26,0.18,0.03,0.41
2012-07-02,no hay direccion,0.09,0.39,0.19,0.33,0.29,0.44,0.34
2012-07-03,no hay direccion,0.45,0.1,0.35,0.3,0.16,0.18,0.01
2012-07-04,no hay direccion,0.26,0.07,0.39,0.45,0.46,0.15,0.5
2012-07-05,no hay direccion,0.26,0.11,0.02,0.17,0.12,0.5,0.13
2012-07-06,no hay direccion,0.46,0.19,0.17,0.14,0.27,0.31,0.5
2012-07-07,no hay direccion,0.28,0.19,0.18,0.02,0.07,0.23,0.22
2012-07-08,no hay direccion,0.04,0.04,0.2,0.29,0.47,0.05,0.47
2012-07-09,no hay direccion,0.19,0.04,0.2,0.03,0.45,0.32,0.25
2012-07-10,no hay direccion,0.48,0.35,0.41,0.31,0.06,0.03,0.45
2012-07-11,no hay direccion,0.07,0.05,0.21,0.35,0.2,0.49,0.18
2012-07-12,no hay direccion,0.47,0.09,0.32,0.27,0.28,0.0,0.14
2012-07-13,no hay direccion,0.05,0.23,0.42,0.42,0.48,0.37,0.33
2012-07-14,no hay direccion,0.01,0.16,0.5,0.13,0.29,0.27,0.43
2012-07-15,no hay direccion,0.35,0.44,0.24,0.09,0.24,0.24,0.47
2012-07-16,no hay direccion,0.17,0.34,0.36,0.31,0.48,0.11,0.34
2012-07-17,no hay direccion,0.09,0.49,0.02,0.08,0.48,0.11,0.47
2012-07-18,no hay direccion,0.07,0.14,0.45,0.25,0.32,0.47,0.25
2012-07-19,no hay direccion,0.46,0.16,0.04,0.15,0.36,0.33,0.02
2012-07-20,no hay direccion,0.26,0.02,0.18,0.22,0.19,0.43,0.14
2012-07-21,no hay direccion,0.21,0.38,0.02,0.0,0.04,0.28,0.36
2012-07-22,no hay direccion,0.2,0.41,0.19,0.01,0.05,0.35,0.28
2012-07-23,no hay direccion,0.21,0.29,0.44,0.02,0.23,0.46,0.47
2012-07-24,no hay direccion,0.09,0.04,0.03,0.12,0.33,0.37,0.41
2012-07-25,no hay direccion,0.32,0.22,0.44,0.19,0.28,0.03,0.07
2012-07-26,no hay direccion,0.0,0.22,0.11,0.35,0.16,0.27,0.09
2012-07-27,no hay direccion,0.44,0.47,0.08,0.04,0.29,0.16,0.02
2012-07-28,no hay direccion,0.47,0.33,0.36,0.37,0.32,0.05,0.05
2012-07-29,no hay direccion,0.07,0.03,0.47,0.13,0.02,0.44,0.38
2012-07-30,no hay direccion,0.42,0.06,0.13,0.02,0.28,0.43,0.15
2012-07-31,no hay direccion,0.17,0.06,0.32,0.46,0.39,0.48,0.17
2012-08-01,no hay direccion,0.03,0.07,0.1,0.15,0.5,0.43,0.43
2012-08-02,no hay direccion,0.3,0.08,0.39,0.44,0.15,0.11,0.27
2012-08-03,no hay direccion,0.46,0.29,0.2,0.09,0.13,0.4,0.11
2012-08-04,no hay direccion,0.4,0.23,0.16,0.44,0.16,0.09,0.25
2012-08-05,no hay direccion,0.41,0.3,0.23,0.29,0.04,0.3,0.12
2012-08-06,no hay direccion,0.42,0.07,0.17,0.49,0.46,0.0,0.02
2012-08-07,no hay direccion,0.17,0.08,0.16,0.05,0.12,0.14,0.19
2012-08-08,no hay direccion,0.36,0.22,0.45,0.45,0.05,0.11,0.02
2012-08-09,no hay direccion,0.2,0.05,0.16,0.37,0.38,0.26,0.48
2012-08-10,no hay direccion,0.25,0.01,0.26,0.37,0.19,0.08,0.22
2012-08-11,no hay direccion,0.33,0.35,0.21,0.19,0.37,0.08,0.13
2012-08-12,no hay direccion,0.2,0.25,0.17,0.25,0.26,0.31,0.03
2012-08-13,no hay direccion,0.19,0.46,0.41,0.11,0.22,0.42,0.44
2012-08-14,no hay direccion,0.39,0.15,0.05,0.24,0.28,0.24,0.17
2012-08-15,no hay direccion,0.43,0.05,0.04,0.14,0.33,0.1,0.15
2012-08-16,no hay direccion,0.06,0.19,0.28,0.47,0.47,0.48,0.45
2012-08-17,no hay direccion,0.43,0.16,0.44,0.08,0.16,0.33,0.15
2012-08-18,no hay direccion,0.36,0.38,0.33,0.01,0.1,0.06,0.46
2012-08-19,no hay direccion,0.19,0.47,0.35,0.12,0.25,0.0,0.18
2012-08-20,no hay direccion,0.47,0.49,0.42,0.13,0.03,0.37,0.14
2012-08-21,no hay direccion,0.13,0.37,0.06,0.36,0.21,0.3,0.04
2012-08-22,no hay direccion,0.43,0.21,0.4,0.16,0.25,0.37,0.19
2012-08-23,no hay direccion,0.17,0.2,0.06,0.27,0.35,0.06,0.34
2012-08-24,no hay direccion,0.43,0.46,0.3,0.08,0.42,0.19,0.35
2012-08-25,no hay direccion,0.43,0.26,0.28,0.25,0.05,0.27,0.3
2012-08-26,no hay direccion,0.19,0.45,0.46,0.28,0.13,0.13,0.5
2012-08-27,no hay direccion,0.19,0.06,0.17,0.34,0.19,0.35,0.19
2012-08-28,no hay direccion,0.09,0.05,0.2,0.45,0.01,0.22,0.49
2012-08-29,no hay direccion,0.28,0.15,0.49,0.04,0.07,0.48,0.3
2012-08-30,no hay direccion,0.48,0.23,0.44,0.3,0.36,0.22,0.41
2012-08-31,no hay direccion,0.03,0.37,0.28,0.34,0.4,0.16,0.39
2012-09-01,no hay direccion,0.37,0.39,0.25,0.3,0.14,0.23,0.08
2012-09-02,no hay direccion,0.24,0.04,0.19,0.04,0.49,0.02,0.09
2012-09-03,no hay direccion,0.32,0.48,0.05,0.27,0.41,0.48,0.23
2012-09-04,no hay direccion,0.4,0.37,0.39,0.31,0.36,0.13,0.5
2012-09-05,no hay direccion,0.06,0.21,0.45,0.22,0.1,0.17,0.48
2012-09-06,no hay direccion,0.19,0.29,0.32,0.02,0.03,0.4,0.22
2012-09-07,no hay direccion,0.41,0.25,0.02,0.3,0.27,0.42,0.25
2012-09-08,no hay direccion,0.35,0.1,0.13,0.48,0.37,0.1,0.44
2012-09-09,no hay direccion,0.48,0.33,0.21,0.16,0.27,0.34,0.05
2012-09-10,no hay direccion,0.13,0.26,0.43,0.49,0.23,0.1,0.05
2012-09-11,no hay direccion,0.16,0.14,0.07,0.42,0.32,0.38,0.42
2012-09-12,no hay direccion,0.45,0.01,0.48,0.02,0.13,0.21,0.4
2012-09-13,no hay direccion,0.01,0.42,0.07,0.18,0.02,0.49,0.46
2012-09-14,no hay direccion,0.33,0.45,0.39,0.15,0.4,0.4,0.34
2012-09-15,no hay direccion,0.14,0.48,0.02,0.12,0.46,0.07,0.22
2012-09-16,no hay direccion,0.33,0.09,0.09,0.22,0.07,0.05,0.46
2012-09-17,no hay direccion,0.21,0.39,0.13,0.25,0.4,0.26,0.27
2012-09-18,no hay direccion,0.21,0.36,0.37,0.29,0.41,0.36,0.37
2012-09-19,no hay direccion,0.35,0.32,0.44,0.38,0.15,0.2,0.17
2012-09-20,no hay direccion,0.02,0.19,0.43,0.15,0.46,0.26,0.19
2012-09-21,no hay direccion,0.49,0.22,0.46,0.14,0.09,0.47,0.38
2012-09-22,no hay direccion,0.08,0.42,0.16,0.34,0.39,0.48,0.36
2012-09-23,no hay direccion,0.25,0.02,0.18,0.32,0.24,0.17,0.22
2012-09-24,no hay direccion,0.46,0.12,0.16,0.45,0.43,0.06,0.17
2012-09-25,no hay direccion,0.01,0.09,0.14,0.13,0.17,0.18,0.38
2012-09-26,no hay direccion,0.0,0.05,0.41,0.47,0.33,0.17,0.27
2012-09-27,no hay direccion,0.39,0.15,0.11,0.37,0.46,0.35,0.38
2012-09-28,no hay direccion,0.42,0.0,0.04,0.21,0.41,0.32,0.15
2012-09-29,no hay direccion,0.0,0.12,0.04,0.41,0.42,0.02,0.1
2012-09-30,no hay direccion,0.34,0.38,0.09,0.14,0.45,0.24,0.05
2012-10-01,no hay direccion,0.17,0.46,0.06,0.33,0.4,0.07,0.49
2012-10-02,no hay direccion,0.38,0.05,0.5,0.34,0.07,0.21,0.15
2012-10-03,no hay direccion,0.31,0.41,0.13,0.22,0.07,0.43,0.2
2012-10-04,no hay direccion,0.24,0.27,0.11,0.42,0.2,0.12,0.14
2012-10-05,no hay direccion,0.28,0.17,0.39,0.12,0.39,0.48,0.15
2012-10-06,no hay direccion,0.22,0.24,0.28,0.01,0.49,0.23,0.28
2012-10-07,no hay direccion,0.33,0.16,0.11,0.39,0.26,0.02,0.1
2012-10-08,no hay direccion,0.39,0.32,0.41,0.21,0.44,0.17,0.16
2012-10-09,no hay direccion,0.49,0.28,0.41,0.26,0.2,0.33,0.32
2012-10-10,no hay direccion,0.16,0.01,0.24,0.08,0.42,0.37,0.08
2012-10-11,no hay direccion,0.4,0.05,0.27,0.04,0.28,0.36,0.22
2012-10-12,no hay direccion,0.43,0.05,0.25,0.46,0.29,0.25,0.29
2012-10-13,no hay direccion,0.34,0.16,0.09,0.06,0.21,0.43,0.18
2012-10-14,no hay direccion,0.39,0.47,0.12,0.14,0.09,0.29,0.35
2012-10-15,no hay direccion,0.17,0.24,0.43,0.27,0.24,0.31,0.02
2012-10-16,no hay direccion,0.45,0.2,0.06,0.03,0.31,0.05,0.12
2012-10-17,no hay direccion,0.34,0.47,0.24,0.02,0.27,0.37,0.44
2012-10-18,no hay direccion,0.15,0.25,0.31,0.27,0.25,0.47,0.17
2012-10-19,no hay direccion,0.4,0.03,0.35,0.08,0.46,0.12,0.23
2012-10-20,no hay direccion,0.29,0.03,0.25,0.36,0.32,0.21,0.2
2012-10-21,no hay direccion,0.06,0.2,0.17,0.01,0.2,0.2,0.22
2012-10-22,no hay direccion,0.2,0.36,0.46,0.21,0.13,0.09,0.23
2012-10-23,no hay direccion,0.26,0.09,0.15,0.04,0.22,0.36,0.33
2012-10-24,no hay direccion,0.04,0.36,0.43,0.29,0.35,0.34,0.28
2012-10-25,no hay direccion,0.34,0.3,0.18,0.23,0.44,0.14,0.38
2012-10-26,no hay direccion,0.35,0.33,0.1,0.39,0.2,0.39,0.32
2012-10-27,no hay direccion,0.29,0.45,0.05,0.32,0.21,0.16,0.17
2012-10-28,no hay direccion,0.32,0.39,0.24,0.17,0.43,0.33,0.2
2012-10-29,no hay direccion,0.38,0.04,0.18,0.41,0.14,0.29,0.33
2012-10-30,no hay direccion,0.22,0.45,0.19,0.3,0.47,0.18,0.07
2012-10-31,no hay direccion,0.34,0.37,0.08,0.06,0.06,0.11,0.39
2012-11-01,no hay direccion,0.47,0.01,0.3,0.4,0.17,0.32,0.26
2012-11-02,no hay direccion,0.28,0.21,0.48,0.09,0.09,0.31,0.09
2012-11-03,no hay direccion,0.22,0.49,0.48,0.11,0.49,0.19,0.17
2012-11-04,no hay direccion,0.44,0.34,0.34,0.21,0.31,0.29,0.29
2012-11-05,no hay direccion,0.34,0.06,0.39,0.4,0.49,0.21,0.04
2012-11-06,no hay direccion,0.02,0.4,0.23,0.21,0.14,0.48,0.44
2012-11-07,no hay direccion,0.39,0.44,0.31,0.28,0.47,0.45,0.27
2012-11-08,no hay direccion,0.38,0.12,0.4,0.07,0.28,0.27,0.26
2012-11-09,no hay direccion,0.23,0.04,0.48,0.01,0.03,0.04,0.05
2012-11-10,no hay direccion,0.04,0.14,0.01,0.12,0.11,0.28,0.48
2012-11-11,no hay direccion,0.28,0.44,0.1,0.36,0.49,0.37,0.34
2012-11-12,no hay direccion,0.23,0.33,0.3,0.13,0.07,0.19,0.09
2012-11-13,no hay direccion,0.37,0.44,0.46,0.19,0.15,0.15,0.41
2012-11-14,no hay direccion,0.37,0.34,0.29,0.44,0.38,0.33,0.48
2012-11-15,no hay direccion,0.17,0.07,0.27,0.28,0.49,0.21,0.03
2012-11-16,no hay direccion,0.36,0.39,0.23,0.14,0.06,0.47,0.16
2012-11-17,no hay direccion,0.15,0.17,0.26,0.19,0.17,0.21,0.11
2012-11-18,no hay direccion,0.15,0.1,0.48,0.12,0.35,0.2,0.31
2012-11-19,no hay direccion,0.27,0.31,0.09,0.21,0.1,0.24,0.45
2012-11-20,no hay direccion,0.47,0.2,0.07,0.41,0.32,0.4,0.48
2012-11-21,no hay direccion,0.21,0.08,0.31,0.3,0.12,0.35,0.14
2012-11-22,no hay direccion,0.16,0.01,0.36,0.12,0.45,0.32,0.03
2012-11-23,no hay direccion,0.38,0.06,0.47,0.04,0.02,0.34,0.06
2012-11-24,no hay direccion,0.39,0.44,0.04,0.44,0.1,0.21,0.1
2012-11-25,no hay direccion,0.29,0.44,0.11,0.05,0.26,0.1,0.2
2012-11-26,no hay direccion,0.38,0.35,0.31,0.05,0.16,0.21,0.37
2012-11-27,no hay direccion,0.49,0.17,0.12,0.4,0.07,0.28,0.42
2012-11-28,no hay direccion,0.07,0.42,0.31,0.15,0.37,0.06,0.17
2012-11-29,no hay direccion,0.14,0.24,0.31,0.13,0.38,0.02,0.32
2012-11-30,no hay direccion,0.39,0.36,0.21,0.02,0.18,0.13,0.17
2012-12-01,no hay direccion,0.18,0.29,0.15,0.21,0.35,0.06,0.18
2012-12-02,no hay direccion,0.09,0.45,0.14,0.03,0.25,0.22,0.33
2012-12-03,no hay direccion,0.05,0.39,0.2,0.18,0.41,0.13,0.11
2012-12-04,no hay direccion,0.43,0.15,0.12,0.34,0.4,0.36,0.13
2012-12-05,no hay direccion,0.13,0.28,0.27,0.18,0.33,0.44,0.23
2012-12-06,no hay direccion,0.22,0.25,0.07,0.49,0.02,0.3,0.23
2012-12-07,no hay direccion,0.3,0.21,0.21,0.25,0.09,0.32,0.42
2012-12-08,no hay direccion,0.2,0.03,0.34,0.08,0.04,0.23,0.09
2012-12-09,no hay direccion,0.14,0.03,0.45,0.25,0.46,0.38,0.18
2012-12-10,no hay direccion,0.26,0.05,0.02,0.37,0.17,0.17,0.11
2012-12-11,no hay direccion,0.13,0.08,0.02,0.36,0.46,0.47,0.41
2012-12-12,no hay direccion,0.44,0.21,0.12,0.03,0.01,0.5,0.38
2012-12-13,no hay direccion,0.1,0.47,0.23,0.05,0.03,0.16,0.06
2012-12-14,no hay direccion,0.25,0.5,0.03,0.28,0.12,0.23,0.14
2012-12-15,no hay direccion,0.11,0.47,0.09,0.47,0.02,0.0,0.19
2012-12-16,no hay direccion,0.3,0.11,0.28,0.01,0.25,0.45,0.36
2012-12-17,no hay direccion,0.28,0.0,0.06,0.15,0.03,0.24,0.3
2012-12-18,no hay direccion,0.29,0.46,0.34,0.34,0.42,0.28,0.13
2012-12-19,no hay direccion,0.0,0.36,0.29,0.39,0.21,0.18,0.09
2012-12-20,no hay direccion,0.29,0.09,0.44,0.17,0.0,0.12,0.21
2012-12-21,no hay direccion,0.37,0.04,0.37,0.4,0.44,0.11,0.1
2012-12-22,no hay direccion,0.19,0.28,0.24,0.02,0.25,0.24,0.05
2012-12-23,no hay direccion,0.46,0.14,0.21,0.48,0.05,0.47,0.28
2012-12-24,no hay direccion,0.19,0.24,0.38,0.28,0.31,0.48,0.31
2012-12-25,no hay direccion,0.34,0.06,0.27,0.04,0.07,0.07,0.29
2012-12-26,no hay direccion,0.21,0.15,0.06,0.5,0.46,0.06,0.36
2012-12-27,no hay direccion,0.22,0.07,0.2,0.03,0.21,0.46,0.48
2012-12-28,no hay direccion,0.38,0.27,0.38,0.11,0.46,0.26,0.37
2012-12-29,no hay direccion,0.36,0.23,0.18,0.3,0.37,0.3,0.15
2012-12-30,no hay direccion,0.33,0.43,0.21,0.49,0.19,0.24,0.44
2012-12-31,no hay direccion,0.34,0.08,0.39,0.46,0.2,0.12,0.34
2013-01-01,no hay direccion,0.02,0.2,0.27,0.24,0.35,0.06,0.41
2013-01-02,no hay direccion,0.05,0.17,0.4,0.17,0.15,0.12,0.19
2013-01-03,no hay direccion,0.05,0.11,0.17,0.14,0.22,0.46,0.16
2013-01-04,no hay direccion,0.24,0.27,0.41,0.45,0.16,0.08,0.38
2013-01-05,no hay direccion,0.12,0.33,0.32,0.47,0.14,0.39,0.42
2013-01-06,no hay direccion,0.44,0.27,0.22,0.42,0.05,0.43,0.31
2013-01-07,no hay direccion,0.35,0.01,0.39,0.14,0.24,0.11,0.23
2013-01-08,no hay direccion,0.1,0.47,0.26,0.46,0.16,0.14,0.48
2013-01-09,no hay direccion,0.2,0.1,0.37,0.4,0.07,0.18,0.46
2013-01-10,no hay direccion,0.09,0.45,0.14,0.26,0.27,0.23,0.06
2013-01-11,no hay direccion,0.26,0.49,0.0,0.14,0.16,0.23,0.23
2013-01-12,no hay direccion,0.35,0.33,0.31,0.27,0.41,0.3,0.17
2013-01-13,no hay direccion,0.3,0.28,0.44,0.48,0.46,0.48,0.27
2013-01-14,no hay direccion,0.38,0.35,0.21,0.07,0.17,0.0,0.32
2013-01-15,no hay direccion,0.41,0.08,0.27,0.49,0.04,0.36,0.22
2013-01-16,no hay direccion,0.07,0.1,0.35,0.49,0.27,0.05,0.33
2013-01-17,no hay direccion,0.29,0.4,0.49,0.44,0.41,0.26,0.27
2013-01-18,no hay direccion,0.29,0.27,0.17,0.32,0.11,0.05,0.18
2013-01-19,no hay direccion,0.22,0.37,0.3,0.31,0.34,0.39,0.04
2013-01-20,no hay direccion,0.3,0.06,0.28,0.23,0.05,0.42,0.2
2013-01-21,no hay direccion,0.09,0.38,0.11,0.01,0.01,0.33,0.01
2013-01-22,no hay direccion,0.35,0.06,0.07,0.29,0.47,0.01,0.15
2013-01-23,no hay direccion,0.03,0.06,0.06,0.09,0.05,0.16,0.43
2013-01-24,no hay direccion,0.12,0.01,0.08,0.04,0.47,0.05,0.03
2013-01-25,no hay direccion,0.19,0.08,0.25,0.15,0.37,0.38,0.12
2013-01-26,no hay direccion,0.39,0.14,0.18,0.47,0.31,0.33,0.49
2013-01-27,no hay direccion,0.2,0.29,0.27,0.41,0.28,0.25,0.47
2013-01-28,no hay direccion,0.37,0.22,0.44,0.41,0.0,0.05,0.27
2013-01-29,no hay direccion,0.46,0.12,0.18,0.05,0.31,0.29,0.35
2013-01-30,no hay direccion,0.2,0.45,0.09,0.39,0.11,0.06,0.1
2013-01-31,no hay direccion,0.16,0.24,0.19,0.27,0.05,0.35,0.29
2013-02-01,no hay direccion,0.29,0.23,0.44,0.32,0.32,0.03,0.47
2013-02-02,no hay direccion,0.28,0.08,0.13,0.32,0.3,0.3,0.49
2013-02-03,no hay direccion,0.01,0.21,0.33,0.49,0.15,0.23,0.31
2013-02-04,no hay direccion,0.17,0.49,0.06,0.36,0.38,0.44,0.07
2013-02-05,no hay direccion,0.3,0.24,0.49,0.01,0.15,0.26,0.27
2013-02-06,no hay direccion,0.35,0.26,0.49,0.38,0.5,0.46,0.36
2013-02-07,no hay direccion,0.33,0.48,0.37,0.07,0.16,0.12,0.24
2013-02-08,no hay direccion,0.38,0.19,0.22,0.05,0.03,0.45,0.27
2013-02-09,no hay direccion,0.06,0.04,0.2,0.43,0.24,0.17,0.16
2013-02-10,no hay direccion,0.31,0.42,0.46,0.03,0.37,0.24,0.27
2013-02-11,no hay direccion,0.3,0.41,0.09,0.23,0.35,0.09,0.08
2013-02-12,no hay direccion,0.25,0.09,0.45,0.38,0.05,0.33,0.32
2013-02-13,no hay direccion,0.01,0.46,0.47,0.35,0.16,0.44,0.17
2013-02-14,no hay direccion,0.17,0.34,0.41,0.05,0.46,0.06,0.18
2013-02-15,no hay direccion,0.03,0.18,0.16,0.07,0.36,0.32,0.13
2013-02-16,no hay direccion,0.07,0.37,0.07,0.47,0.29,0.24,0.41
2013-02-17,no hay direccion,0.19,0.19,0.47,0.05,0.04,0.26,0.37
2013-02-18,no hay direccion,0.43,0.4,0.34,0.5,0.22,0.36,0.36
2013-02-19,no hay direccion,0.32,0.33,0.23,0.08,0.2,0.14,0.15
2013-02-20,no hay direccion,0.09,0.15,0.48,0.47,0.49,0.41,0.11
2013-02-21,no hay direccion,0.13,0.27,0.41,0.35,0.02,0.48,0.21
2013-02-22,no hay direccion,0.2,0.5,0.41,0.45,0.1,0.05,0.03
2013-02-23,no hay direccion,0.28,0.28,0.41,0.36,0.24,0.28,0.1
2013-02-24,no hay direccion,0.11,0.17,0.05,0.11,0.08,0.38,0.12
2013-02-25,no hay direccion,0.1,0.24,0.28,0.01,0.28,0.42,0.18
2013-02-26,no hay direccion,0.09,0.01,0.32,0.48,0.42,0.17,0.02
2013-02-27,no hay direccion,0.11,0.04,0.45,0.29,0.06,0.32,0.03
2013-02-28,no hay direccion,0.17,0.11,0.05,0.28,0.36,0.41,0.45
2013-03-01,no hay direccion,0.18,0.29,0.49,0.31,0.01,0.03,0.05
2013-03-02,no hay direccion,0.22,0.46,0.43,0.16,0.3,0.27,0.48
2013-03-03,no hay direccion,0.18,0.19,0.09,0.42,0.12,0.02,0.14
2013-03-04,no hay direccion,0.17,0.21,0.4,0.34,0.22,0.13,0.11
2013-03-05,no hay direccion,0.04,0.14,0.28,0.07,0.07,0.25,0.03
2013-03-06,no hay direccion,0.38,0.25,0.09,0.04,0.18,0.16,0.35
2013-03-07,no hay direccion,0.18,0.41,0.28,0.31,0.07,0.07,0.17
2013-03-08,no hay direccion,0.24,0.39,0.29,0.28,0.05,0.1,0.12
2013-03-09,no hay direccion,0.12,0.37,0.21,0.12,0.07,0.1,0.31
2013-03-10,no hay direccion,0.17,0.1,0.39,0.27,0.07,0.18,0.33
2013-03-11,no hay direccion,0.47,0.2,0.26,0.17,0.15,0.12,0.31
2013-03-12,no hay direccion,0.44,0.14,0.28,0.47,0.47,0.24,0.03
2013-03-13,no hay direccion,0.4,0.24,0.34,0.02,0.33,0.36,0.21
2013-03-14,no hay direccion,0.2,0.35,0.33,0.0,0.01,0.39,0.39
2013-03-15,no hay direccion,0.3,0.07,0.22,0.02,0.22,0.17,0.0
2013-03-16,no hay direccion,0.41,0.1,0.12,0.15,0.07,0.17,0.18
2013-03-17,no hay direccion,0.39,0.26,0.15,0.5,0.14,0.41,0.31
2013-03-18,no hay direccion,0.2,0.14,0.39,0.08,0.43,0.12,0.19
2013-03-19,no hay direccion,0.42,0.43,0.31,0.19,0.45,0.44,0.35
2013-03-20,no hay direccion,0.26,0.34,0.1,0.27,0.03,0.23,0.46
2013-03-21,no hay direccion,0.05,0.33,0.13,0.23,0.26,0.14,0.47
2013-03-22,no hay direccion,0.06,0.43,0.41,0.24,0.05,0.19,0.09
2013-03-23,no hay direccion,0.3,0.28,0.06,0.48,0.32,0.32,0.03
2013-03-24,no hay direccion,0.38,0.32,0.2,0.24,0.2,0.32,0.45
2013-03-25,no hay direccion,0.23,0.0,0.23,0.09,0.38,0.33,0.12
2013-03-26,no hay direccion,0.38,0.19,0.38,0.44,0.05,0.27,0.45
2013-03-27,no hay direccion,0.4,0.45,0.19,0.38,0.17,0.46,0.22
2013-03-28,no hay direccion,0.46,0.38,0.07,0.46,0.26,0.25,0.25
2013-03-29,no hay direccion,0.35,0.36,0.1,0.49,0.32,0.26,0.16
2013-03-30,no hay direccion,0.17,0.33,0.13,0.35,0.2,0.45,0.47
2013-03-31,no hay direccion,0.42,0.19,0.35,0.46,0.09,0.42,0.24
2013-04-01,no hay direccion,0.09,0.22,0.19,0.06,0.14,0.29,0.04
2013-04-02,no hay direccion,0.17,0.25,0.24,0.41,0.1,0.08,0.07
2013-04-03,no hay direccion,0.08,0.04,0.01,0.23,0.47,0.13,0.19
2013-04-04,no hay direccion,0.42,0.16,0.44,0.11,0.03,0.48,0.29
2013-04-05,no hay direccion,0.28,0.37,0.14,0.14,0.13,0.34,0.17
2013-04-06,no hay direccion,0.29,0.45,0.31,0.14,0.27,0.43,0.32
2013-04-07,no hay direccion,0.16,0.46,0.41,0.1,0.39,0.23,0.06
2013-04-08,no hay direccion,0.12,0.17,0.4,0.08,0.24,0.17,0.23
2013-04-09,no hay direccion,0.43,0.09,0.07,0.35,0.36,0.45,0.07
2013-04-10,no hay direccion,0.09,0.47,0.05,0.07,0.1,0.24,0.17
2013-04-11,no hay direccion,0.38,0.41,0.12,0.12,0.1,0.34,0.26
2013-04-12,no hay direccion,0.2,0.41,0.46,0.35,0.33,0.49,0.13
2013-04-13,no hay direccion,0.47,0.29,0.3,0.48,0.36,0.3,0.33
2013-04-14,no hay direccion,0.36,0.28,0.49,0.11,0.26,0.33,0.32
2013-04-15,no hay direccion,0.15,0.23,0.21,0.11,0.21,0.15,0.23
2013-04-16,no hay direccion,0.16,0.23,0.39,0.06,0.1,0.43,0.49
2013-04-17,no hay direccion,0.47,0.19,0.24,0.06,0.32,0.23,0.38
2013-04-18,no hay direccion,0.35,0.23,0.48,0.22,0.28,0.13,0.32
2013-04-19,no hay direccion,0.18,0.44,0.4,0.11,0.49,0.37,0.0
2013-04-20,no hay direccion,0.34,0.4,0.08,0.16,0.23,0.29,0.04
2013-04-21,no hay direccion,0.12,0.37,0.33,0.21,0.14,0.0,0.03
2013-04-22,no hay direccion,0.37,0.32,0.19,0.33,0.3,0.14,0.47
2013-04-23,no hay direccion,0.39,0.16,0.42,0.38,0.25,0.06,0.15
2013-04-24,no hay direccion,0.03,0.35,0.15,0.06,0.46,0.07,0.14
2013-04-25,no hay direccion,0.15,0.23,0.42,0.14,0.11,0.36,0.14
2013-04-26,no hay direccion,0.31,0.27,0.36,0.33,0.23,0.44,0.2
2013-04-27,no hay direccion,0.08,0.04,0.29,0.31,0.19,0.02,0.01
2013-04-28,no hay direccion,0.41,0.44,0.36,0.11,0.33,0.18,0.42
2013-04-29,no hay direccion,0.42,0.44,0.22,0.12,0.25,0.36,0.03
2013-04-30,no hay direccion,0.21,0.37,0.43,0.48,0.12,0.07,0.09
2013-05-01,no hay direccion,0.18,0.37,0.22,0.28,0.48,0.18,0.21
2013-05-02,no hay direccion,0.07,0.05,0.35,0.05,0.48,0.37,0.27
2013-05-03,no hay direccion,0.13,0.09,0.41,0.2,0.34,0.05,0.03
2013-05-04,no hay direccion,0.19,0.41,0.23,0.35,0.31,0.25,0.27
2013-05-05,no hay direccion,0.05,0.06,0.06,0.38,0.19,0.42,0.33
2013-05-06,no hay direccion,0.41,0.03,0.48,0.24,0.06,0.12,0.45
2013-05-07,no hay direccion,0.08,0.07,0.1,0.06,0.48,0.36,0.46
2013-05-08,no hay direccion,0.33,0.07,0.32,0.19,0.21,0.11,0.5
2013-05-09,no hay direccion,0.47,0.18,0.09,0.35,0.24,0.34,0.32
2013-05-10,no hay direccion,0.29,0.3,0.49,0.34,0.39,0.13,0.44
2013-05-11,no hay direccion,0.05,0.36,0.25,0.04,0.24,0.48,0.15
2013-05-12,no hay direccion,0.26,0.31,0.19,0.07,0.29,0.25,0.3
2013-05-13,no hay direccion,0.42,0.33,0.18,0.34,0.04,0.39,0.08
2013-05-14,no hay direccion,0.03,0.23,0.12,0.33,0.01,0.01,0.1
2013-05-15,no hay direccion,0.08,0.39,0.08,0.36,0.01,0.45,0.46
2013-05-16,no hay direccion,0.28,0.39,0.28,0.28,0.09,0.12,0.45
2013-05-17,no hay direccion,0.29,0.39,0.21,0.28,0.33,0.18,0.31
2013-05-18,no hay direccion,0.36,0.1,0.24,0.37,0.24,0.37,0.0
2013-05-19,no hay direccion,0.39,0.2,0.15,0.16,0.33,0.15,0.37
2013-05-20,no hay direccion,0.42,0.04,0.19,0.16,0.01,0.25,0.43
2013-05-21,no hay direccion,0.37,0.18,0.25,0.47,0.36,0.18,0.44
2013-05-22,no hay direccion,0.02,0.1,0.02,0.21,0.35,0.04,0.29
2013-05-23,no hay direccion,0.12,0.16,0.47,0.09,0.48,0.42,0.22
2013-05-24,no hay direccion,0.36,0.49,0.16,0.27,0.23,0.19,0.28
2013-05-25,no hay direccion,0.09,0.34,0.25,0.39,0.15,0.39,0.06
2013-05-26,no hay direccion,0.41,0.02,0.14,0.17,0.37,0.06,0.12
2013-05-27,no hay direccion,0.38,0.13,0.1,0.05,0.24,0.5,0.08
2013-05-28,no hay direccion,0.46,0.02,0.08,0.25,0.07,0.35,0.05
2013-05-29,no hay direccion,0.27,0.15,0.03,0.02,0.13,0.47,0.34
2013-05-30,no hay direccion,0.42,0.22,0.49,0.49,0.17,0.38,0.4
2013-05-31,no hay direccion,0.24,0.34,0.08,0.39,0.06,0.13,0.35
2013-06-01,no hay direccion,0.28,0.1,0.16,0.13,0.21,0.29,0.27
2013-06-02,no hay direccion,0.45,0.33,0.06,0.37,0.17,0.32,0.23
2013-06-03,no hay direccion,0.34,0.13,0.25,0.23,0.29,0.46,0.36
2013-06-04,no hay direccion,0.07,0.44,0.12,0.29,0.23,0.49,0.49
2013-06-05,no hay direccion,0.32,0.48,0.39,0.47,0.17,0.29,0.37
2013-06-06,no hay direccion,0.18,0.02,0.32,0.13,0.21,0.45,0.27
2013-06-07,no hay direccion,0.11,0.42,0.23,0.41,0.38,0.04,0.38
2013-06-08,no hay direccion,0.22,0.05,0.12,0.01,0.21,0.16,0.35
2013-06-09,no hay direccion,0.22,0.38,0.03,0.13,0.3,0.03,0.01
2013-06-10,no hay direccion,0.05,0.02,0.37,0.5,0.32,0.49,0.25
2013-06-11,no hay direccion,0.29,0.27,0.01,0.47,0.28,0.31,0.1
2013-06-12,no hay direccion,0.0,0.41,0.31,0.19,0.26,0.13,0.34
2013-06-13,no hay direccion,0.43,0.44,0.1,0.43,0.28,0.4,0.16
2013-06-14,no hay direccion,0.43,0.48,0.31,0.29,0.28,0.08,0.3
2013-06-15,no hay direccion,0.35,0.38,0.24,0.02,0.26,0.15,0.39
2013-06-16,no hay direccion,0.31,0.13,0.26,0.41,0.07,0.39,0.12
2013-06-17,no hay direccion,0.04,0.2,0.18,0.09,0.24,0.18,0.37
2013-06-18,no hay direccion,0.15,0.04,0.48,0.09,0.49,0.27,0.31
2013-06-19,no hay direccion,0.46,0.25,0.01,0.14,0.11,0.09,0.06
2013-06-20,no hay direccion,0.24,0.27,0.46,0.02,0.07,0.21,0.49
2013-06-21,no hay direccion,0.23,0.25,0.04,0.43,0.15,0.3,0.45
2013-06-22,no hay direccion,0.16,0.29,0.37,0.02,0.27,0.45,0.35
2013-06-23,no hay direccion,0.44,0.23,0.18,0.06,0.06,0.19,0.35
2013-06-24,no hay direccion,0.34,0.14,0.03,0.31,0.2,0.43,0.41
2013-06-25,no hay direccion,0.24,0.32,0.17,0.22,0.04,0.33,0.15
2013-06-26,no hay direccion,0.4,0.02,0.38,0.26,0.25,0.46,0.35
2013-06-27,no hay direccion,0.2,0.03,0.41,0.31,0.1,0.09,0.28
2013-06-28,no hay direccion,0.44,0.21,0.47,0.46,0.04,0.16,0.18
2013-06-29,no hay direccion,0.24,0.25,0.14,0.04,0.25,0.45,0.24
2013-06-30,no hay direccion,0.4,0.36,0.02,0.03,0.19,0.38,0.05
2013-07-01,no hay direccion,0.11,0.43,0.39,0.29,0.41,0.26,0.48
2013-07-02,no hay direccion,0.31,0.31,0.17,0.07,0.38,0.26,0.4
2013-07-03,no hay direccion,0.12,0.39,0.05,0.15,0.31,0.03,0.03
2013-07-04,no hay direccion,0.24,0.23,0.34,0.21,0.04,0.4,0.16
2013-07-05,no hay direccion,0.42,0.0,0.28,0.19,0.3,0.5,0.27
2013-07-06,no hay direccion,0.45,0.1,0.2,0.22,0.3,0.46,0.48
2013-07-07,no hay direccion,0.09,0.17,0.47,0.37,0.18,0.32,0.35
2013-07-08,no hay direccion,0.16,0.46,0.42,0.37,0.0,0.31,0.02
2013-07-09,no hay direccion,0.12,0.5,0.44,0.23,0.27,0.21,0.15
2013-07-10,no hay direccion,0.45,0.25,0.44,0.05,0.33,0.32,0.09
2013-07-11,no hay direccion,0.32,0.29,0.32,0.09,0.25,0.04,0.35
2013-07-12,no hay direccion,0.3,0.09,0.09,0.49,0.38,0.34,0.35
2013-07-13,no hay direccion,0.45,0.08,0.08,0.12,0.46,0.18,0.16
2013-07-14,no hay direccion,0.44,0.33,0.29,0.27,0.02,0.05,0.15
2013-07-15,no hay direccion,0.21,0.45,0.24,0.45,0.44,0.38,0.42
2013-07-16,no hay direccion,0.35,0.39,0.2,0.02,0.01,0.42,0.41
2013-07-17,no hay direccion,0.03,0.24,0.43,0.26,0.04,0.05,0.1
2013-07-18,no hay direccion,0.11,0.1,0.22,0.31,0.39,0.29,0.15
2013-07-19,no hay direccion,0.15,0.44,0.46,0.44,0.42,0.04,0.41
2013-07-20,no hay direccion,0.49,0.03,0.42,0.35,0.04,0.27,0.04
2013-07-21,no hay direccion,0.29,0.3,0.36,0.18,0.01,0.42,0.33
2013-07-22,no hay direccion,0.37,0.03,0.17,0.41,0.22,0.14,0.12
2013-07-23,no hay direccion,0.49,0.46,0.02,0.4,0.22,0.07,0.09
2013-07-24,no hay direccion,0.21,0.16,0.3,0.02,0.4,0.43,0.34
2013-07-25,no hay direccion,0.06,0.44,0.19,0.24,0.46,0.01,0.27
2013-07-26,no hay direccion,0.09,0.45,0.09,0.26,0.14,0.21,0.2
2013-07-27,no hay direccion,0.2,0.39,0.34,0.31,0.11,0.34,0.47
2013-07-28,no hay direccion,0.42,0.07,0.31,0.4,0.31,0.21,0.45
2013-07-29,no hay direccion,0.34,0.29,0.09,0.49,0.06,0.32,0.26
2013-07-30,no hay direccion,0.46,0.34,0.32,0.46,0.18,0.01,0.35
2013-07-31,no hay direccion,0.34,0.29,0.01,0.38,0.3,0.37,0.47
2013-08-01,no hay direccion,0.08,0.47,0.49,0.32,0.2,0.15,0.09
2013-08-02,no hay direccion,0.26,0.45,0.36,0.13,0.15,0.39,0.0
2013-08-03,no hay direccion,0.28,0.22,0.17,0.06,0.13,0.35,0.48
2013-08-04,no hay direccion,0.39,0.47,0.1,0.21,0.15,0.16,0.11
2013-08-05,no hay direccion,0.37,0.05,0.08,0.11,0.36,0.23,0.44
2013-08-06,no hay direccion,0.17,0.02,0.14,0.16,0.02,0.19,0.25
2013-08-07,no hay direccion,0.12,0.5,0.02,0.28,0.19,0.33,0.33
2013-08-08,no hay direccion,0.12,0.02,0.19,0.44,0.4,0.3,0.45
2013-08-09,no hay direccion,0.14,0.2,0.06,0.21,0.28,0.02,0.1
2013-08-10,no hay direccion,0.23,0.28,0.07,0.24,0.44,0.21,0.33
2013-08-11,no hay direccion,0.35,0.44,0.38,0.48,0.01,0.15,0.41
2013-08-12,no hay direccion,0.1,0.44,0.17,0.37,0.01,0.41,0.44
2013-08-13,no hay direccion,0.4,0.41,0.23,0.25,0.15,0.29,0.44
2013-08-14,no hay direccion,0.24,0.31,0.19,0.33,0.18,0.25,0.26
2013-08-15,no hay direccion,0.35,0.18,0.02,0.03,0.28,0.21,0.48
2013-08-16,no hay direccion,0.37,0.45,0.35,0.5,0.16,0.11,0.42
2013-08-17,no hay direccion,0.09,0.07,0.3,0.04,0.43,0.12,0.11
2013-08-18,no hay direccion,0.42,0.01,0.18,0.22,0.08,0.12,0.38
2013-08-19,no hay direccion,0.4,0.43,0.1,0.1,0.04,0.5,0.32
2013-08-20,no hay direccion,0.48,0.44,0.2,0.18,0.15,0.19,0.07
2013-08-21,no hay direccion,0.48,0.08,0.19,0.15,0.22,0.13,0.38
2013-08-22,no hay direccion,0.21,0.17,0.1,0.46,0.49,0.25,0.04
2013-08-23,no hay direccion,0.06,0.08,0.14,0.29,0.23,0.38,0.19
2013-08-24,no hay direccion,0.39,0.38,0.3,0.18,0.31,0.13,0.04
2013-08-25,no hay direccion,0.12,0.48,0.23,0.3,0.29,0.4,0.1
2013-08-26,no hay direccion,0.34,0.24,0.43,0.19,0.1,0.36,0.0
2013-08-27,no hay direccion,0.11,0.28,0.13,0.22,0.28,0.25,0.29
2013-08-28,no hay direccion,0.37,0.35,0.2,0.17,0.25,0.23,0.39
2013-08-29,no hay direccion,0.41,0.25,0.24,0.22,0.18,0.48,0.19
2013-08-30,no hay direccion,0.06,0.19,0.06,0.42,0.3,0.16,0.19
2013-08-31,no hay direccion,0.15,0.36,0.14,0.1,0.4,0.46,0.09
2013-09-01,no hay direccion,0.06,0.3,0.01,0.49,0.22,0.5,0.4
2013-09-02,no hay direccion,0.19,0.24,0.5,0.17,0.12,0.24,0.35
2013-09-03,no hay direccion,0.49,0.3,0.44,0.24,0.08,0.49,0.15
2013-09-04,no hay direccion,0.15,0.07,0.28,0.19,0.21,0.48,0.01
2013-09-05,no hay direccion,0.06,0.17,0.18,0.18,0.11,0.48,0.38
2013-09-06,no hay direccion,0.41,0.36,0.19,0.28,0.13,0.32,0.22
2013-09-07,no hay direccion,0.14,0.29,0.12,0.4,0.34,0.05,0.17
2013-09-08,no hay direccion,0.07,0.29,0.04,0.44,0.12,0.01,0.38
2013-09-09,no hay direccion,0.49,0.06,0.17,0.47,0.2,0.02,0.23
2013-09-10,no hay direccion,0.02,0.14,0.43,0.4,0.15,0.06,0.17
2013-09-11,no hay direccion,0.01,0.25,0.47,0.4,0.27,0.28,0.04
2013-09-12,no hay direccion,0.38,0.26,0.26,0.0,0.22,0.16,0.13
2013-09-13,no hay direccion,0.43,0.36,0.11,0.13,0.16,0.16,0.3
2013-09-14,no hay direccion,0.21,0.24,0.11,0.25,0.18,0.17,0.22
2013-09-15,no hay direccion,0.02,0.45,0.26,0.15,0.33,0.4,0.11
2013-09-16,no hay direccion,0.2,0.02,0.42,0.0,0.29,0.43,0.28
2013-09-17,no hay direccion,0.42,0.13,0.43,0.39,0.43,0.48,0.11
2013-09-18,no hay direccion,0.17,0.2,0.34,0.32,0.49,0.2,0.24
2013-09-19,no hay direccion,0.36,0.09,0.0,0.42,0.08,0.43,0.06
2013-09-20,no hay direccion,0.05,0.37,0.44,0.09,0.26,0.11,0.14
2013-09-21,no hay direccion,0.1,0.09,0.39,0.42,0.19,0.07,0.37
2013-09-22,no hay direccion,0.42,0.08,0.12,0.31,0.16,0.29,0.34
2013-09-23,no hay direccion,0.11,0.49,0.02,0.12,0.01,0.09,0.17
2013-09-24,no hay direccion,0.1,0.16,0.22,0.4,0.33,0.03,0.47
2013-09-25,no hay direccion,0.08,0.37,0.24,0.45,0.11,0.15,0.32
2013-09-26,no hay direccion,0.22,0.4,0.38,0.1,0.36,0.3,0.43
2013-09-27,no hay direccion,0.46,0.41,0.31,0.25,0.01,0.08,0.07
2013-09-28,no hay direccion,0.23,0.13,0.46,0.38,0.34,0.22,0.26
2013-09-29,no hay direccion,0.4,0.36,0.35,0.02,0.33,0.48,0.24
2013-09-30,no hay direccion,0.27,0.31,0.38,0.13,0.16,0.48,0.08
2013-10-01,no hay direccion,0.03,0.21,0.28,0.14,0.07,0.44,0.07
2013-10-02,no hay direccion,0.19,0.34,0.09,0.11,0.09,0.5,0.5
2013-10-03,no hay direccion,0.14,0.48,0.06,0.5,0.26,0.02,0.12
2013-10-04,no hay direccion,0.03,0.06,0.44,0.38,0.3,0.22,0.39
2013-10-05,no hay direccion,0.17,0.17,0.05,0.2,0.41,0.29,0.46
2013-10-06,no hay direccion,0.28,0.18,0.47,0.06,0.1,0.24,0.32
2013-10-07,no hay direccion,0.19,0.1,0.12,0.26,0.01,0.45,0.26
2013-10-08,no hay direccion,0.02,0.14,0.09,0.3,0.08,0.03,0.33
2013-10-09,no hay direccion,0.14,0.3,0.49,0.18,0.22,0.48,0.39
2013-10-10,no hay direccion,0.1,0.09,0.23,0.03,0.07,0.24,0.11
2013-10-11,no hay direccion,0.28,0.04,0.46,0.12,0.39,0.39,0.0
2013-10-12,no hay direccion,0.06,0.0,0.26,0.39,0.36,0.05,0.47
2013-10-13,no hay direccion,0.35,0.03,0.42,0.08,0.4,0.45,0.21
2013-10-14,no hay direccion,0.39,0.03,0.16,0.11,0.25,0.38,0.44
2013-10-15,no hay direccion,0.5,0.01,0.07,0.0,0.31,0.18,0.26
2013-10-16,no hay direccion,0.5,0.48,0.12,0.08,0.04,0.1,0.01
2013-10-17,no hay direccion,0.13,0.49,0.39,0.04,0.43,0.28,0.17
2013-10-18,no hay direccion,0.33,0.07,0.34,0.05,0.08,0.1,0.15
2013-10-19,no hay direccion,0.4,0.18,0.14,0.39,0.15,0.1,0.42
2013-10-20,no hay direccion,0.07,0.14,0.19,0.21,0.33,0.46,0.24
2013-10-21,no hay direccion,0.28,0.49,0.19,0.4,0.28,0.38,0.06
2013-10-22,no hay direccion,0.43,0.46,0.2,0.2,0.25,0.42,0.42
2013-10-23,no hay direccion,0.15,0.01,0.07,0.47,0.17,0.33,0.31
2013-10-24,no hay direccion,0.31,0.16,0.32,0.29,0.15,0.39,0.07
2013-10-25,no hay direccion,0.43,0.31,0.02,0.35,0.3,0.42,0.36
2013-10-26,no hay direccion,0.42,0.46,0.28,0.45,0.32,0.03,0.35
2013-10-27,no hay direccion,0.11,0.14,0.32,0.1,0.39,0.48,0.11
2013-10-28,no hay direccion,0.18,0.49,0.07,0.17,0.06,0.38,0.23
2013-10-29,no hay direccion,0.08,0.06,0.12,0.28,0.19,0.05,0.48
2013-10-30,no hay direccion,0.23,0.14,0.02,0.15,0.2,0.44,0.06
2013-10-31,no hay direccion,0.5,0.28,0.34,0.11,0.02,0.13,0.29
2013-11-01,no hay direccion,0.25,0.44,0.44,0.44,0.0,0.2,0.0
2013-11-02,no hay direccion,0.25,0.41,0.02,0.08,0.17,0.2,0.22
2013-11-03,no hay direccion,0.01,0.26,0.35,0.48,0.37,0.12,0.07
2013-11-04,no hay direccion,0.18,0.08,0.19,0.25,0.28,0.43,0.22
2013-11-05,no hay direccion,0.47,0.43,0.39,0.35,0.29,0.39,0.01
2013-11-06,no hay direccion,0.22,0.24,0.12,0.12,0.36,0.31,0.45
2013-11-07,no hay direccion,0.49,0.33,0.01,0.02,0.08,0.45,0.22
2013-11-08,no hay direccion,0.11,0.04,0.2,0.36,0.46,0.01,0.37
2013-11-09,no hay direccion,0.15,0.34,0.44,0.46,0.36,0.17,0.12
2013-11-10,no hay direccion,0.32,0.35,0.12,0.34,0.11,0.01,0.04
2013-11-11,no hay direccion,0.39,0.28,0.27,0.36,0.19,0.08,0.16
2013-11-12,no hay direccion,0.37,0.36,0.39,0.38,0.18,0.47,0.32
2013-11-13,no hay direccion,0.29,0.32,0.49,0.28,0.04,0.31,0.3
2013-11-14,no hay direccion,0.16,0.22,0.03,0.33,0.15,0.18,0.44
2013-11-15,no hay direccion,0.04,0.19,0.26,0.01,0.03,0.17,0.03
2013-11-16,no hay direccion,0.18,0.46,0.15,0.23,0.37,0.23,0.48
2013-11-17,no hay direccion,0.47,0.42,0.19,0.36,0.05,0.35,0.43
2013-11-18,no hay direccion,0.26,0.43,0.23,0.43,0.37,0.45,0.24
2013-11-19,no hay direccion,0.35,0.21,0.34,0.02,0.14,0.42,0.13
2013-11-20,no hay direccion,0.2,0.02,0.19,0.36,0.2,0.39,0.27
2013-11-21,no hay direccion,0.35,0.08,0.09,0.27,0.07,0.38,0.04
2013-11-22,no hay direccion,0.31,0.25,0.23,0.24,0.46,0.38,0.09
2013-11-23,no hay direccion,0.46,0.42,0.35,0.22,0.1,0.0,0.25
2013-11-24,no hay direccion,0.26,0.31,0.13,0.41,0.11,0.47,0.24
2013-11-25,no hay direccion,0.43,0.32,0.35,0.5,0.46,0.13,0.09
2013-11-26,no hay direccion,0.5,0.19,0.47,0.05,0.08,0.22,0.39
2013-11-27,no hay direccion,0.21,0.15,0.32,0.1,0.09,0.22,0.13
2013-11-28,no hay direccion,0.12,0.26,0.27,0.47,0.5,0.13,0.02
2013-11-29,no hay direccion,0.49,0.09,0.06,0.14,0.28,0.49,0.03
2013-11-30,no hay direccion,0.44,0.39,0.06,0.45,0.43,0.15,0.48
2013-12-01,no hay direccion,0.28,0.01,0.21,0.27,0.45,0.41,0.1
2013-12-02,no hay direccion,0.12,0.06,0.38,0.18,0.26,0.38,0.5
2013-12-03,no hay direccion,0.1,0.45,0.13,0.29,0.03,0.5,0.12
2013-12-04,no hay direccion,0.34,0.21,0.03,0.35,0.3,0.43,0.06
2013-12-05,no hay direccion,0.33,0.08,0.17,0.47,0.14,0.42,0.37
2013-12-06,no hay direccion,0.38,0.09,0.07,0.39,0.16,0.01,0.37
2013-12-07,no hay direccion,0.4,0.11,0.07,0.0,0.16,0.27,0.39
2013-12-08,no hay direccion,0.37,0.21,0.24,0.05,0.39,0.39,0.0
2013-12-09,no hay direccion,0.2,0.21,0.28,0.07,0.25,0.07,0.25
2013-12-10,no hay direccion,0.13,0.26,0.49,0.28,0.24,0.45,0.01
2013-12-11,no hay direccion,0.19,0.39,0.03,0.08,0.41,0.03,0.24
2013-12-12,no hay direccion,0.12,0.18,0.21,0.09,0.06,0.4,0.18
2013-12-13,no hay direccion,0.18,0.5,0.39,0.26,0.11,0.23,0.05
2013-12-14,no hay direccion,0.37,0.24,0.11,0.03,0.46,0.23,0.3
2013-12-15,no hay direccion,0.37,0.49,0.15,0.06,0.08,0.21,0.42
2013-12-16,no hay direccion,0.48,0.4,0.09,0.4,0.01,0.16,0.06
2013-12-17,no hay direccion,0.07,0.32,0.02,0.06,0.05,0.12,0.22
2013-12-18,no hay direccion,0.38,0.26,0.46,0.46,0.13,0.38,0.32
2013-12-19,no hay direccion,0.22,0.11,0.45,0.03,0.26,0.11,0.11
2013-12-20,no hay direccion,0.24,0.39,0.15,0.07,0.23,0.24,0.46
2013-12-21,no hay direccion,0.31,0.17,0.42,0.33,0.38,0.29,0.4
2013-12-22,no hay direccion,0.34,0.26,0.48,0.11,0.01,0.49,0.12
2013-12-23,no hay direccion,0.42,0.26,0.03,0.33,0.31,0.38,0.11
2013-12-24,no hay direccion,0.05,0.24,0.2,0.48,0.44,0.18,0.27
2013-12-25,no hay direccion,0.2,0.02,0.12,0.45,0.45,0.1,0.13
2013-12-26,no hay direccion,0.14,0.36,0.13,0.27,0.04,0.26,0.38
2013-12-27,no hay direccion,0.32,0.21,0.11,0.28,0.08,0.02,0.32
2013-12-28,no hay direccion,0.36,0.24,0.09,0.38,0.22,0.19,0.31
2013-12-29,no hay direccion,0.22,0.26,0.3,0.37,0.3,0.36,0.2
2013-12-30,no hay direccion,0.02,0.14,0.36,0.45,0.21,0.49,0.23
2013-12-31,no hay direccion,0.22,0.12,0.43,0.09,0.49,0.36,0.09
2014-01-01,no hay direccion,0.42,0.47,0.32,0.2,0.21,0.16,0.4
2014-01-02,no hay direccion,0.45,0.21,0.24,0.25,0.11,0.13,0.13
2014-01-03,no hay direccion,0.15,0.15,0.06,0.01,0.17,0.26,0.48
2014-01-04,no hay direccion,0.31,0.44,0.15,0.36,0.46,0.12,0.3
2014-01-05,no hay direccion,0.14,0.17,0.14,0.41,0.28,0.32,0.26
2014-01-06,no hay direccion,0.02,0.19,0.3,0.43,0.37,0.45,0.21
2014-01-07,no hay direccion,0.27,0.38,0.06,0.32,0.26,0.41,0.34
2014-01-08,no hay direccion,0.28,0.34,0.32,0.18,0.21,0.27,0.1
2014-01-09,no hay direccion,0.29,0.5,0.11,0.1,0.33,0.32,0.05
2014-01-10,no hay direccion,0.01,0.4,0.5,0.45,0.42,0.17,0.22
2014-01-11,no hay direccion,0.17,0.21,0.31,0.06,0.26,0.04,0.29
2014-01-12,no hay direccion,0.08,0.11,0.01,0.36,0.1,0.3,0.37
2014-01-13,no hay direccion,0.25,0.01,0.17,0.29,0.15,0.35,0.07
2014-01-14,no hay direccion,0.36,0.31,0.22,0.46,0.03,0.06,0.45
2014-01-15,no hay direccion,0.18,0.03,0.45,0.33,0.16,0.49,0.01
2014-01-16,no hay direccion,0.12,0.43,0.1,0.05,0.32,0.02,0.27
2014-01-17,no hay direccion,0.48,0.03,0.24,0.2,0.02,0.16,0.37
2014-01-18,no hay direccion,0.36,0.06,0.35,0.25,0.36,0.29,0.09
2014-01-19,no hay direccion,0.22,0.36,0.27,0.12,0.15,0.25,0.31
2014-01-20,no hay direccion,0.49,0.26,0.39,0.34,0.3,0.09,0.02
2014-01-21,no hay direccion,0.11,0.42,0.48,0.32,0.15,0.17,0.03
2014-01-22,no hay direccion,0.27,0.0,0.49,0.07,0.16,0.18,0.28
2014-01-23,no hay direccion,0.05,0.21,0.09,0.06,0.44,0.11,0.02
2014-01-24,no hay direccion,0.41,0.12,0.34,0.43,0.43,0.1,0.41
2014-01-25,no hay direccion,0.42,0.15,0.02,0.07,0.43,0.31,0.06
2014-01-26,no hay direccion,0.49,0.04,0.02,0.31,0.33,0.08,0.13
2014-01-27,no hay direccion,0.1,0.19,0.05,0.17,0.17,0.22,0.29
2014-01-28,no hay direccion,0.22,0.41,0.49,0.4,0.43,0.02,0.3
2014-01-29,no hay direccion,0.43,0.42,0.42,0.43,0.5,0.11,0.32
2014-01-30,achumani,0.08,0.06,0.3,0.18,0.18,0.55,0.26
2014-01-30,rio achumani,0.44,0.18,0.46,0.33,0.34,0.1,0.22
2014-01-31,no hay direccion,0.34,0.5,0.26,0.12,0.21,0.34,0.1
2014-02-01,no hay direccion,0.27,0.39,0.34,0.15,0.09,0.04,0.38
2014-02-02,no hay direccion,0.04,0.02,0.35,0.1,0.03,0.32,0.35
2014-02-03,no hay direccion,0.24,0.1,0.08,0.01,0.09,0.27,0.33
2014-02-04,no hay direccion,0.24,0.03,0.45,0.08,0.21,0.04,0.26
2014-02-05,no hay direccion,0.47,0.03,0.02,0.05,0.21,0.16,0.26
2014-02-06,no hay direccion,0.23,0.0,0.14,0.45,0.21,0.19,0.31
2014-02-07,no hay direccion,0.37,0.39,0.39,0.33,0.41,0.27,0.28
2014-02-08,no hay direccion,0.13,0.23,0.46,0.34,0.42,0.43,0.16
2014-02-09,no hay direccion,0.05,0.14,0.39,0.01,0.45,0.14,0.12
2014-02-10,no hay direccion,0.47,0.49,0.49,0.21,0.14,0.13,0.22
2014-02-11,no hay direccion,0.33,0.15,0.25,0.43,0.01,0.34,0.09
2014-02-12,no hay direccion,0.12,0.18,0.38,0.31,0.11,0.43,0.2
2014-02-13,no hay direccion,0.41,0.24,0.26,0.34,0.13,0.16,0.05
2014-02-14,no hay direccion,0.48,0.31,0.37,0.01,0.18,0.06,0.16
2014-02-15,no hay direccion,0.06,0.09,0.26,0.0,0.29,0.38,0.22
2014-02-16,no hay direccion,0.46,0.38,0.05,0.28,0.05,0.33,0.35
2014-02-17,no hay direccion,0.24,0.44,0.27,0.19,0.16,0.41,0.46
2014-02-18,no hay direccion,0.05,0.2,0.22,0.49,0.42,0.27,0.32
2014-02-19,no hay direccion,0.09,0.4,0.32,0.03,0.43,0.49,0.26
2014-02-20,no hay direccion,0.05,0.32,0.21,0.19,0.28,0.08,0.02
2014-02-21,no hay direccion,0.02,0.13,0.29,0.26,0.48,0.24,0.08
2014-02-22,no hay direccion,0.45,0.23,0.04,0.19,0.33,0.2,0.19
2014-02-23,no hay direccion,0.03,0.25,0.42,0.28,0.37,0.24,0.26
2014-02-24,no hay direccion,0.02,0.31,0.2,0.21,0.02,0.28,0.16
2014-02-25,no hay direccion,0.43,0.04,0.04,0.5,0.45,0.05,0.19
2014-02-26,no hay direccion,0.3,0.33,0.44,0.2,0.49,0.34,0.31
2014-02-27,no hay direccion,0.35,0.5,0.19,0.21,0.04,0.42,0.23
2014-02-28,no hay direccion,0.13,0.43,0.44,0.24,0.23,0.46,0.43
2014-03-01,no hay direccion,0.15,0.45,0.18,0.27,0.23,0.27,0.01
2014-03-02,no hay direccion,0.45,0.02,0.03,0.05,0.13,0.44,0.25
2014-03-03,no hay direccion,0.28,0.01,0.3,0.48,0.06,0.32,0.05
2014-03-04,no hay direccion,0.34,0.42,0.05,0.28,0.46,0.37,0.22
2014-03-05,no hay direccion,0.03,0.27,0.36,0.46,0.07,0.42,0.07
2014-03-06,no hay direccion,0.06,0.29,0.32,0.1,0.06,0.17,0.03
2014-03-07,no hay direccion,0.03,0.17,0.4,0.42,0.48,0.22,0.43
2014-03-08,no hay direccion,0.02,0.46,0.17,0.3,0.33,0.21,0.47
2014-03-09,no hay direccion,0.24,0.14,0.47,0.26,0.49,0.43,0.36
2014-03-10,no hay direccion,0.41,0.13,0.39,0.4,0.28,0.34,0.48
2014-03-11,no hay direccion,0.31,0.48,0.1,0.49,0.39,0.5,0.07
2014-03-12,no hay direccion,0.33,0.34,0.31,0.32,0.32,0.04,0.34
2014-03-13,no hay direccion,0.31,0.31,0.13,0.31,0.23,0.37,0.04
2014-03-14,no hay direccion,0.2,0.36,0.05,0.02,0.26,0.4,0.44
2014-03-15,no hay direccion,0.06,0.22,0.19,0.3,0.15,0.26,0.12
2014-03-16,no hay direccion,0.04,0.35,0.41,0.29,0.11,0.34,0.5
2014-03-17,no hay direccion,0.18,0.09,0.07,0.14,0.39,0.2,0.18
2014-03-18,no hay direccion,0.46,0.44,0.0,0.39,0.03,0.42,0.1
2014-03-19,no hay direccion,0.22,0.26,0.25,0.15,0.32,0.49,0.19
2014-03-20,no hay direccion,0.23,0.15,0.17,0.09,0.36,0.21,0.18
2014-03-21,no hay direccion,0.21,0.07,0.18,0.17,0.27,0.47,0.18
2014-03-22,no hay direccion,0.29,0.18,0.45,0.49,0.25,0.06,0.1
2014-03-23,no hay direccion,0.27,0.46,0.4,0.4,0.07,0.28,0.23
2014-03-24,no hay direccion,0.11,0.24,0.07,0.13,0.08,0.37,0.13
2014-03-25,no hay direccion,0.27,0.16,0.04,0.22,0.07,0.45,0.21
2014-03-26,no hay direccion,0.09,0.36,0.32,0.02,0.49,0.09,0.13
2014-03-27,no hay direccion,0.19,0.01,0.16,0.34,0.01,0.38,0.23
2014-03-28,no hay direccion,0.11,0.38,0.15,0.45,0.09,0.36,0.45
2014-03-29,no hay direccion,0.17,0.36,0.32,0.07,0.15,0.06,0.05
2014-03-30,no hay direccion,0.47,0.1,0.02,0.4,0.39,0.4,0.41
2014-03-31,no hay direccion,0.05,0.06,0.29,0.38,0.49,0.03,0.37
2014-04-01,no hay direccion,0.32,0.38,0.37,0.3,0.05,0.12,0.06
2014-04-02,no hay direccion,0.0,0.42,0.13,0.04,0.45,0.4,0.11
2014-04-03,no hay direccion,0.03,0.12,0.46,0.02,0.34,0.28,0.45
2014-04-04,no hay direccion,0.41,0.47,0.21,0.15,0.49,0.32,0.13
2014-04-05,no hay direccion,0.04,0.48,0.28,0.44,0.16,0.42,0.39
2014-04-06,no hay direccion,0.04,0.36,0.23,0.07,0.2,0.41,0.25
2014-04-07,no hay direccion,0.17,0.1,0.28,0.15,0.21,0.26,0.06
2014-04-08,no hay direccion,0.39,0.46,0.28,0.28,0.09,0.35,0.06
2014-04-09,no hay direccion,0.45,0.15,0.06,0.12,0.13,0.3,0.2
2014-04-10,no hay direccion,0.07,0.15,0.09,0.14,0.49,0.33,0.35
2014-04-11,no hay direccion,0.19,0.24,0.25,0.42,0.35,0.26,0.18
2014-04-12,no hay direccion,0.41,0.36,0.3,0.27,0.21,0.12,0.32
2014-04-13,no hay direccion,0.16,0.37,0.08,0.43,0.11,0.37,0.14
2014-04-14,no hay direccion,0.2,0.3,0.35,0.0,0.06,0.23,0.23
2014-04-15,no hay direccion,0.08,0.16,0.03,0.18,0.08,0.23,0.26
2014-04-16,no hay direccion,0.05,0.05,0.1,0.14,0.1,0.12,0.28
2014-04-17,no hay direccion,0.38,0.29,0.11,0.2,0.42,0.4,0.05
2014-04-18,no hay direccion,0.23,0.42,0.2,0.36,0.33,0.22,0.48
2014-04-19,no hay direccion,0.21,0.03,0.33,0.36,0.06,0.02,0.37
2014-04-20,no hay direccion,0.17,0.25,0.1,0.1,0.4,0.18,0.17
2014-04-21,no hay direccion,0.34,0.35,0.23,0.2,0.04,0.15,0.5
2014-04-22,no hay direccion,0.17,0.48,0.33,0.47,0.25,0.5,0.34
2014-04-23,no hay direccion,0.16,0.24,0.29,0.38,0.06,0.06,0.41
2014-04-24,no hay direccion,0.04,0.33,0.14,0.43,0.48,0.38,0.02
2014-04-25,no hay direccion,0.2,0.36,0.46,0.28,0.43,0.12,0.1
2014-04-26,no hay direccion,0.39,0.17,0.19,0.43,0.49,0.21,0.13
2014-04-27,no hay direccion,0.07,0.43,0.42,0.07,0.36,0.02,0.41
2014-04-28,no hay direccion,0.07,0.02,0.33,0.08,0.01,0.41,0.3
2014-04-29,no hay direccion,0.29,0.21,0.17,0.35,0.44,0.09,0.24
2014-04-30,no hay direccion,0.17,0.39,0.44,0.28,0.03,0.39,0.03
2014-05-01,no hay direccion,0.09,0.15,0.11,0.06,0.09,0.05,0.45
2014-05-02,no hay direccion,0.33,0.16,0.28,0.39,0.2,0.47,0.22
2014-05-03,no hay direccion,0.33,0.03,0.39,0.24,0.08,0.15,0.03
2014-05-04,no hay direccion,0.26,0.24,0.14,0.09,0.01,0.28,0.5
2014-05-05,no hay direccion,0.1,0.07,0.09,0.32,0.27,0.31,0.19
2014-05-06,no hay direccion,0.31,0.25,0.41,0.31,0.29,0.47,0.01
2014-05-07,no hay direccion,0.2,0.12,0.22,0.38,0.21,0.03,0.08
2014-05-08,no hay direccion,0.42,0.38,0.35,0.41,0.27,0.38,0.15
2014-05-09,no hay direccion,0.42,0.12,0.29,0.29,0.09,0.46,0.24
2014-05-10,no hay direccion,0.14,0.34,0.45,0.39,0.29,0.25,0.21
2014-05-11,no hay direccion,0.05,0.42,0.5,0.24,0.42,0.41,0.23
2014-05-12,no hay direccion,0.46,0.02,0.24,0.29,0.21,0.18,0.49
2014-05-13,no hay direccion,0.21,0.27,0.23,0.07,0.14,0.33,0.39
2014-05-14,no hay direccion,0.33,0.29,0.33,0.47,0.31,0.32,0.15
2014-05-15,no hay direccion,0.4,0.35,0.44,0.07,0.19,0.35,0.26
2014-05-16,no hay direccion,0.37,0.3,0.34,0.08,0.24,0.39,0.33
2014-05-17,no hay direccion,0.14,0.05,0.13,0.24,0.03,0.05,0.49
2014-05-18,no hay direccion,0.13,0.26,0.05,0.41,0.1,0.36,0.46
2014-05-19,no hay direccion,0.26,0.5,0.25,0.18,0.25,0.34,0.49
2014-05-20,no hay direccion,0.23,0.37,0.45,0.29,0.07,0.48,0.31
2014-05-21,no hay direccion,0.19,0.35,0.49,0.05,0.48,0.38,0.43
2014-05-22,no hay direccion,0.39,0.5,0.15,0.11,0.5,0.16,0.02
2014-05-23,no hay direccion,0.46,0.14,0.05,0.33,0.37,0.43,0.31
2014-05-24,no hay direccion,0.05,0.37,0.47,0.26,0.36,0.12,0.19
2014-05-25,no hay direccion,0.42,0.47,0.36,0.13,0.1,0.33,0.07
2014-05-26,no hay direccion,0.38,0.23,0.08,0.06,0.03,0.45,0.13
2014-05-27,no hay direccion,0.11,0.05,0.33,0.22,0.14,0.38,0.37
2014-05-28,no hay direccion,0.39,0.27,0.18,0.16,0.22,0.26,0.11
2014-05-29,no hay direccion,0.21,0.07,0.46,0.36,0.31,0.5,0.27
2014-05-30,no hay direccion,0.11,0.16,0.49,0.15,0.15,0.23,0.33
2014-05-31,no hay direccion,0.3,0.05,0.31,0.01,0.32,0.18,0.47
2014-06-01,no hay direccion,0.04,0.04,0.06,0.1,0.26,0.22,0.34
2014-06-02,no hay direccion,0.45,0.09,0.17,0.01,0.38,0.37,0.39
2014-06-03,no hay direccion,0.06,0.14,0.4,0.44,0.09,0.45,0.01
2014-06-04,no hay direccion,0.13,0.46,0.15,0.23,0.31,0.44,0.23
2014-06-05,no hay direccion,0.15,0.04,0.26,0.11,0.5,0.39,0.04
2014-06-06,no hay direccion,0.26,0.06,0.35,0.44,0.19,0.08,0.02
2014-06-07,no hay direccion,0.1,0.23,0.41,0.36,0.44,0.01,0.32
2014-06-08,no hay direccion,0.21,0.12,0.47,0.22,0.46,0.4,0.12
2014-06-09,no hay direccion,0.37,0.47,0.16,0.41,0.06,0.44,0.47
2014-06-10,no hay direccion,0.27,0.31,0.22,0.31,0.14,0.45,0.36
2014-06-11,no hay direccion,0.31,0.19,0.02,0.03,0.29,0.47,0.03
2014-06-12,no hay direccion,0.19,0.37,0.32,0.44,0.08,0.13,0.16
2014-06-13,no hay direccion,0.25,0.02,0.19,0.45,0.38,0.1,0.46
2014-06-14,no hay direccion,0.35,0.49,0.13,0.43,0.4,0.35,0.23
2014-06-15,no hay direccion,0.05,0.26,0.21,0.35,0.47,0.43,0.2
2014-06-16,no hay direccion,0.24,0.39,0.24,0.35,0.03,0.14,0.48
2014-06-17,no hay direccion,0.23,0.03,0.46,0.49,0.48,0.36,0.48
2014-06-18,no hay direccion,0.26,0.41,0.44,0.43,0.11,0.37,0.45
2014-06-19,no hay direccion,0.29,0.22,0.12,0.09,0.47,0.11,0.23
2014-06-20,no hay direccion,0.06,0.07,0.45,0.16,0.37,0.43,0.44
2014-06-21,no hay direccion,0.26,0.19,0.31,0.0,0.42,0.19,0.23
2014-06-22,no hay direccion,0.41,0.23,0.01,0.1,0.09,0.44,0.03
2014-06-23,no hay direccion,0.35,0.09,0.41,0.27,0.06,0.02,0.3
2014-06-24,no hay direccion,0.11,0.01,0.22,0.33,0.33,0.11,0.35
2014-06-25,no hay direccion,0.31,0.36,0.41,0.44,0.37,0.03,0.09
2014-06-26,no hay direccion,0.09,0.27,0.1,0.19,0.05,0.28,0.15
2014-06-27,no hay direccion,0.34,0.01,0.48,0.26,0.22,0.1,0.35
2014-06-28,no hay direccion,0.28,0.03,0.25,0.26,0.43,0.35,0.42
2014-06-29,no hay direccion,0.49,0.24,0.18,0.06,0.33,0.29,0.25
2014-06-30,no hay direccion,0.5,0.15,0.38,0.44,0.33,0.43,0.24
2014-07-01,no hay direccion,0.39,0.04,0.47,0.27,0.22,0.48,0.35
2014-07-02,no hay direccion,0.24,0.24,0.47,0.35,0.24,0.48,0.15
2014-07-03,no hay direccion,0.3,0.04,0.24,0.2,0.05,0.44,0.24
2014-07-04,no hay direccion,0.03,0.27,0.45,0.37,0.27,0.16,0.23
2014-07-05,no hay direccion,0.15,0.4,0.31,0.45,0.33,0.1,0.18
2014-07-06,no hay direccion,0.38,0.09,0.12,0.41,0.23,0.23,0.27
2014-07-07,no hay direccion,0.43,0.21,0.44,0.33,0.36,0.12,0.29
2014-07-08,no hay direccion,0.03,0.38,0.39,0.48,0.15,0.4,0.41
2014-07-09,no hay direccion,0.32,0.08,0.33,0.44,0.04,0.35,0.25
2014-07-10,no hay direccion,0.21,0.25,0.22,0.12,0.2,0.24,0.5
2014-07-11,no hay direccion,0.48,0.19,0.43,0.29,0.08,0.42,0.07
2014-07-12,no hay direccion,0.12,0.28,0.02,0.29,0.3,0.16,0.0
2014-07-13,no hay direccion,0.41,0.18,0.04,0.3,0.44,0.08,0.22
2014-07-14,no hay direccion,0.31,0.19,0.34,0.09,0.09,0.23,0.06
2014-07-15,no hay direccion,0.01,0.03,0.4,0.29,0.01,0.13,0.19
2014-07-16,no hay direccion,0.11,0.38,0.32,0.03,0.04,0.18,0.15
2014-07-17,no hay direccion,0.18,0.5,0.33,0.43,0.04,0.39,0.05
2014-07-18,no hay direccion,0.22,0.4,0.15,0.41,0.17,0.32,0.08
2014-07-19,no hay direccion,0.27,0.24,0.35,0.22,0.11,0.43,0.13
2014-07-20,no hay direccion,0.24,0.43,0.47,0.43,0.13,0.08,0.38
2014-07-21,no hay direccion,0.44,0.41,0.43,0.08,0.39,0.29,0.29
2014-07-22,no hay direccion,0.05,0.14,0.08,0.28,0.46,0.28,0.42
2014-07-23,no hay direccion,0.11,0.35,0.33,0.06,0.26,0.43,0.23
2014-07-24,no hay direccion,0.29,0.38,0.5,0.48,0.2,0.28,0.38
2014-07-25,no hay direccion,0.25,0.39,0.04,0.43,0.27,0.49,0.18
2014-07-26,no hay direccion,0.38,0.46,0.48,0.14,0.32,0.49,0.19
2014-07-27,no hay direccion,0.38,0.05,0.42,0.14,0.02,0.11,0.45
2014-07-28,no hay direccion,0.36,0.24,0.12,0.41,0.03,0.29,0.05
2014-07-29,no hay direccion,0.22,0.05,0.02,0.32,0.46,0.48,0.48
2014-07-30,no hay direccion,0.46,0.24,0.38,0.16,0.18,0.49,0.31
2014-07-31,no hay direccion,0.18,0.27,0.33,0.27,0.11,0.4,0.18
2014-08-01,no hay direccion,0.28,0.48,0.12,0.11,0.37,0.14,0.14
2014-08-02,no hay direccion,0.42,0.05,0.4,0.47,0.33,0.45,0.42
2014-08-03,no hay direccion,0.25,0.02,0.4,0.29,0.05,0.1,0.17
2014-08-04,no hay direccion,0.07,0.07,0.46,0.1,0.3,0.26,0.48
2014-08-05,no hay direccion,0.35,0.17,0.02,0.09,0.27,0.16,0.26
2014-08-06,no hay direccion,0.28,0.12,0.32,0.38,0.3,0.38,0.34
2014-08-07,no hay direccion,0.13,0.08,0.46,0.03,0.35,0.47,0.46
2014-08-08,no hay direccion,0.12,0.47,0.2,0.45,0.19,0.43,0.21
2014-08-09,no hay direccion,0.46,0.23,0.37,0.23,0.24,0.11,0.23
2014-08-10,no hay direccion,0.14,0.09,0.45,0.42,0.2,0.41,0.45
2014-08-11,no hay direccion,0.26,0.02,0.23,0.18,0.09,0.14,0.29
2014-08-12,no hay direccion,0.48,0.03,0.09,0.23,0.36,0.37,0.39
2014-08-13,no hay direccion,0.25,0.28,0.5,0.21,0.25,0.25,0.33
2014-08-14,no hay direccion,0.33,0.03,0.32,0.34,0.21,0.13,0.39
2014-08-15,no hay direccion,0.27,0.06,0.04,0.45,0.43,0.47,0.38
2014-08-16,no hay direccion,0.12,0.18,0.44,0.39,0.2,0.13,0.35
2014-08-17,no hay direccion,0.08,0.1,0.08,0.3,0.37,0.29,0.34
2014-08-18,no hay direccion,0.08,0.07,0.2,0.1,0.0,0.36,0.33
2014-08-19,no hay direccion,0.04,0.11,0.26,0.45,0.16,0.36,0.47
2014-08-20,no hay direccion,0.25,0.23,0.26,0.26,0.43,0.42,0.35
2014-08-21,no hay direccion,0.1,0.0,0.34,0.01,0.04,0.36,0.47
2014-08-22,no hay direccion,0.06,0.29,0.4,0.16,0.09,0.09,0.23
2014-08-23,no hay direccion,0.14,0.49,0.26,0.23,0.06,0.02,0.12
2014-08-24,no hay direccion,0.37,0.35,0.35,0.17,0.05,0.31,0.17
2014-08-25,no hay direccion,0.27,0.26,0.45,0.44,0.39,0.32,0.04
2014-08-26,no hay direccion,0.14,0.2,0.27,0.17,0.4,0.34,0.3
2014-08-27,no hay direccion,0.21,0.03,0.35,0.37,0.27,0.03,0.13
2014-08-28,no hay direccion,0.38,0.15,0.01,0.22,0.22,0.38,0.09
2014-08-29,no hay direccion,0.42,0.19,0.47,0.36,0.27,0.16,0.41
2014-08-30,no hay direccion,0.32,0.09,0.36,0.46,0.32,0.34,0.14
2014-08-31,no hay direccion,0.45,0.18,0.3,0.33,0.36,0.42,0.34
2014-09-01,no hay direccion,0.11,0.4,0.29,0.2,0.12,0.35,0.01
2014-09-02,no hay direccion,0.29,0.41,0.31,0.0,0.13,0.3,0.15
2014-09-03,no hay direccion,0.36,0.45,0.42,0.26,0.39,0.4,0.06
2014-09-04,no hay direccion,0.35,0.2,0.17,0.37,0.07,0.24,0.02
2014-09-05,no hay direccion,0.08,0.3,0.41,0.46,0.02,0.1,0.32
2014-09-06,no hay direccion,0.08,0.38,0.01,0.23,0.37,0.3,0.15
2014-09-07,no hay direccion,0.02,0.11,0.21,0.17,0.1,0.28,0.38
2014-09-08,no hay direccion,0.44,0.03,0.05,0.11,0.27,0.37,0.3
2014-09-09,no hay direccion,0.05,0.29,0.45,0.03,0.08,0.22,0.02
2014-09-10,no hay direccion,0.26,0.16,0.49,0.43,0.31,0.27,0.07
2014-09-11,no hay direccion,0.18,0.48,0.21,0.22,0.45,0.1,0.03
2014-09-12,no hay direccion,0.18,0.47,0.07,0.37,0.37,0.29,0.18
2014-09-13,no hay direccion,0.11,0.25,0.2,0.15,0.47,0.05,0.12
2014-09-14,no hay direccion,0.21,0.06,0.09,0.36,0.03,0.39,0.38
2014-09-15,no hay direccion,0.07,0.47,0.44,0.26,0.16,0.12,0.02
2014-09-16,no hay direccion,0.4,0.22,0.17,0.21,0.32,0.41,0.32
2014-09-17,no hay direccion,0.13,0.16,0.31,0.12,0.26,0.1,0.42
2014-09-18,no hay direccion,0.13,0.24,0.42,0.01,0.21,0.32,0.27
2014-09-19,no hay direccion,0.12,0.4,0.38,0.49,0.4,0.15,0.34
2014-09-20,no hay direccion,0.18,0.15,0.17,0.27,0.08,0.14,0.43
2014-09-21,no hay direccion,0.12,0.26,0.28,0.41,0.39,0.04,0.18
2014-09-22,no hay direccion,0.23,0.33,0.31,0.39,0.05,0.28,0.1
2014-09-23,no hay direccion,0.48,0.04,0.29,0.15,0.33,0.48,0.02
2014-09-24,no hay direccion,0.39,0.29,0.19,0.01,0.38,0.07,0.4
2014-09-25,no hay direccion,0.08,0.41,0.24,0.07,0.29,0.33,0.26
2014-09-26,no hay direccion,0.25,0.06,0.29,0.07,0.16,0.08,0.19
2014-09-27,no hay direccion,0.38,0.21,0.26,0.46,0.43,0.19,0.3
2014-09-28,no hay direccion,0.4,0.45,0.28,0.25,0.03,0.11,0.15
2014-09-29,no hay direccion,0.41,0.45,0.37,0.49,0.04,0.46,0.31
2014-09-30,no hay direccion,0.12,0.16,0.35,0.03,0.41,0.06,0.44
2014-10-01,no hay direccion,0.4,0.5,0.39,0.24,0.18,0.24,0.08
2014-10-02,avenida periferica,0.25,0.1,0.35,0.31,0.09,0.91,0.15
2014-10-02,centro de la ciudad,0.15,0.23,0.45,0.05,0.23,0.7,0.47
2014-10-02,munaypata,0.24,0.22,0.14,0.21,0.5,0.86,0.13
2014-10-02,zona san antonio,0.41,0.04,0.11,0.39,0.42,0.58,0.24
2014-10-03,no hay direccion,0.26,0.15,0.07,0.31,0.05,0.03,0.12
2014-10-04,no hay direccion,0.05,0.43,0.28,0.21,0.11,0.22,0.38
2014-10-05,no hay direccion,0.49,0.38,0.01,0.16,0.17,0.32,0.49
2014-10-06,no hay direccion,0.28,0.19,0.4,0.32,0.26,0.26,0.04
2014-10-07,no hay direccion,0.36,0.31,0.46,0.12,0.05,0.49,0.33
2014-10-08,no hay direccion,0.5,0.05,0.37,0.28,0.14,0.18,0.32
2014-10-09,no hay direccion,0.09,0.46,0.34,0.27,0.31,0.04,0.39
2014-10-10,no hay direccion,0.25,0.2,0.32,0.04,0.49,0.04,0.47
2014-10-11,no hay direccion,0.07,0.41,0.03,0.18,0.04,0.06,0.27
2014-10-12,no hay direccion,0.25,0.43,0.16,0.13,0.28,0.1,0.28
2014-10-13,no hay direccion,0.17,0.43,0.45,0.2,0.46,0.04,0.28
2014-10-14,no hay direccion,0.25,0.48,0.45,0.17,0.1,0.09,0.48
2014-10-15,no hay direccion,0.19,0.37,0.36,0.11,0.31,0.34,0.32
2014-10-16,no hay direccion,0.4,0.5,0.1,0.4,0.32,0.43,0.49
2014-10-17,no hay direccion,0.21,0.24,0.47,0.49,0.49,0.06,0.01
2014-10-18,no hay direccion,0.22,0.4,0.11,0.49,0.41,0.47,0.29
2014-10-19,no hay direccion,0.41,0.36,0.4,0.02,0.48,0.34,0.34
2014-10-20,no hay direccion,0.4,0.09,0.27,0.13,0.09,0.23,0.38
2014-10-21,no hay direccion,0.49,0.01,0.19,0.31,0.3,0.48,0.22
2014-10-22,no hay direccion,0.3,0.17,0.48,0.3,0.28,0.1,0.4
2014-10-23,no hay direccion,0.23,0.35,0.45,0.4,0.33,0.48,0.32
2014-10-24,no hay direccion,0.48,0.45,0.29,0.42,0.21,0.26,0.43
2014-10-25,no hay direccion,0.37,0.34,0.36,0.48,0.01,0.19,0.34
2014-10-26,no hay direccion,0.49,0.19,0.28,0.26,0.4,0.36,0.17
2014-10-27,no hay direccion,0.14,0.34,0.15,0.11,0.45,0.28,0.32
2014-10-28,no hay direccion,0.01,0.23,0.16,0.2,0.41,0.44,0.47
2014-10-29,no hay direccion,0.35,0.08,0.21,0.2,0.41,0.34,0.49
2014-10-30,no hay direccion,0.03,0.03,0.18,0.04,0.16,0.06,0.26
2014-10-31,no hay direccion,0.15,0.09,0.39,0.0,0.06,0.12,0.35
2014-11-01,no hay direccion,0.47,0.05,0.28,0.19,0.44,0.4,0.35
2014-11-02,no hay direccion,0.05,0.15,0.17,0.34,0.21,0.37,0.4
2014-11-03,no hay direccion,0.16,0.37,0.18,0.01,0.38,0.47,0.05
2014-11-04,no hay direccion,0.04,0.34,0.44,0.42,0.34,0.49,0.46
2014-11-05,no hay direccion,0.04,0.16,0.44,0.31,0.09,0.08,0.27
2014-11-06,no hay direccion,0.08,0.04,0.35,0.41,0.19,0.14,0.5
2014-11-07,no hay direccion,0.48,0.06,0.17,0.0,0.2,0.09,0.02
2014-11-08,no hay direccion,0.12,0.31,0.31,0.4,0.17,0.32,0.21
2014-11-09,no hay direccion,0.14,0.4,0.5,0.26,0.05,0.3,0.42
2014-11-10,no hay direccion,0.45,0.21,0.42,0.44,0.33,0.38,0.21
2014-11-11,no hay direccion,0.24,0.25,0.02,0.37,0.05,0.08,0.41
2014-11-12,no hay direccion,0.39,0.03,0.27,0.43,0.22,0.47,0.1
2014-11-13,no hay direccion,0.29,0.21,0.23,0.03,0.42,0.23,0.17
2014-11-14,no hay direccion,0.08,0.38,0.38,0.42,0.49,0.08,0.07
2014-11-15,no hay direccion,0.27,0.16,0.49,0.19,0.42,0.43,0.48
2014-11-16,no hay direccion,0.47,0.18,0.14,0.37,0.19,0.4,0.07
2014-11-17,no hay direccion,0.23,0.16,0.06,0.11,0.01,0.26,0.09
2014-11-18,no hay direccion,0.12,0.25,0.47,0.4,0.26,0.37,0.02
2014-11-19,no hay direccion,0.0,0.12,0.33,0.06,0.37,0.28,0.01
2014-11-20,no hay direccion,0.21,0.02,0.08,0.29,0.12,0.38,0.18
2014-11-21,no hay direccion,0.36,0.48,0.4,0.37,0.12,0.05,0.1
2014-11-22,no hay direccion,0.05,0.05,0.03,0.06,0.38,0.14,0.2
2014-11-23,no hay direccion,0.32,0.07,0.37,0.43,0.33,0.33,0.15
2014-11-24,no hay direccion,0.45,0.23,0.04,0.05,0.06,0.04,0.16
2014-11-25,no hay direccion,0.17,0.37,0.17,0.38,0.13,0.12,0.13
2014-11-26,no hay direccion,0.05,0.38,0.44,0.02,0.29,0.25,0.21
2014-11-27,no hay direccion,0.33,0.48,0.42,0.29,0.12,0.18,0.3
2014-11-28,no hay direccion,0.39,0.17,0.33,0.44,0.01,0.06,0.37
2014-11-29,no hay direccion,0.02,0.04,0.14,0.43,0.04,0.27,0.22
2014-11-30,no hay direccion,0.07,0.32,0.04,0.37,0.33,0.34,0.35
2014-12-01,no hay direccion,0.45,0.2,0.31,0.38,0.48,0.44,0.2
2014-12-02,no hay direccion,0.18,0.3,0.02,0.23,0.11,0.39,0.07
2014-12-03,no hay direccion,0.11,0.35,0.22,0.2,0.41,0.46,0.17
2014-12-04,no hay direccion,0.47,0.03,0.38,0.39,0.18,0.21,0.19
2014-12-05,no hay direccion,0.16,0.42,0.47,0.25,0.46,0.06,0.35
2014-12-06,no hay direccion,0.42,0.06,0.15,0.32,0.09,0.45,0.49
2014-12-07,no hay direccion,0.01,0.31,0.01,0.42,0.03,0.48,0.39
2014-12-08,no hay direccion,0.48,0.22,0.27,0.3,0.24,0.12,0.41
2014-12-09,no hay direccion,0.3,0.21,0.48,0.26,0.02,0.35,0.19
2014-12-10,no hay direccion,0.24,0.47,0.34,0.28,0.34,0.47,0.37
2014-12-11,no hay direccion,0.43,0.09,0.41,0.4,0.24,0.08,0.38
2014-12-12,no hay direccion,0.06,0.16,0.28,0.46,0.09,0.08,0.19
2014-12-13,no hay direccion,0.07,0.38,0.13,0.35,0.2,0.48,0.46
2014-12-14,no hay direccion,0.32,0.39,0.44,0.21,0.31,0.27,0.3
2014-12-15,no hay direccion,0.25,0.37,0.07,0.1,0.46,0.26,0.23
2014-12-16,no hay direccion,0.16,0.2,0.09,0.05,0.27,0.31,0.09
2014-12-17,no hay direccion,0.49,0.19,0.32,0.32,0.24,0.4,0.45
2014-12-18,no hay direccion,0.33,0.15,0.24,0.49,0.32,0.29,0.29
2014-12-19,no hay direccion,0.09,0.0,0.47,0.03,0.22,0.3,0.12
2014-12-20,no hay direccion,0.39,0.32,0.47,0.2,0.25,0.03,0.47
2014-12-21,no hay direccion,0.32,0.05,0.2,0.24,0.14,0.23,0.09
2014-12-22,no hay direccion,0.18,0.31,0.29,0.25,0.42,0.38,0.21
2014-12-23,no hay direccion,0.3,0.1,0.25,0.21,0.35,0.07,0.31
2014-12-24,no hay direccion,0.2,0.35,0.23,0.0,0.08,0.24,0.22
2014-12-25,no hay direccion,0.34,0.29,0.08,0.28,0.12,0.42,0.35
2014-12-26,no hay direccion,0.4,0.04,0.25,0.29,0.0,0.21,0.09
2014-12-27,no hay direccion,0.3,0.09,0.19,0.24,0.05,0.09,0.32
2014-12-28,no hay direccion,0.5,0.26,0.32,0.03,0.3,0.09,0.27
2014-12-29,no hay direccion,0.01,0.2,0.47,0.09,0.31,0.31,0.34
2014-12-30,no hay direccion,0.11,0.32,0.11,0.36,0.29,0.04,0.1
2014-12-31,no hay direccion,0.2,0.23,0.04,0.4,0.38,0.27,0.49
2015-01-01,no hay direccion,0.15,0.38,0.04,0.05,0.3,0.19,0.01
2015-01-02,no hay direccion,0.13,0.06,0.22,0.19,0.47,0.14,0.5
2015-01-03,no hay direccion,0.33,0.11,0.06,0.5,0.2,0.07,0.42
2015-01-04,no hay direccion,0.46,0.04,0.13,0.25,0.49,0.03,0.26
2015-01-05,no hay direccion,0.11,0.02,0.13,0.08,0.42,0.42,0.47
2015-01-06,no hay direccion,0.48,0.26,0.39,0.37,0.38,0.01,0.5
2015-01-07,no hay direccion,0.15,0.2,0.04,0.49,0.21,0.23,0.04
2015-01-08,no hay direccion,0.07,0.46,0.3,0.04,0.14,0.4,0.14
2015-01-09,no hay direccion,0.4,0.06,0.22,0.3,0.12,0.49,0.06
2015-01-10,no hay direccion,0.18,0.43,0.22,0.31,0.06,0.26,0.06
2015-01-11,no hay direccion,0.46,0.49,0.42,0.38,0.47,0.26,0.06
2015-01-12,no hay direccion,0.15,0.36,0.17,0.21,0.4,0.39,0.4
2015-01-13,no hay direccion,0.15,0.45,0.28,0.2,0.11,0.13,0.13
2015-01-14,no hay direccion,0.26,0.24,0.17,0.4,0.49,0.39,0.16
2015-01-15,no hay direccion,0.46,0.08,0.03,0.26,0.38,0.43,0.47
2015-01-16,no hay direccion,0.21,0.19,0.32,0.15,0.42,0.01,0.44
2015-01-17,no hay direccion,0.1,0.32,0.42,0.23,0.46,0.16,0.18
2015-01-18,no hay direccion,0.12,0.27,0.03,0.35,0.32,0.41,0.19
2015-01-19,no hay direccion,0.2,0.45,0.19,0.49,0.3,0.16,0.22
2015-01-20,no hay direccion,0.14,0.05,0.0,0.17,0.31,0.26,0.07
2015-01-21,no hay direccion,0.12,0.08,0.27,0.49,0.03,0.15,0.03
2015-01-22,no hay direccion,0.3,0.47,0.28,0.0,0.33,0.27,0.42
2015-01-23,no hay direccion,0.37,0.1,0.26,0.01,0.39,0.04,0.41
2015-01-24,no hay direccion,0.09,0.47,0.1,0.09,0.32,0.26,0.49
2015-01-25,no hay direccion,0.02,0.49,0.19,0.11,0.1,0.4,0.05
2015-01-26,no hay direccion,0.28,0.41,0.49,0.29,0.21,0.2,0.49
2015-01-27,no hay direccion,0.03,0.38,0.34,0.43,0.14,0.09,0.09
2015-01-28,no hay direccion,0.31,0.03,0.01,0.06,0.07,0.41,0.36
2015-01-29,no hay direccion,0.24,0.01,0.05,0.09,0.14,0.31,0.41
2015-01-30,no hay direccion,0.16,0.16,0.16,0.46,0.02,0.1,0.32
2015-01-31,no hay direccion,0.16,0.32,0.18,0.41,0.36,0.39,0.07
2015-02-01,no hay direccion,0.11,0.03,0.29,0.02,0.35,0.03,0.31
2015-02-02,no hay direccion,0.49,0.18,0.15,0.17,0.44,0.06,0.34
2015-02-03,no hay direccion,0.41,0.04,0.45,0.48,0.37,0.45,0.34
2015-02-04,no hay direccion,0.29,0.43,0.17,0.06,0.36,0.15,0.26
2015-02-05,no hay direccion,0.1,0.03,0.36,0.22,0.47,0.07,0.45
2015-02-06,no hay direccion,0.08,0.47,0.17,0.4,0.42,0.42,0.34
2015-02-07,no hay direccion,0.19,0.4,0.44,0.16,0.18,0.24,0.39
2015-02-08,no hay direccion,0.25,0.47,0.01,0.28,0.15,0.32,0.48
2015-02-09,no hay direccion,0.29,0.08,0.03,0.28,0.13,0.4,0.06
2015-02-10,no hay direccion,0.26,0.04,0.39,0.17,0.36,0.2,0.42
2015-02-11,no hay direccion,0.0,0.03,0.44,0.08,0.47,0.15,0.37
2015-02-12,no hay direccion,0.26,0.08,0.24,0.44,0.48,0.48,0.2
2015-02-13,no hay direccion,0.26,0.01,0.37,0.06,0.35,0.35,0.1
2015-02-14,no hay direccion,0.27,0.17,0.06,0.04,0.02,0.21,0.05
2015-02-15,no hay direccion,0.15,0.34,0.26,0.39,0.11,0.12,0.27
2015-02-16,no hay direccion,0.19,0.06,0.39,0.18,0.31,0.37,0.15
2015-02-17,no hay direccion,0.27,0.13,0.18,0.48,0.04,0.37,0.11
2015-02-18,no hay direccion,0.49,0.47,0.15,0.19,0.44,0.43,0.49
2015-02-19,no hay direccion,0.27,0.34,0.16,0.34,0.36,0.2,0.4
2015-02-20,no hay direccion,0.15,0.39,0.39,0.22,0.21,0.41,0.16
2015-02-21,no hay direccion,0.0,0.43,0.12,0.02,0.41,0.46,0.21
2015-02-22,no hay direccion,0.46,0.17,0.28,0.33,0.06,0.19,0.36
2015-02-23,no hay direccion,0.44,0.18,0.21,0.48,0.44,0.08,0.35
2015-02-24,no hay direccion,0.16,0.44,0.21,0.43,0.01,0.07,0.14
2015-02-25,no hay direccion,0.32,0.3,0.47,0.33,0.17,0.32,0.05
2015-02-26,no hay direccion,0.47,0.26,0.14,0.41,0.03,0.34,0.28
2015-02-27,no hay direccion,0.48,0.48,0.12,0.14,0.18,0.35,0.01
2015-02-28,no hay direccion,0.07,0.36,0.14,0.35,0.34,0.39,0.29
2015-03-01,no hay direccion,0.43,0.27,0.1,0.11,0.15,0.2,0.14
2015-03-02,no hay direccion,0.31,0.09,0.26,0.36,0.42,0.14,0.19
2015-03-03,no hay direccion,0.19,0.35,0.1,0.2,0.42,0.43,0.5
2015-03-04,no hay direccion,0.47,0.24,0.29,0.2,0.19,0.15,0.28
2015-03-05,no hay direccion,0.42,0.37,0.09,0.01,0.15,0.05,0.35
2015-03-06,no hay direccion,0.04,0.21,0.45,0.21,0.24,0.31,0.08
2015-03-07,no hay direccion,0.25,0.38,0.31,0.08,0.31,0.43,0.19
2015-03-08,no hay direccion,0.47,0.1,0.07,0.3,0.34,0.16,0.01
2015-03-09,no hay direccion,0.43,0.27,0.16,0.46,0.44,0.08,0.33
2015-03-10,no hay direccion,0.41,0.35,0.33,0.45,0.36,0.1,0.22
2015-03-11,no hay direccion,0.43,0.39,0.37,0.05,0.43,0.32,0.04
2015-03-12,no hay direccion,0.25,0.44,0.0,0.11,0.23,0.19,0.3
2015-03-13,no hay direccion,0.2,0.09,0.31,0.07,0.31,0.49,0.46
2015-03-14,no hay direccion,0.18,0.5,0.31,0.07,0.33,0.09,0.22
2015-03-15,no hay direccion,0.29,0.29,0.39,0.03,0.38,0.34,0.4
2015-03-16,no hay direccion,0.18,0.15,0.41,0.43,0.04,0.16,0.22
2015-03-17,no hay direccion,0.36,0.35,0.13,0.25,0.38,0.42,0.42
2015-03-18,no hay direccion,0.11,0.0,0.23,0.37,0.33,0.49,0.49
2015-03-19,no hay direccion,0.15,0.02,0.29,0.27,0.45,0.19,0.11
2015-03-20,no hay direccion,0.16,0.26,0.06,0.45,0.31,0.36,0.02
2015-03-21,no hay direccion,0.35,0.14,0.11,0.02,0.11,0.03,0.45
2015-03-22,no hay direccion,0.33,0.01,0.22,0.18,0.14,0.05,0.37
2015-03-23,no hay direccion,0.29,0.5,0.22,0.46,0.15,0.43,0.47
2015-03-24,no hay direccion,0.17,0.48,0.07,0.43,0.48,0.22,0.13
2015-03-25,no hay direccion,0.42,0.49,0.48,0.22,0.22,0.15,0.2
2015-03-26,no hay direccion,0.23,0.26,0.34,0.28,0.15,0.39,0.03
2015-03-27,no hay direccion,0.06,0.29,0.49,0.46,0.47,0.29,0.12
2015-03-28,no hay direccion,0.35,0.03,0.27,0.07,0.01,0.16,0.1
2015-03-29,no hay direccion,0.45,0.27,0.19,0.48,0.32,0.01,0.21
2015-03-30,no hay direccion,0.04,0.08,0.35,0.08,0.42,0.37,0.47
2015-03-31,no hay direccion,0.21,0.07,0.17,0.42,0.17,0.09,0.05
2015-04-01,no hay direccion,0.02,0.37,0.17,0.37,0.26,0.26,0.14
2015-04-02,no hay direccion,0.25,0.09,0.19,0.09,0.5,0.27,0.37
2015-04-03,no hay direccion,0.43,0.01,0.19,0.12,0.13,0.11,0.25
2015-04-04,no hay direccion,0.23,0.06,0.4,0.25,0.42,0.39,0.08
2015-04-05,no hay direccion,0.19,0.26,0.35,0.21,0.26,0.28,0.24
2015-04-06,no hay direccion,0.43,0.12,0.43,0.35,0.25,0.19,0.45
2015-04-07,no hay direccion,0.37,0.11,0.17,0.2,0.08,0.28,0.14
2015-04-08,no hay direccion,0.03,0.28,0.19,0.07,0.08,0.11,0.42
2015-04-09,no hay direccion,0.05,0.19,0.38,0.34,0.32,0.42,0.39
2015-04-10,no hay direccion,0.23,0.06,0.18,0.05,0.07,0.02,0.24
2015-04-11,no hay direccion,0.23,0.13,0.29,0.16,0.4,0.03,0.09
2015-04-12,no hay direccion,0.29,0.07,0.12,0.02,0.11,0.21,0.21
2015-04-13,no hay direccion,0.1,0.24,0.25,0.13,0.33,0.37,0.46
2015-04-14,no hay direccion,0.33,0.0,0.47,0.11,0.09,0.44,0.49
2015-04-15,no hay direccion,0.37,0.28,0.05,0.44,0.4,0.47,0.39
2015-04-16,no hay direccion,0.08,0.23,0.06,0.31,0.08,0.02,0.01
2015-04-17,no hay direccion,0.16,0.29,0.25,0.38,0.21,0.1,0.31
2015-04-18,no hay direccion,0.31,0.22,0.48,0.11,0.45,0.01,0.28
2015-04-19,no hay direccion,0.39,0.26,0.42,0.01,0.41,0.43,0.36
2015-04-20,no hay direccion,0.27,0.01,0.36,0.02,0.17,0.09,0.19
2015-04-21,no hay direccion,0.34,0.31,0.07,0.07,0.01,0.09,0.3
2015-04-22,no hay direccion,0.23,0.4,0.18,0.02,0.46,0.1,0.44
2015-04-23,no hay direccion,0.01,0.01,0.49,0.45,0.35,0.31,0.18
2015-04-24,no hay direccion,0.36,0.07,0.46,0.38,0.41,0.35,0.49
2015-04-25,no hay direccion,0.32,0.06,0.31,0.07,0.09,0.37,0.43
2015-04-26,no hay direccion,0.38,0.29,0.01,0.01,0.08,0.24,0.21
2015-04-27,no hay direccion,0.46,0.44,0.41,0.24,0.26,0.34,0.39
2015-04-28,no hay direccion,0.01,0.1,0.02,0.13,0.45,0.1,0.21
2015-04-29,no hay direccion,0.2,0.29,0.2,0.0,0.36,0.11,0.48
2015-04-30,no hay direccion,0.32,0.21,0.08,0.32,0.05,0.35,0.23
2015-05-01,no hay direccion,0.19,0.22,0.05,0.16,0.38,0.47,0.07
2015-05-02,no hay direccion,0.21,0.47,0.44,0.15,0.12,0.29,0.05
2015-05-03,no hay direccion,0.37,0.27,0.49,0.22,0.26,0.38,0.21
2015-05-04,no hay direccion,0.31,0.3,0.08,0.18,0.12,0.29,0.39
2015-05-05,no hay direccion,0.38,0.35,0.44,0.12,0.14,0.17,0.1
2015-05-06,no hay direccion,0.43,0.46,0.27,0.15,0.16,0.44,0.43
2015-05-07,no hay direccion,0.3,0.02,0.16,0.44,0.15,0.48,0.47
2015-05-08,no hay direccion,0.37,0.4,0.18,0.06,0.3,0.48,0.12
2015-05-09,no hay direccion,0.48,0.29,0.01,0.18,0.24,0.35,0.27
2015-05-10,no hay direccion,0.14,0.26,0.1,0.3,0.01,0.3,0.26
2015-05-11,no hay direccion,0.42,0.37,0.46,0.22,0.44,0.03,0.32
2015-05-12,no hay direccion,0.11,0.34,0.23,0.27,0.17,0.42,0.06
2015-05-13,no hay direccion,0.31,0.45,0.34,0.18,0.31,0.11,0.02
2015-05-14,no hay direccion,0.2,0.44,0.19,0.38,0.37,0.16,0.45
2015-05-15,no hay direccion,0.46,0.45,0.34,0.28,0.4,0.02,0.15
2015-05-16,no hay direccion,0.43,0.08,0.39,0.1,0.2,0.03,0.37
2015-05-17,no hay direccion,0.07,0.41,0.29,0.41,0.4,0.08,0.49
2015-05-18,no hay direccion,0.44,0.34,0.27,0.19,0.41,0.17,0.26
2015-05-19,no hay direccion,0.32,0.43,0.45,0.08,0.48,0.46,0.45
2015-05-20,no hay direccion,0.48,0.18,0.0,0.32,0.08,0.25,0.47
2015-05-21,no hay direccion,0.29,0.26,0.5,0.14,0.39,0.18,0.34
2015-05-22,no hay direccion,0.06,0.37,0.01,0.5,0.09,0.41,0.42
2015-05-23,no hay direccion,0.25,0.39,0.49,0.19,0.44,0.03,0.31
2015-05-24,no hay direccion,0.25,0.0,0.23,0.19,0.33,0.2,0.24
2015-05-25,no hay direccion,0.16,0.22,0.24,0.44,0.31,0.37,0.01
2015-05-26,no hay direccion,0.33,0.19,0.32,0.12,0.22,0.02,0.03
2015-05-27,no hay direccion,0.5,0.25,0.32,0.1,0.4,0.35,0.1
2015-05-28,no hay direccion,0.38,0.31,0.01,0.42,0.35,0.27,0.26
2015-05-29,no hay direccion,0.06,0.34,0.3,0.32,0.39,0.04,0.35
2015-05-30,no hay direccion,0.44,0.44,0.14,0.32,0.18,0.5,0.2
2015-05-31,no hay direccion,0.05,0.31,0.27,0.48,0.45,0.01,0.23
2015-06-01,no hay direccion,0.24,0.43,0.23,0.16,0.24,0.05,0.46
2015-06-02,no hay direccion,0.08,0.26,0.19,0.35,0.42,0.1,0.23
2015-06-03,no hay direccion,0.39,0.16,0.11,0.42,0.08,0.38,0.28
2015-06-04,no hay direccion,0.45,0.27,0.29,0.09,0.0,0.48,0.06
2015-06-05,no hay direccion,0.23,0.4,0.25,0.12,0.45,0.36,0.13
2015-06-06,no hay direccion,0.34,0.01,0.45,0.46,0.38,0.32,0.18
2015-06-07,no hay direccion,0.11,0.11,0.5,0.43,0.48,0.04,0.1
2015-06-08,no hay direccion,0.18,0.46,0.26,0.34,0.36,0.07,0.29
2015-06-09,no hay direccion,0.26,0.3,0.11,0.31,0.18,0.13,0.08
2015-06-10,no hay direccion,0.48,0.28,0.11,0.39,0.05,0.34,0.31
2015-06-11,no hay direccion,0.34,0.45,0.43,0.16,0.43,0.23,0.4
2015-06-12,no hay direccion,0.01,0.15,0.48,0.24,0.41,0.45,0.15
2015-06-13,no hay direccion,0.07,0.12,0.04,0.14,0.23,0.01,0.19
2015-06-14,no hay direccion,0.28,0.48,0.18,0.11,0.2,0.27,0.28
2015-06-15,no hay direccion,0.38,0.33,0.45,0.14,0.05,0.38,0.16
2015-06-16,no hay direccion,0.39,0.31,0.13,0.49,0.04,0.09,0.47
2015-06-17,no hay direccion,0.41,0.18,0.32,0.26,0.02,0.33,0.12
2015-06-18,no hay direccion,0.1,0.24,0.16,0.06,0.35,0.33,0.47
2015-06-19,no hay direccion,0.3,0.14,0.23,0.03,0.41,0.4,0.14
2015-06-20,no hay direccion,0.0,0.38,0.12,0.22,0.22,0.15,0.43
2015-06-21,no hay direccion,0.08,0.16,0.12,0.29,0.36,0.4,0.05
2015-06-22,no hay direccion,0.46,0.5,0.46,0.22,0.46,0.21,0.29
2015-06-23,no hay direccion,0.48,0.14,0.45,0.31,0.29,0.02,0.49
2015-06-24,no hay direccion,0.06,0.38,0.5,0.02,0.16,0.27,0.28
2015-06-25,no hay direccion,0.26,0.26,0.39,0.01,0.07,0.4,0.1
2015-06-26,no hay direccion,0.41,0.46,0.39,0.2,0.13,0.26,0.28
2015-06-27,no hay direccion,0.45,0.11,0.2,0.4,0.46,0.06,0.15
2015-06-28,no hay direccion,0.0,0.04,0.49,0.16,0.22,0.25,0.44
2015-06-29,no hay direccion,0.42,0.06,0.48,0.36,0.05,0.19,0.12
2015-06-30,no hay direccion,0.48,0.45,0.19,0.02,0.37,0.35,0.0
2015-07-01,no hay direccion,0.24,0.18,0.01,0.28,0.22,0.26,0.49
2015-07-02,no hay direccion,0.13,0.42,0.15,0.16,0.39,0.17,0.38
2015-07-03,no hay direccion,0.27,0.45,0.11,0.36,0.15,0.25,0.07
2015-07-04,no hay direccion,0.23,0.27,0.36,0.17,0.15,0.05,0.2
2015-07-05,no hay direccion,0.04,0.42,0.2,0.23,0.42,0.26,0.43
2015-07-06,no hay direccion,0.44,0.38,0.39,0.26,0.36,0.3,0.47
2015-07-07,no hay direccion,0.34,0.33,0.45,0.18,0.37,0.03,0.13
2015-07-08,no hay direccion,0.36,0.28,0.12,0.29,0.31,0.34,0.48
2015-07-09,no hay direccion,0.49,0.05,0.2,0.22,0.19,0.2,0.23
2015-07-10,no hay direccion,0.18,0.21,0.29,0.15,0.09,0.12,0.45
2015-07-11,no hay direccion,0.14,0.34,0.32,0.28,0.44,0.48,0.25
2015-07-12,no hay direccion,0.19,0.11,0.25,0.47,0.38,0.48,0.0
2015-07-13,no hay direccion,0.22,0.38,0.17,0.14,0.25,0.21,0.32
2015-07-14,no hay direccion,0.04,0.3,0.03,0.37,0.1,0.1,0.23
2015-07-15,no hay direccion,0.41,0.5,0.01,0.04,0.37,0.28,0.44
2015-07-16,no hay direccion,0.03,0.25,0.03,0.12,0.05,0.1,0.17
2015-07-17,no hay direccion,0.21,0.01,0.08,0.43,0.01,0.29,0.18
2015-07-18,no hay direccion,0.25,0.06,0.39,0.23,0.18,0.34,0.02
2015-07-19,no hay direccion,0.33,0.01,0.13,0.35,0.31,0.11,0.1
2015-07-20,no hay direccion,0.16,0.1,0.5,0.34,0.01,0.45,0.34
2015-07-21,no hay direccion,0.03,0.46,0.4,0.32,0.32,0.11,0.26
2015-07-22,no hay direccion,0.14,0.27,0.06,0.44,0.28,0.23,0.32
2015-07-23,no hay direccion,0.27,0.34,0.15,0.09,0.16,0.01,0.49
2015-07-24,no hay direccion,0.39,0.07,0.11,0.34,0.46,0.34,0.41
2015-07-25,no hay direccion,0.42,0.07,0.16,0.31,0.05,0.13,0.24
2015-07-26,no hay direccion,0.41,0.36,0.17,0.21,0.04,0.27,0.02
2015-07-27,no hay direccion,0.35,0.13,0.14,0.48,0.29,0.17,0.28
2015-07-28,no hay direccion,0.12,0.05,0.17,0.04,0.4,0.0,0.13
2015-07-29,no hay direccion,0.49,0.44,0.33,0.44,0.3,0.39,0.29
2015-07-30,no hay direccion,0.03,0.28,0.22,0.04,0.09,0.46,0.07
2015-07-31,no hay direccion,0.46,0.36,0.33,0.04,0.45,0.05,0.38
2015-08-01,no hay direccion,0.12,0.18,0.11,0.13,0.25,0.41,0.38
2015-08-02,no hay direccion,0.26,0.05,0.47,0.05,0.2,0.49,0.22
2015-08-03,no hay direccion,0.27,0.14,0.38,0.31,0.15,0.14,0.24
2015-08-04,no hay direccion,0.41,0.2,0.31,0.4,0.34,0.36,0.27
2015-08-05,no hay direccion,0.36,0.39,0.22,0.29,0.04,0.49,0.39
2015-08-06,no hay direccion,0.39,0.09,0.04,0.28,0.2,0.24,0.07
2015-08-07,no hay direccion,0.05,0.02,0.0,0.1,0.48,0.01,0.32
2015-08-08,no hay direccion,0.42,0.21,0.47,0.05,0.44,0.16,0.01
2015-08-09,no hay direccion,0.1,0.39,0.25,0.33,0.16,0.06,0.49
2015-08-10,no hay direccion,0.04,0.24,0.01,0.26,0.13,0.35,0.35
2015-08-11,no hay direccion,0.24,0.36,0.37,0.47,0.1,0.41,0.25
2015-08-12,no hay direccion,0.19,0.45,0.27,0.19,0.48,0.39,0.02
2015-08-13,no hay direccion,0.4,0.22,0.19,0.34,0.27,0.29,0.34
2015-08-14,no hay direccion,0.41,0.4,0.12,0.28,0.44,0.23,0.48
2015-08-15,no hay direccion,0.12,0.08,0.37,0.46,0.19,0.2,0.36
2015-08-16,no hay direccion,0.29,0.12,0.11,0.34,0.41,0.23,0.18
2015-08-17,no hay direccion,0.16,0.16,0.11,0.17,0.17,0.06,0.04
2015-08-18,no hay direccion,0.11,0.32,0.28,0.37,0.21,0.19,0.17
2015-08-19,no hay direccion,0.5,0.48,0.11,0.42,0.38,0.44,0.09
2015-08-20,no hay direccion,0.37,0.17,0.41,0.42,0.36,0.08,0.09
2015-08-21,no hay direccion,0.18,0.34,0.32,0.14,0.26,0.33,0.36
2015-08-22,no hay direccion,0.32,0.35,0.22,0.33,0.28,0.16,0.48
2015-08-23,no hay direccion,0.31,0.0,0.05,0.36,0.25,0.46,0.49
2015-08-24,no hay direccion,0.36,0.27,0.27,0.18,0.47,0.34,0.33
2015-08-25,no hay direccion,0.26,0.4,0.03,0.33,0.23,0.28,0.12
2015-08-26,no hay direccion,0.12,0.06,0.25,0.22,0.21,0.19,0.3
2015-08-27,no hay direccion,0.36,0.02,0.08,0.5,0.35,0.48,0.02
2015-08-28,no hay direccion,0.15,0.35,0.16,0.28,0.34,0.36,0.03
2015-08-29,no hay direccion,0.36,0.17,0.23,0.21,0.36,0.13,0.33
2015-08-30,no hay direccion,0.07,0.14,0.12,0.11,0.4,0.41,0.1
2015-08-31,no hay direccion,0.27,0.26,0.2,0.35,0.35,0.15,0.34
2015-09-01,no hay direccion,0.06,0.46,0.32,0.02,0.12,0.2,0.11
2015-09-02,no hay direccion,0.15,0.13,0.36,0.02,0.02,0.05,0.09
2015-09-03,no hay direccion,0.23,0.21,0.23,0.04,0.3,0.03,0.29
2015-09-04,no hay direccion,0.19,0.33,0.38,0.1,0.49,0.05,0.25
2015-09-05,no hay direccion,0.12,0.2,0.32,0.34,0.39,0.05,0.17
2015-09-06,no hay direccion,0.32,0.12,0.29,0.11,0.08,0.36,0.17
2015-09-07,no hay direccion,0.44,0.23,0.47,0.45,0.48,0.48,0.14
2015-09-08,no hay direccion,0.21,0.49,0.37,0.14,0.03,0.2,0.44
2015-09-09,no hay direccion,0.03,0.35,0.36,0.14,0.11,0.5,0.01
2015-09-10,no hay direccion,0.02,0.2,0.16,0.43,0.2,0.37,0.37
2015-09-11,no hay direccion,0.25,0.04,0.49,0.26,0.31,0.18,0.39
2015-09-12,no hay direccion,0.27,0.23,0.34,0.42,0.36,0.49,0.06
2015-09-13,no hay direccion,0.3,0.12,0.4,0.24,0.36,0.45,0.25
2015-09-14,no hay direccion,0.4,0.42,0.33,0.01,0.46,0.29,0.22
2015-09-15,no hay direccion,0.23,0.34,0.21,0.1,0.47,0.3,0.23
2015-09-16,no hay direccion,0.44,0.07,0.26,0.38,0.41,0.04,0.32
2015-09-17,no hay direccion,0.12,0.15,0.46,0.27,0.37,0.48,0.18
2015-09-18,no hay direccion,0.35,0.16,0.25,0.14,0.24,0.03,0.14
2015-09-19,no hay direccion,0.31,0.01,0.01,0.29,0.34,0.02,0.43
2015-09-20,no hay direccion,0.5,0.12,0.24,0.01,0.03,0.19,0.28
2015-09-21,no hay direccion,0.22,0.22,0.3,0.04,0.26,0.03,0.31
2015-09-22,no hay direccion,0.11,0.43,0.32,0.35,0.15,0.43,0.06
2015-09-23,no hay direccion,0.22,0.25,0.47,0.16,0.49,0.5,0.43
2015-09-24,no hay direccion,0.39,0.07,0.39,0.26,0.33,0.45,0.18
2015-09-25,no hay direccion,0.18,0.16,0.41,0.48,0.29,0.26,0.0
2015-09-26,no hay direccion,0.32,0.35,0.05,0.33,0.18,0.46,0.45
2015-09-27,no hay direccion,0.4,0.26,0.31,0.3,0.29,0.28,0.46
2015-09-28,no hay direccion,0.07,0.05,0.38,0.01,0.36,0.27,0.04
2015-09-29,no hay direccion,0.35,0.42,0.42,0.3,0.06,0.32,0.32
2015-09-30,no hay direccion,0.33,0.21,0.19,0.04,0.0,0.39,0.43
2015-10-01,no hay direccion,0.04,0.08,0.39,0.21,0.14,0.43,0.15
2015-10-02,no hay direccion,0.3,0.02,0.4,0.31,0.46,0.11,0.12
2015-10-03,no hay direccion,0.39,0.24,0.12,0.46,0.36,0.04,0.07
2015-10-04,no hay direccion,0.01,0.19,0.25,0.22,0.1,0.41,0.47
2015-10-05,no hay direccion,0.04,0.02,0.24,0.4,0.08,0.46,0.07
2015-10-06,no hay direccion,0.24,0.4,0.34,0.4,0.48,0.07,0.39
2015-10-07,no hay direccion,0.01,0.25,0.23,0.46,0.0,0.11,0.1
2015-10-08,no hay direccion,0.18,0.46,0.18,0.31,0.0,0.4,0.18
2015-10-09,no hay direccion,0.33,0.05,0.35,0.47,0.1,0.12,0.01
2015-10-10,no hay direccion,0.05,0.11,0.11,0.29,0.24,0.24,0.31
2015-10-11,no hay direccion,0.15,0.44,0.04,0.1,0.28,0.37,0.29
2015-10-12,no hay direccion,0.08,0.24,0.43,0.41,0.25,0.36,0.23
2015-10-13,no hay direccion,0.21,0.04,0.29,0.28,0.44,0.23,0.08
2015-10-14,no hay direccion,0.11,0.27,0.1,0.07,0.47,0.27,0.16
2015-10-15,no hay direccion,0.16,0.0,0.24,0.01,0.24,0.48,0.01
2015-10-16,no hay direccion,0.25,0.4,0.4,0.5,0.26,0.19,0.35
2015-10-17,no hay direccion,0.38,0.45,0.08,0.27,0.39,0.06,0.08
2015-10-18,no hay direccion,0.29,0.07,0.25,0.39,0.36,0.25,0.05
2015-10-19,no hay direccion,0.27,0.41,0.43,0.14,0.09,0.21,0.45
2015-10-20,no hay direccion,0.28,0.14,0.02,0.32,0.46,0.42,0.3
2015-10-21,no hay direccion,0.01,0.23,0.35,0.47,0.05,0.3,0.16
2015-10-22,no hay direccion,0.32,0.32,0.05,0.49,0.13,0.08,0.33
2015-10-23,no hay direccion,0.23,0.48,0.3,0.4,0.32,0.3,0.36
2015-10-24,no hay direccion,0.21,0.08,0.15,0.03,0.17,0.4,0.1
2015-10-25,no hay direccion,0.28,0.47,0.17,0.32,0.21,0.41,0.12
2015-10-26,no hay direccion,0.43,0.09,0.1,0.09,0.23,0.44,0.36
2015-10-27,no hay direccion,0.1,0.23,0.22,0.05,0.01,0.03,0.48
2015-10-28,no hay direccion,0.1,0.11,0.31,0.46,0.5,0.1,0.19
2015-10-29,no hay direccion,0.32,0.21,0.3,0.4,0.36,0.18,0.27
2015-10-30,no hay direccion,0.1,0.24,0.25,0.32,0.3,0.14,0.06
2015-10-31,no hay direccion,0.21,0.27,0.15,0.31,0.13,0.38,0.29
2015-11-01,no hay direccion,0.02,0.37,0.1,0.3,0.08,0.3,0.33
2015-11-02,no hay direccion,0.39,0.49,0.12,0.02,0.09,0.02,0.04
2015-11-03,no hay direccion,0.18,0.13,0.18,0.15,0.42,0.17,0.01
2015-11-04,no hay direccion,0.07,0.35,0.07,0.49,0.02,0.33,0.31
2015-11-05,no hay direccion,0.18,0.1,0.33,0.36,0.3,0.1,0.45
2015-11-06,no hay direccion,0.17,0.28,0.08,0.48,0.37,0.09,0.42
2015-11-07,no hay direccion,0.3,0.11,0.43,0.29,0.08,0.4,0.24
2015-11-08,no hay direccion,0.37,0.29,0.39,0.4,0.29,0.41,0.17
2015-11-09,no hay direccion,0.45,0.29,0.12,0.47,0.35,0.35,0.41
2015-11-10,no hay direccion,0.29,0.13,0.48,0.35,0.19,0.07,0.23
2015-11-11,no hay direccion,0.05,0.43,0.27,0.37,0.36,0.4,0.43
2015-11-12,no hay direccion,0.03,0.15,0.32,0.11,0.11,0.32,0.27
2015-11-13,no hay direccion,0.13,0.13,0.17,0.33,0.25,0.1,0.13
2015-11-14,no hay direccion,0.41,0.27,0.47,0.44,0.23,0.05,0.27
2015-11-15,no hay direccion,0.43,0.45,0.45,0.23,0.35,0.42,0.03
2015-11-16,no hay direccion,0.21,0.13,0.11,0.35,0.11,0.18,0.33
2015-11-17,no hay direccion,0.21,0.26,0.5,0.27,0.05,0.12,0.49
2015-11-18,no hay direccion,0.37,0.32,0.46,0.32,0.37,0.18,0.45
2015-11-19,no hay direccion,0.2,0.09,0.42,0.4,0.37,0.04,0.23
2015-11-20,no hay direccion,0.18,0.03,0.03,0.37,0.33,0.1,0.01
2015-11-21,no hay direccion,0.4,0.08,0.36,0.37,0.27,0.43,0.05
2015-11-22,no hay direccion,0.1,0.46,0.15,0.09,0.33,0.38,0.28
2015-11-23,no hay direccion,0.13,0.41,0.35,0.26,0.48,0.48,0.32
2015-11-24,no hay direccion,0.03,0.11,0.43,0.48,0.21,0.1,0.17
2015-11-25,no hay direccion,0.01,0.02,0.14,0.22,0.46,0.49,0.46
2015-11-26,no hay direccion,0.41,0.26,0.43,0.46,0.04,0.43,0.01
2015-11-27,no hay direccion,0.49,0.45,0.02,0.29,0.06,0.38,0.18
2015-11-28,no hay direccion,0.11,0.14,0.32,0.48,0.28,0.4,0.34
2015-11-29,no hay direccion,0.2,0.37,0.35,0.25,0.49,0.38,0.33
2015-11-30,no hay direccion,0.2,0.4,0.04,0.01,0.03,0.29,0.02
2015-12-01,no hay direccion,0.04,0.05,0.3,0.11,0.31,0.1,0.02
2015-12-02,no hay direccion,0.09,0.02,0.01,0.39,0.36,0.03,0.17
2015-12-03,no hay direccion,0.16,0.26,0.07,0.12,0.37,0.39,0.44
2015-12-04,no hay direccion,0.43,0.43,0.39,0.27,0.36,0.26,0.13
2015-12-05,no hay direccion,0.33,0.21,0.03,0.01,0.06,0.09,0.38
2015-12-06,no hay direccion,0.17,0.1,0.12,0.44,0.22,0.05,0.42
2015-12-07,no hay direccion,0.31,0.29,0.11,0.35,0.01,0.0,0.01
2015-12-08,no hay direccion,0.12,0.48,0.36,0.11,0.27,0.46,0.05
2015-12-09,no hay direccion,0.07,0.43,0.37,0.04,0.34,0.33,0.44
2015-12-10,no hay direccion,0.39,0.39,0.35,0.15,0.46,0.26,0.0
2015-12-11,no hay direccion,0.06,0.35,0.19,0.46,0.13,0.29,0.5
2015-12-12,no hay direccion,0.23,0.21,0.47,0.11,0.08,0.45,0.46
2015-12-13,no hay direccion,0.14,0.5,0.26,0.37,0.41,0.44,0.03
2015-12-14,no hay direccion,0.01,0.41,0.12,0.09,0.41,0.13,0.13
2015-12-15,no hay direccion,0.09,0.48,0.43,0.48,0.41,0.15,0.18
2015-12-16,no hay direccion,0.38,0.17,0.11,0.0,0.45,0.07,0.12
2015-12-17,no hay direccion,0.21,0.41,0.32,0.1,0.26,0.05,0.21
2015-12-18,no hay direccion,0.42,0.28,0.22,0.29,0.4,0.4,0.45
2015-12-19,no hay direccion,0.44,0.05,0.07,0.21,0.23,0.14,0.43
2015-12-20,no hay direccion,0.15,0.21,0.37,0.38,0.42,0.24,0.45
2015-12-21,no hay direccion,0.12,0.16,0.39,0.34,0.5,0.15,0.38
2015-12-22,no hay direccion,0.15,0.05,0.43,0.0,0.45,0.02,0.42
2015-12-23,no hay direccion,0.29,0.05,0.14,0.15,0.16,0.45,0.33
2015-12-24,no hay direccion,0.23,0.21,0.14,0.38,0.49,0.18,0.31
2015-12-25,no hay direccion,0.26,0.44,0.22,0.09,0.03,0.0,0.01
2015-12-26,no hay direccion,0.34,0.31,0.37,0.12,0.46,0.08,0.39
2015-12-27,no hay direccion,0.2,0.19,0.0,0.27,0.3,0.19,0.2
2015-12-28,no hay direccion,0.29,0.34,0.24,0.11,0.14,0.28,0.13
2015-12-29,no hay direccion,0.37,0.08,0.38,0.42,0.38,0.09,0.11
2015-12-30,no hay direccion,0.09,0.35,0.3,0.34,0.27,0.08,0.31
2015-12-31,no hay direccion,0.42,0.25,0.16,0.05,0.18,0.36,0.1
2016-01-01,no hay direccion,0.33,0.05,0.41,0.0,0.45,0.3,0.27
2016-01-02,no hay direccion,0.21,0.1,0.41,0.23,0.17,0.33,0.25
2016-01-03,no hay direccion,0.42,0.21,0.16,0.4,0.21,0.45,0.3
2016-01-04,no hay direccion,0.24,0.31,0.4,0.05,0.24,0.42,0.05
2016-01-05,no hay direccion,0.49,0.31,0.35,0.32,0.05,0.27,0.05
2016-01-06,no hay direccion,0.42,0.3,0.38,0.01,0.47,0.42,0.14
2016-01-07,no hay direccion,0.44,0.2,0.38,0.09,0.08,0.06,0.02
2016-01-08,no hay direccion,0.27,0.09,0.41,0.45,0.38,0.06,0.38
2016-01-09,no hay direccion,0.16,0.45,0.23,0.19,0.37,0.2,0.0
2016-01-10,no hay direccion,0.22,0.17,0.16,0.17,0.08,0.05,0.08
2016-01-11,no hay direccion,0.32,0.08,0.49,0.03,0.17,0.39,0.44
2016-01-12,no hay direccion,0.34,0.33,0.4,0.31,0.49,0.08,0.13
2016-01-13,no hay direccion,0.41,0.16,0.09,0.48,0.47,0.33,0.22
2016-01-14,no hay direccion,0.48,0.23,0.15,0.3,0.47,0.18,0.21
2016-01-15,no hay direccion,0.28,0.02,0.37,0.07,0.2,0.17,0.02
2016-01-16,no hay direccion,0.06,0.06,0.32,0.12,0.27,0.19,0.18
2016-01-17,no hay direccion,0.38,0.31,0.43,0.13,0.04,0.3,0.12
2016-01-18,no hay direccion,0.33,0.22,0.12,0.23,0.18,0.03,0.03
2016-01-19,no hay direccion,0.08,0.38,0.29,0.45,0.42,0.15,0.2
2016-01-20,no hay direccion,0.06,0.07,0.47,0.17,0.47,0.25,0.2
2016-01-21,no hay direccion,0.48,0.11,0.13,0.32,0.01,0.45,0.34
2016-01-22,no hay direccion,0.35,0.3,0.22,0.21,0.32,0.37,0.25
2016-01-23,no hay direccion,0.3,0.13,0.07,0.29,0.08,0.12,0.37
2016-01-24,no hay direccion,0.13,0.27,0.27,0.49,0.28,0.14,0.4
2016-01-25,no hay direccion,0.41,0.08,0.18,0.05,0.2,0.07,0.08
2016-01-26,no hay direccion,0.4,0.28,0.1,0.38,0.23,0.16,0.41
2016-01-27,no hay direccion,0.0,0.33,0.16,0.36,0.02,0.26,0.49
2016-01-28,no hay direccion,0.1,0.05,0.48,0.11,0.11,0.42,0.48
2016-01-29,no hay direccion,0.05,0.11,0.33,0.3,0.29,0.24,0.43
2016-01-30,no hay direccion,0.47,0.37,0.05,0.43,0.24,0.1,0.06
2016-01-31,no hay direccion,0.02,0.13,0.47,0.31,0.06,0.2,0.31
2016-02-01,no hay direccion,0.48,0.28,0.41,0.41,0.4,0.23,0.48
2016-02-02,no hay direccion,0.13,0.44,0.45,0.09,0.5,0.05,0.18
2016-02-03,no hay direccion,0.14,0.03,0.18,0.45,0.21,0.46,0.44
2016-02-04,no hay direccion,0.09,0.48,0.02,0.5,0.3,0.27,0.29
2016-02-05,no hay direccion,0.0,0.33,0.19,0.29,0.39,0.04,0.06
2016-02-06,no hay direccion,0.11,0.18,0.29,0.11,0.01,0.46,0.38
2016-02-07,no hay direccion,0.21,0.23,0.04,0.37,0.08,0.24,0.11
2016-02-08,no hay direccion,0.07,0.2,0.31,0.12,0.39,0.37,0.15
2016-02-09,no hay direccion,0.28,0.31,0.48,0.24,0.29,0.31,0.25
2016-02-10,no hay direccion,0.42,0.2,0.31,0.4,0.04,0.25,0.14
2016-02-11,no hay direccion,0.26,0.46,0.19,0.02,0.12,0.14,0.02
2016-02-12,no hay direccion,0.06,0.06,0.13,0.12,0.5,0.06,0.29
2016-02-13,no hay direccion,0.29,0.46,0.48,0.32,0.35,0.09,0.21
2016-02-14,no hay direccion,0.41,0.15,0.35,0.39,0.01,0.03,0.12
2016-02-15,no hay direccion,0.14,0.14,0.49,0.4,0.31,0.17,0.27
2016-02-16,no hay direccion,0.09,0.42,0.26,0.14,0.5,0.04,0.01
2016-02-17,no hay direccion,0.48,0.24,0.32,0.11,0.13,0.14,0.17
2016-02-18,no hay direccion,0.49,0.15,0.19,0.31,0.1,0.4,0.35
2016-02-19,no hay direccion,0.06,0.19,0.46,0.01,0.09,0.1,0.11
2016-02-20,no hay direccion,0.32,0.22,0.11,0.2,0.22,0.27,0.25
2016-02-21,no hay direccion,0.22,0.01,0.1,0.4,0.08,0.48,0.11
2016-02-22,no hay direccion,0.35,0.26,0.41,0.43,0.21,0.47,0.49
2016-02-23,no hay direccion,0.09,0.46,0.37,0.06,0.09,0.45,0.14
2016-02-24,no hay direccion,0.34,0.15,0.26,0.44,0.37,0.34,0.05
2016-02-25,no hay direccion,0.4,0.13,0.21,0.07,0.33,0.35,0.36
2016-02-26,no hay direccion,0.35,0.3,0.28,0.34,0.39,0.09,0.24
2016-02-27,jupapina,0.33,0.33,0.44,0.9,0.07,0.47,0.44
2016-02-28,no hay direccion,0.45,0.48,0.25,0.08,0.07,0.32,0.06
2016-02-29,no hay direccion,0.44,0.3,0.03,0.17,0.35,0.08,0.36
2016-03-01,no hay direccion,0.01,0.18,0.17,0.34,0.41,0.18,0.46
2016-03-02,no hay direccion,0.12,0.21,0.12,0.06,0.43,0.47,0.41
2016-03-03,no hay direccion,0.28,0.38,0.38,0.43,0.5,0.45,0.21
2016-03-04,no hay direccion,0.48,0.22,0.49,0.15,0.02,0.29,0.29
2016-03-05,no hay direccion,0.04,0.28,0.26,0.3,0.16,0.28,0.44
2016-03-06,no hay direccion,0.0,0.09,0.44,0.4,0.49,0.27,0.06
2016-03-07,no hay direccion,0.4,0.07,0.44,0.34,0.11,0.11,0.26
2016-03-08,no hay direccion,0.15,0.43,0.05,0.32,0.33,0.35,0.12
2016-03-09,no hay direccion,0.07,0.4,0.32,0.3,0.28,0.5,0.27
2016-03-10,no hay direccion,0.33,0.11,0.02,0.18,0.02,0.5,0.15
2016-03-11,no hay direccion,0.18,0.14,0.47,0.14,0.38,0.31,0.32
2016-03-12,no hay direccion,0.37,0.02,0.34,0.05,0.3,0.45,0.28
2016-03-13,no hay direccion,0.08,0.27,0.27,0.13,0.13,0.19,0.42
2016-03-14,no hay direccion,0.27,0.45,0.22,0.15,0.25,0.23,0.35
2016-03-15,no hay direccion,0.2,0.19,0.18,0.49,0.22,0.4,0.19
2016-03-16,no hay direccion,0.12,0.45,0.04,0.17,0.37,0.25,0.2
2016-03-17,no hay direccion,0.28,0.12,0.38,0.06,0.23,0.46,0.38
2016-03-18,no hay direccion,0.22,0.37,0.31,0.04,0.44,0.16,0.09
2016-03-19,no hay direccion,0.19,0.24,0.41,0.09,0.17,0.39,0.17
2016-03-20,no hay direccion,0.32,0.3,0.28,0.37,0.4,0.23,0.48
2016-03-21,no hay direccion,0.09,0.26,0.29,0.08,0.34,0.26,0.26
2016-03-22,no hay direccion,0.46,0.19,0.17,0.33,0.19,0.29,0.03
2016-03-23,no hay direccion,0.46,0.35,0.35,0.03,0.45,0.4,0.27
2016-03-24,no hay direccion,0.22,0.0,0.39,0.16,0.28,0.33,0.15
2016-03-25,no hay direccion,0.03,0.2,0.12,0.23,0.16,0.19,0.11
2016-03-26,no hay direccion,0.13,0.29,0.14,0.45,0.41,0.2,0.11
2016-03-27,no hay direccion,0.14,0.1,0.16,0.16,0.42,0.26,0.5
2016-03-28,no hay direccion,0.22,0.07,0.45,0.05,0.32,0.47,0.44
2016-03-29,no hay direccion,0.4,0.18,0.16,0.23,0.26,0.23,0.34
2016-03-30,no hay direccion,0.26,0.07,0.45,0.16,0.26,0.09,0.43
2016-03-31,no hay direccion,0.06,0.37,0.23,0.14,0.39,0.49,0.09
2016-04-01,no hay direccion,0.09,0.33,0.15,0.07,0.44,0.34,0.32
2016-04-02,no hay direccion,0.06,0.06,0.45,0.45,0.05,0.09,0.49
2016-04-03,no hay direccion,0.2,0.15,0.41,0.25,0.04,0.41,0.0
2016-04-04,no hay direccion,0.45,0.1,0.48,0.16,0.25,0.17,0.41
2016-04-05,no hay direccion,0.32,0.14,0.15,0.24,0.45,0.04,0.01
2016-04-06,no hay direccion,0.26,0.29,0.31,0.2,0.25,0.36,0.15
2016-04-07,no hay direccion,0.0,0.34,0.47,0.49,0.34,0.43,0.14
2016-04-08,no hay direccion,0.49,0.49,0.16,0.41,0.07,0.44,0.33
2016-04-09,no hay direccion,0.18,0.48,0.41,0.37,0.03,0.41,0.47
2016-04-10,no hay direccion,0.47,0.36,0.47,0.4,0.4,0.15,0.12
2016-04-11,no hay direccion,0.1,0.38,0.09,0.43,0.36,0.03,0.06
2016-04-12,no hay direccion,0.18,0.44,0.46,0.12,0.14,0.28,0.05
2016-04-13,no hay direccion,0.1,0.14,0.27,0.21,0.14,0.31,0.2
2016-04-14,no hay direccion,0.41,0.02,0.15,0.34,0.04,0.04,0.41
2016-04-15,no hay direccion,0.08,0.21,0.14,0.11,0.35,0.18,0.45
2016-04-16,no hay direccion,0.38,0.16,0.37,0.4,0.01,0.06,0.48
2016-04-17,no hay direccion,0.08,0.31,0.38,0.5,0.19,0.35,0.23
2016-04-18,no hay direccion,0.13,0.25,0.22,0.45,0.08,0.44,0.29
2016-04-19,no hay direccion,0.18,0.04,0.35,0.2,0.21,0.01,0.33
2016-04-20,no hay direccion,0.49,0.3,0.38,0.18,0.03,0.24,0.47
2016-04-21,no hay direccion,0.08,0.22,0.47,0.18,0.14,0.5,0.3
2016-04-22,no hay direccion,0.5,0.21,0.23,0.3,0.03,0.47,0.29
2016-04-23,no hay direccion,0.44,0.4,0.23,0.27,0.2,0.3,0.23
2016-04-24,no hay direccion,0.37,0.47,0.2,0.12,0.07,0.26,0.08
2016-04-25,no hay direccion,0.05,0.15,0.2,0.27,0.36,0.11,0.42
2016-04-26,no hay direccion,0.32,0.45,0.21,0.02,0.41,0.34,0.25
2016-04-27,no hay direccion,0.28,0.17,0.37,0.46,0.27,0.03,0.1
2016-04-28,no hay direccion,0.17,0.01,0.27,0.25,0.03,0.12,0.35
2016-04-29,no hay direccion,0.02,0.24,0.39,0.44,0.28,0.38,0.33
2016-04-30,no hay direccion,0.19,0.26,0.3,0.39,0.22,0.41,0.32
2016-05-01,no hay direccion,0.49,0.0,0.03,0.5,0.01,0.1,0.45
2016-05-02,no hay direccion,0.07,0.3,0.28,0.43,0.25,0.29,0.39
2016-05-03,no hay direccion,0.37,0.38,0.03,0.04,0.06,0.25,0.27
2016-05-04,no hay direccion,0.4,0.16,0.19,0.49,0.41,0.15,0.11
2016-05-05,no hay direccion,0.42,0.14,0.43,0.38,0.31,0.03,0.11
2016-05-06,no hay direccion,0.17,0.19,0.16,0.15,0.44,0.05,0.04
2016-05-07,no hay direccion,0.02,0.32,0.47,0.48,0.22,0.0,0.15
2016-05-08,no hay direccion,0.33,0.26,0.33,0.14,0.1,0.48,0.34
2016-05-09,no hay direccion,0.33,0.15,0.03,0.1,0.46,0.1,0.29
2016-05-10,no hay direccion,0.21,0.13,0.05,0.5,0.41,0.36,0.26
2016-05-11,no hay direccion,0.23,0.2,0.36,0.27,0.12,0.4,0.22
2016-05-12,no hay direccion,0.19,0.15,0.45,0.24,0.05,0.43,0.15
2016-05-13,no hay direccion,0.42,0.2,0.48,0.05,0.05,0.28,0.12
2016-05-14,no hay direccion,0.1,0.08,0.28,0.45,0.25,0.39,0.17
2016-05-15,no hay direccion,0.3,0.25,0.1,0.16,0.35,0.32,0.07
2016-05-16,no hay direccion,0.38,0.28,0.13,0.34,0.13,0.23,0.08
2016-05-17,no hay direccion,0.38,0.18,0.25,0.36,0.13,0.5,0.34
2016-05-18,no hay direccion,0.25,0.47,0.3,0.09,0.45,0.25,0.36
2016-05-19,no hay direccion,0.23,0.2,0.19,0.2,0.42,0.24,0.28
2016-05-20,no hay direccion,0.1,0.23,0.31,0.3,0.38,0.29,0.31
2016-05-21,no hay direccion,0.34,0.09,0.12,0.04,0.49,0.4,0.41
2016-05-22,no hay direccion,0.34,0.28,0.32,0.05,0.45,0.31,0.19
2016-05-23,no hay direccion,0.4,0.01,0.25,0.49,0.06,0.35,0.27
2016-05-24,no hay direccion,0.05,0.29,0.22,0.35,0.31,0.21,0.0
2016-05-25,no hay direccion,0.08,0.22,0.28,0.26,0.08,0.38,0.45
2016-05-26,no hay direccion,0.21,0.13,0.47,0.31,0.23,0.11,0.32
2016-05-27,no hay direccion,0.49,0.1,0.31,0.27,0.15,0.21,0.25
2016-05-28,no hay direccion,0.07,0.26,0.19,0.46,0.18,0.4,0.19
2016-05-29,no hay direccion,0.25,0.07,0.12,0.0,0.43,0.46,0.44
2016-05-30,no hay direccion,0.22,0.07,0.0,0.31,0.01,0.43,0.06
2016-05-31,no hay direccion,0.36,0.12,0.49,0.05,0.37,0.28,0.11
2016-06-01,no hay direccion,0.15,0.09,0.03,0.45,0.37,0.35,0.31
2016-06-02,no hay direccion,0.19,0.29,0.04,0.33,0.14,0.31,0.01
2016-06-03,no hay direccion,0.08,0.5,0.16,0.02,0.47,0.08,0.24
2016-06-04,no hay direccion,0.33,0.18,0.34,0.36,0.1,0.09,0.13
2016-06-05,no hay direccion,0.4,0.02,0.13,0.08,0.01,0.01,0.43
2016-06-06,no hay direccion,0.36,0.15,0.36,0.35,0.2,0.26,0.43
2016-06-07,no hay direccion,0.39,0.45,0.03,0.46,0.25,0.08,0.02
2016-06-08,no hay direccion,0.46,0.45,0.33,0.14,0.48,0.25,0.46
2016-06-09,no hay direccion,0.13,0.07,0.49,0.03,0.31,0.2,0.36
2016-06-10,no hay direccion,0.41,0.32,0.45,0.25,0.39,0.07,0.24
2016-06-11,no hay direccion,0.28,0.41,0.17,0.24,0.19,0.11,0.42
2016-06-12,no hay direccion,0.32,0.35,0.5,0.14,0.14,0.36,0.37
2016-06-13,no hay direccion,0.24,0.38,0.45,0.39,0.18,0.08,0.33
2016-06-14,no hay direccion,0.37,0.1,0.08,0.48,0.27,0.13,0.32
2016-06-15,no hay direccion,0.47,0.38,0.26,0.16,0.12,0.44,0.27
2016-06-16,no hay direccion,0.32,0.44,0.24,0.26,0.26,0.4,0.18
2016-06-17,no hay direccion,0.13,0.38,0.37,0.35,0.17,0.34,0.02
2016-06-18,no hay direccion,0.02,0.42,0.22,0.26,0.05,0.19,0.46
2016-06-19,no hay direccion,0.07,0.17,0.41,0.18,0.18,0.06,0.39
2016-06-20,no hay direccion,0.49,0.18,0.36,0.38,0.47,0.27,0.41
2016-06-21,no hay direccion,0.24,0.36,0.09,0.07,0.19,0.36,0.13
2016-06-22,no hay direccion,0.15,0.01,0.06,0.21,0.5,0.28,0.23
2016-06-23,no hay direccion,0.45,0.26,0.42,0.47,0.4,0.15,0.33
2016-06-24,no hay direccion,0.36,0.28,0.13,0.2,0.43,0.36,0.38
2016-06-25,no hay direccion,0.11,0.16,0.43,0.46,0.05,0.18,0.11
2016-06-26,no hay direccion,0.12,0.39,0.34,0.48,0.11,0.08,0.4
2016-06-27,no hay direccion,0.21,0.14,0.1,0.24,0.12,0.36,0.39
2016-06-28,no hay direccion,0.41,0.21,0.21,0.01,0.34,0.01,0.04
2016-06-29,no hay direccion,0.04,0.02,0.45,0.35,0.31,0.39,0.04
2016-06-30,no hay direccion,0.38,0.05,0.44,0.35,0.3,0.06,0.06
2016-07-01,no hay direccion,0.25,0.37,0.42,0.38,0.16,0.46,0.06
2016-07-02,no hay direccion,0.19,0.08,0.24,0.5,0.47,0.26,0.36
2016-07-03,no hay direccion,0.08,0.5,0.07,0.11,0.39,0.05,0.1
2016-07-04,no hay direccion,0.44,0.37,0.41,0.13,0.12,0.14,0.27
2016-07-05,no hay direccion,0.36,0.35,0.29,0.05,0.24,0.1,0.46
2016-07-06,no hay direccion,0.11,0.34,0.0,0.37,0.15,0.49,0.02
2016-07-07,no hay direccion,0.37,0.21,0.31,0.32,0.35,0.3,0.41
2016-07-08,no hay direccion,0.42,0.13,0.29,0.03,0.38,0.48,0.17
2016-07-09,no hay direccion,0.18,0.39,0.24,0.08,0.17,0.09,0.15
2016-07-10,no hay direccion,0.18,0.25,0.04,0.46,0.09,0.09,0.28
2016-07-11,no hay direccion,0.27,0.19,0.37,0.36,0.05,0.42,0.22
2016-07-12,no hay direccion,0.48,0.29,0.34,0.39,0.46,0.21,0.06
2016-07-13,no hay direccion,0.33,0.29,0.14,0.12,0.11,0.27,0.12
2016-07-14,no hay direccion,0.09,0.24,0.02,0.02,0.45,0.37,0.46
2016-07-15,no hay direccion,0.2,0.13,0.29,0.38,0.35,0.11,0.45
2016-07-16,no hay direccion,0.03,0.49,0.1,0.3,0.36,0.42,0.26
2016-07-17,no hay direccion,0.14,0.08,0.19,0.05,0.36,0.35,0.06
2016-07-18,no hay direccion,0.02,0.15,0.16,0.46,0.18,0.28,0.32
2016-07-19,no hay direccion,0.38,0.27,0.4,0.2,0.03,0.04,0.27
2016-07-20,no hay direccion,0.0,0.48,0.12,0.29,0.3,0.35,0.07
2016-07-21,no hay direccion,0.38,0.31,0.25,0.14,0.12,0.36,0.31
2016-07-22,no hay direccion,0.25,0.34,0.5,0.36,0.21,0.43,0.47
2016-07-23,no hay direccion,0.49,0.25,0.1,0.5,0.39,0.27,0.28
2016-07-24,no hay direccion,0.31,0.44,0.19,0.1,0.11,0.46,0.4
2016-07-25,no hay direccion,0.06,0.5,0.5,0.15,0.46,0.26,0.02
2016-07-26,no hay direccion,0.11,0.22,0.03,0.06,0.42,0.03,0.07
2016-07-27,no hay direccion,0.31,0.48,0.32,0.08,0.47,0.31,0.46
2016-07-28,no hay direccion,0.36,0.04,0.15,0.01,0.47,0.1,0.16
2016-07-29,no hay direccion,0.43,0.26,0.31,0.12,0.47,0.34,0.45
2016-07-30,no hay direccion,0.16,0.3,0.21,0.44,0.15,0.29,0.02
2016-07-31,no hay direccion,0.27,0.17,0.21,0.15,0.42,0.23,0.24
2016-08-01,no hay direccion,0.35,0.27,0.46,0.03,0.36,0.32,0.14
2016-08-02,no hay direccion,0.17,0.38,0.37,0.48,0.29,0.05,0.14
2016-08-03,no hay direccion,0.06,0.04,0.3,0.14,0.28,0.09,0.34
2016-08-04,no hay direccion,0.37,0.48,0.14,0.41,0.36,0.46,0.05
2016-08-05,no hay direccion,0.28,0.48,0.32,0.08,0.47,0.2,0.16
2016-08-06,no hay direccion,0.43,0.02,0.21,0.36,0.13,0.26,0.04
2016-08-07,no hay direccion,0.49,0.17,0.11,0.04,0.21,0.15,0.32
2016-08-08,no hay direccion,0.17,0.2,0.24,0.31,0.13,0.29,0.02
2016-08-09,no hay direccion,0.46,0.27,0.44,0.4,0.23,0.21,0.5
2016-08-10,no hay direccion,0.36,0.33,0.48,0.42,0.35,0.07,0.28
2016-08-11,no hay direccion,0.26,0.41,0.23,0.42,0.47,0.44,0.03
2016-08-12,no hay direccion,0.48,0.33,0.47,0.22,0.06,0.12,0.11
2016-08-13,no hay direccion,0.1,0.17,0.2,0.04,0.33,0.23,0.24
2016-08-14,no hay direccion,0.34,0.06,0.42,0.43,0.48,0.3,0.47
2016-08-15,no hay direccion,0.14,0.31,0.25,0.06,0.45,0.07,0.38
2016-08-16,no hay direccion,0.3,0.06,0.09,0.37,0.46,0.48,0.41
2016-08-17,no hay direccion,0.38,0.2,0.03,0.4,0.31,0.32,0.08
2016-08-18,no hay direccion,0.01,0.11,0.31,0.32,0.18,0.12,0.38
2016-08-19,no hay direccion,0.35,0.01,0.14,0.17,0.47,0.12,0.43
2016-08-20,no hay direccion,0.39,0.26,0.05,0.05,0.08,0.38,0.26
2016-08-21,no hay direccion,0.23,0.11,0.1,0.2,0.46,0.15,0.14
2016-08-22,no hay direccion,0.27,0.01,0.33,0.04,0.25,0.12,0.2
2016-08-23,no hay direccion,0.43,0.48,0.02,0.13,0.33,0.09,0.4
2016-08-24,no hay direccion,0.41,0.08,0.37,0.09,0.3,0.16,0.26
2016-08-25,no hay direccion,0.33,0.12,0.04,0.44,0.02,0.45,0.16
2016-08-26,no hay direccion,0.47,0.32,0.49,0.33,0.18,0.23,0.18
2016-08-27,no hay direccion,0.13,0.06,0.29,0.22,0.11,0.35,0.44
2016-08-28,no hay direccion,0.27,0.49,0.14,0.0,0.46,0.5,0.18
2016-08-29,no hay direccion,0.04,0.49,0.09,0.38,0.26,0.44,0.38
2016-08-30,no hay direccion,0.45,0.11,0.02,0.15,0.08,0.21,0.04
2016-08-31,no hay direccion,0.41,0.18,0.2,0.02,0.28,0.03,0.01
2016-09-01,no hay direccion,0.44,0.49,0.45,0.27,0.22,0.41,0.43
2016-09-02,no hay direccion,0.35,0.45,0.09,0.39,0.09,0.13,0.45
2016-09-03,no hay direccion,0.04,0.09,0.49,0.16,0.06,0.48,0.21
2016-09-04,no hay direccion,0.04,0.41,0.12,0.5,0.3,0.06,0.36
2016-09-05,no hay direccion,0.3,0.37,0.1,0.45,0.49,0.15,0.31
2016-09-06,no hay direccion,0.34,0.04,0.39,0.03,0.18,0.41,0.18
2016-09-07,no hay direccion,0.04,0.19,0.15,0.38,0.36,0.31,0.06
2016-09-08,no hay direccion,0.41,0.27,0.04,0.3,0.12,0.03,0.31
2016-09-09,no hay direccion,0.21,0.28,0.01,0.14,0.29,0.17,0.09
2016-09-10,no hay direccion,0.39,0.12,0.1,0.2,0.09,0.23,0.4
2016-09-11,no hay direccion,0.33,0.27,0.46,0.14,0.12,0.24,0.49
2016-09-12,no hay direccion,0.41,0.08,0.03,0.14,0.28,0.39,0.34
2016-09-13,no hay direccion,0.48,0.21,0.01,0.32,0.49,0.5,0.16
2016-09-14,no hay direccion,0.43,0.13,0.48,0.47,0.18,0.26,0.15
2016-09-15,no hay direccion,0.19,0.06,0.43,0.15,0.25,0.16,0.14
2016-09-16,no hay direccion,0.05,0.03,0.07,0.02,0.35,0.07,0.04
2016-09-17,no hay direccion,0.19,0.44,0.46,0.33,0.26,0.31,0.25
2016-09-18,no hay direccion,0.32,0.35,0.32,0.23,0.25,0.45,0.46
2016-09-19,no hay direccion,0.0,0.5,0.44,0.06,0.34,0.06,0.14
2016-09-20,no hay direccion,0.27,0.26,0.4,0.3,0.16,0.23,0.43
2016-09-21,no hay direccion,0.2,0.21,0.35,0.47,0.4,0.18,0.37
2016-09-22,no hay direccion,0.26,0.36,0.25,0.4,0.25,0.04,0.12
2016-09-23,no hay direccion,0.28,0.15,0.11,0.44,0.24,0.16,0.49
2016-09-24,no hay direccion,0.01,0.05,0.45,0.08,0.26,0.27,0.12
2016-09-25,no hay direccion,0.32,0.38,0.28,0.28,0.24,0.25,0.45
2016-09-26,no hay direccion,0.07,0.08,0.19,0.39,0.11,0.05,0.47
2016-09-27,no hay direccion,0.35,0.02,0.38,0.36,0.32,0.24,0.05
2016-09-28,no hay direccion,0.15,0.06,0.29,0.48,0.27,0.04,0.19
2016-09-29,no hay direccion,0.05,0.2,0.3,0.08,0.06,0.1,0.46
2016-09-30,no hay direccion,0.49,0.34,0.24,0.1,0.42,0.39,0.48
2016-10-01,no hay direccion,0.38,0.37,0.45,0.37,0.03,0.46,0.48
2016-10-02,no hay direccion,0.19,0.43,0.01,0.33,0.01,0.32,0.03
2016-10-03,no hay direccion,0.14,0.18,0.03,0.49,0.36,0.23,0.06
2016-10-04,no hay direccion,0.09,0.04,0.29,0.35,0.05,0.12,0.17
2016-10-05,no hay direccion,0.42,0.41,0.31,0.1,0.16,0.28,0.33
2016-10-06,no hay direccion,0.38,0.45,0.38,0.12,0.1,0.22,0.28
2016-10-07,no hay direccion,0.35,0.21,0.33,0.16,0.3,0.02,0.48
2016-10-08,no hay direccion,0.12,0.46,0.48,0.5,0.24,0.17,0.08
2016-10-09,no hay direccion,0.13,0.47,0.08,0.2,0.39,0.2,0.22
2016-10-10,no hay direccion,0.43,0.22,0.35,0.18,0.4,0.17,0.41
2016-10-11,no hay direccion,0.1,0.26,0.36,0.47,0.12,0.15,0.06
2016-10-12,no hay direccion,0.12,0.02,0.48,0.4,0.29,0.24,0.06
2016-10-13,no hay direccion,0.14,0.38,0.26,0.2,0.09,0.39,0.01
2016-10-14,no hay direccion,0.3,0.2,0.02,0.18,0.01,0.09,0.32
2016-10-15,no hay direccion,0.33,0.02,0.09,0.22,0.07,0.05,0.33
2016-10-16,no hay direccion,0.37,0.18,0.32,0.45,0.25,0.21,0.26
2016-10-17,no hay direccion,0.14,0.33,0.12,0.13,0.33,0.11,0.39
2016-10-18,no hay direccion,0.02,0.47,0.45,0.05,0.02,0.45,0.09
2016-10-19,no hay direccion,0.21,0.12,0.43,0.03,0.25,0.39,0.23
2016-10-20,no hay direccion,0.37,0.47,0.34,0.47,0.46,0.45,0.1
2016-10-21,no hay direccion,0.34,0.39,0.25,0.3,0.29,0.03,0.36
2016-10-22,no hay direccion,0.18,0.2,0.31,0.0,0.06,0.44,0.21
2016-10-23,no hay direccion,0.12,0.17,0.17,0.01,0.06,0.16,0.2
2016-10-24,no hay direccion,0.23,0.09,0.16,0.36,0.49,0.36,0.21
2016-10-25,no hay direccion,0.43,0.28,0.01,0.43,0.18,0.15,0.06
2016-10-26,no hay direccion,0.37,0.21,0.39,0.41,0.4,0.32,0.49
2016-10-27,no hay direccion,0.03,0.26,0.02,0.31,0.16,0.35,0.33
2016-10-28,no hay direccion,0.06,0.16,0.34,0.11,0.13,0.28,0.5
2016-10-29,no hay direccion,0.32,0.32,0.32,0.02,0.46,0.49,0.45
2016-10-30,no hay direccion,0.25,0.41,0.28,0.44,0.13,0.28,0.06
2016-10-31,no hay direccion,0.35,0.38,0.31,0.29,0.3,0.15,0.15
2016-11-01,centro de la ciudad,0.52,0.3,0.13,0.13,0.41,0.33,0.2
2016-11-02,centro de la ciudad,0.76,0.03,0.5,0.21,0.11,0.04,0.36
2016-11-03,centro de la ciudad,0.93,0.11,0.12,0.46,0.21,0.22,0.33
2016-11-04,centro de la ciudad,0.48,0.21,0.17,0.33,0.25,0.48,0.06
2016-11-05,centro de la ciudad,0.5,0.32,0.04,0.17,0.44,0.17,0.12
2016-11-06,centro de la ciudad,0.57,0.21,0.31,0.08,0.34,0.16,0.07
2016-11-07,centro de la ciudad,0.45,0.1,0.13,0.28,0.27,0.03,0.27
2016-11-08,centro de la ciudad,0.41,0.08,0.34,0.45,0.47,0.3,0.24
2016-11-09,centro de la ciudad,0.87,0.44,0.13,0.32,0.47,0.23,0.04
2016-11-10,centro de la ciudad,0.62,0.24,0.49,0.32,0.3,0.37,0.01
2016-11-11,centro de la ciudad,0.74,0.32,0.01,0.31,0.4,0.3,0.36
2016-11-12,centro de la ciudad,0.55,0.5,0.36,0.39,0.49,0.13,0.16
2016-11-13,centro de la ciudad,0.58,0.39,0.37,0.47,0.2,0.12,0.1
2016-11-14,centro de la ciudad,0.61,0.47,0.29,0.44,0.07,0.49,0.42
2016-11-15,centro de la ciudad,0.52,0.3,0.15,0.21,0.19,0.29,0.17
2016-11-16,centro de la ciudad,0.58,0.06,0.5,0.2,0.12,0.42,0.35
2016-11-17,centro de la ciudad,0.82,0.29,0.08,0.35,0.47,0.24,0.46
2016-11-18,centro de la ciudad,0.86,0.03,0.02,0.14,0.37,0.2,0.45
2016-11-19,centro de la ciudad,0.48,0.41,0.17,0.18,0.24,0.39,0.27
2016-11-20,centro de la ciudad,0.77,0.22,0.41,0.48,0.31,0.36,0.44
2016-11-21,centro de la ciudad,0.9,0.42,0.32,0.31,0.33,0.31,0.42
2016-11-22,centro de la ciudad,0.49,0.37,0.45,0.38,0.3,0.34,0.18
2016-11-23,centro de la ciudad,0.89,0.09,0.06,0.32,0.09,0.03,0.33
2016-11-24,centro de la ciudad,0.52,0.01,0.05,0.42,0.41,0.37,0.05
2016-11-25,centro de la ciudad,0.87,0.49,0.4,0.44,0.17,0.29,0.3
2016-11-26,centro de la ciudad,0.71,0.01,0.42,0.45,0.17,0.33,0.13
2016-11-27,centro de la ciudad,0.48,0.5,0.41,0.39,0.22,0.24,0.39
2016-11-28,centro de la ciudad,0.6,0.08,0.4,0.39,0.09,0.06,0.07
2016-11-29,centro de la ciudad,0.47,0.14,0.3,0.34,0.34,0.13,0.26
2016-11-30,centro de la ciudad,0.67,0.31,0.37,0.26,0.39,0.22,0.05
2016-12-01,centro de la ciudad,0.86,0.16,0.06,0.2,0.01,0.1,0.28
2016-12-02,centro de la ciudad,0.65,0.35,0.32,0.08,0.4,0.44,0.01
2016-12-03,centro de la ciudad,0.95,0.31,0.05,0.32,0.14,0.34,0.48
2016-12-04,centro de la ciudad,0.62,0.17,0.36,0.15,0.24,0.21,0.34
2016-12-05,centro de la ciudad,0.44,0.36,0.41,0.32,0.11,0.17,0.17
2016-12-06,centro de la ciudad,0.8,0.2,0.44,0.05,0.1,0.46,0.33
2016-12-07,centro de la ciudad,0.72,0.49,0.15,0.14,0.47,0.1,0.22
2016-12-08,centro de la ciudad,0.85,0.42,0.3,0.13,0.13,0.39,0.26
2016-12-09,centro de la ciudad,0.79,0.15,0.09,0.19,0.35,0.0,0.48
2016-12-10,centro de la ciudad,0.58,0.25,0.45,0.43,0.35,0.45,0.17
2016-12-11,centro de la ciudad,0.8,0.42,0.35,0.34,0.5,0.35,0.48
2016-12-12,centro de la ciudad,0.47,0.16,0.01,0.27,0.39,0.42,0.1
2016-12-13,centro de la ciudad,0.75,0.11,0.37,0.26,0.29,0.12,0.3
2016-12-14,centro de la ciudad,0.54,0.45,0.38,0.19,0.26,0.05,0.45
2016-12-15,centro de la ciudad,0.58,0.13,0.38,0.42,0.33,0.11,0.24
2016-12-16,centro de la ciudad,0.84,0.29,0.19,0.18,0.18,0.26,0.0
2016-12-17,centro de la ciudad,0.74,0.09,0.09,0.29,0.39,0.42,0.31
2016-12-18,centro de la ciudad,0.63,0.26,0.11,0.28,0.35,0.4,0.46
2016-12-19,centro de la ciudad,0.77,0.04,0.43,0.31,0.17,0.06,0.18
2016-12-20,centro de la ciudad,0.65,0.36,0.23,0.49,0.05,0.43,0.19
2016-12-21,centro de la ciudad,0.7,0.07,0.01,0.34,0.42,0.03,0.15
2016-12-22,centro de la ciudad,0.6,0.28,0.08,0.27,0.24,0.02,0.06
2016-12-23,centro de la ciudad,0.68,0.06,0.23,0.33,0.2,0.31,0.17
2016-12-24,centro de la ciudad,0.95,0.01,0.07,0.28,0.03,0.13,0.39
2016-12-25,centro de la ciudad,0.89,0.33,0.29,0.39,0.31,0.16,0.31
2016-12-26,centro de la ciudad,0.94,0.19,0.02,0.31,0.07,0.32,0.42
2016-12-27,centro de la ciudad,0.72,0.44,0.07,0.04,0.24,0.49,0.29
2016-12-28,centro de la ciudad,0.76,0.38,0.33,0.45,0.2,0.25,0.04
2016-12-29,centro de la ciudad,0.72,0.07,0.41,0.44,0.03,0.45,0.17
2016-12-30,centro de la ciudad,0.92,0.08,0.31,0.1,0.47,0.14,0.36
2016-12-31,centro de la ciudad,0.78,0.45,0.26,0.38,0.2,0.01,0.05
2017-01-01,centro de la ciudad,0.53,0.39,0.07,0.22,0.48,0.01,0.01
2017-01-02,centro de la ciudad,0.42,0.38,0.18,0.16,0.06,0.25,0.24
2017-01-03,centro de la ciudad,0.61,0.5,0.03,0.27,0.1,0.07,0.17
2017-01-04,centro de la ciudad,0.49,0.13,0.18,0.46,0.29,0.41,0.02
2017-01-05,centro de la ciudad,0.81,0.04,0.05,0.12,0.29,0.36,0.09
2017-01-06,centro de la ciudad,0.51,0.32,0.38,0.07,0.01,0.1,0.36
2017-01-07,centro de la ciudad,0.43,0.1,0.08,0.48,0.39,0.2,0.24
2017-01-08,centro de la ciudad,0.66,0.08,0.35,0.48,0.35,0.48,0.2
2017-01-09,centro de la ciudad,0.7,0.33,0.25,0.16,0.0,0.06,0.35
2017-01-10,centro de la ciudad,0.82,0.08,0.02,0.41,0.08,0.01,0.45
2017-01-11,centro de la ciudad,0.89,0.21,0.05,0.21,0.42,0.43,0.22
2017-01-11,zona kupini,0.48,0.43,0.32,0.75,0.45,0.49,0.48
2017-01-12,centro de la ciudad,0.57,0.41,0.46,0.06,0.27,0.07,0.49
2017-01-13,centro de la ciudad,0.7,0.44,0.37,0.46,0.41,0.38,0.07
2017-01-14,centro de la ciudad,0.87,0.28,0.02,0.09,0.24,0.1,0.33
2017-01-15,centro de la ciudad,0.62,0.15,0.12,0.21,0.26,0.18,0.02
2017-01-16,centro de la ciudad,0.92,0.08,0.25,0.42,0.04,0.25,0.4
2017-01-17,centro de la ciudad,0.59,0.26,0.43,0.09,0.36,0.22,0.16
2017-01-18,centro de la ciudad,0.81,0.34,0.03,0.11,0.39,0.19,0.23
2017-01-19,centro de la ciudad,0.4,0.22,0.34,0.45,0.4,0.15,0.32
2017-01-20,centro de la ciudad,0.55,0.19,0.04,0.14,0.21,0.12,0.26
2017-01-21,centro de la ciudad,0.46,0.02,0.17,0.49,0.22,0.31,0.37
2017-01-22,centro de la ciudad,0.69,0.09,0.42,0.08,0.18,0.36,0.25
2017-01-23,centro de la ciudad,0.5,0.22,0.06,0.26,0.37,0.12,0.29
2017-01-24,centro de la ciudad,0.69,0.19,0.41,0.11,0.48,0.36,0.37
2017-01-25,centro de la ciudad,0.91,0.44,0.28,0.41,0.27,0.22,0.06
2017-01-26,centro de la ciudad,0.86,0.43,0.36,0.09,0.08,0.23,0.28
2017-01-27,centro de la ciudad,0.64,0.45,0.07,0.09,0.24,0.33,0.33
2017-01-28,centro de la ciudad,0.85,0.32,0.15,0.33,0.45,0.28,0.03
2017-01-29,centro de la ciudad,0.77,0.4,0.17,0.09,0.01,0.16,0.25
2017-01-30,centro de la ciudad,0.45,0.1,0.09,0.34,0.5,0.34,0.25
2017-01-31,centro de la ciudad,0.62,0.29,0.27,0.3,0.02,0.34,0.44
2017-02-01,centro de la ciudad,0.89,0.46,0.39,0.07,0.45,0.01,0.08
2017-02-02,centro de la ciudad,0.85,0.39,0.05,0.36,0.47,0.28,0.06
2017-02-03,centro de la ciudad,0.64,0.02,0.34,0.42,0.04,0.48,0.36
2017-02-04,centro de la ciudad,0.77,0.16,0.45,0.32,0.44,0.11,0.07
2017-02-04,zona litoral-huanu huanuni,0.43,0.5,0.23,0.74,0.4,0.29,0.17
2017-02-05,centro de la ciudad,0.92,0.36,0.01,0.2,0.03,0.4,0.35
2017-02-06,centro de la ciudad,0.43,0.44,0.06,0.04,0.17,0.32,0.14
2017-02-07,centro de la ciudad,0.85,0.03,0.35,0.12,0.01,0.07,0.26
2017-02-08,centro de la ciudad,0.66,0.46,0.15,0.41,0.49,0.42,0.12
2017-02-09,centro de la ciudad,0.59,0.22,0.03,0.37,0.0,0.21,0.02
2017-02-10,centro de la ciudad,0.78,0.25,0.37,0.48,0.23,0.18,0.22
2017-02-11,centro de la ciudad,0.67,0.39,0.0,0.28,0.03,0.2,0.27
2017-02-12,centro de la ciudad,0.42,0.11,0.21,0.25,0.43,0.31,0.3
2017-02-13,centro de la ciudad,0.75,0.11,0.42,0.43,0.23,0.03,0.46
2017-02-14,centro de la ciudad,0.85,0.25,0.08,0.12,0.46,0.0,0.19
2017-02-15,centro de la ciudad,0.73,0.21,0.37,0.31,0.17,0.42,0.44
2017-02-16,no hay direccion,0.39,0.22,0.4,0.45,0.33,0.19,0.41
2017-02-17,no hay direccion,0.26,0.29,0.38,0.19,0.13,0.34,0.03
2017-02-18,no hay direccion,0.21,0.49,0.39,0.41,0.08,0.2,0.28
2017-02-19,no hay direccion,0.45,0.16,0.44,0.31,0.37,0.03,0.27
2017-02-20,no hay direccion,0.3,0.29,0.34,0.43,0.16,0.22,0.38
2017-02-21,no hay direccion,0.44,0.5,0.14,0.25,0.48,0.06,0.12
2017-02-22,no hay direccion,0.28,0.07,0.44,0.23,0.4,0.34,0.3
2017-02-23,no hay direccion,0.01,0.32,0.22,0.17,0.4,0.23,0.06
2017-02-24,no hay direccion,0.42,0.46,0.33,0.25,0.33,0.26,0.39
2017-02-25,no hay direccion,0.47,0.48,0.26,0.1,0.46,0.4,0.49
2017-02-26,no hay direccion,0.26,0.09,0.28,0.1,0.37,0.44,0.18
2017-02-27,no hay direccion,0.33,0.45,0.15,0.24,0.16,0.35,0.29
2017-02-28,no hay direccion,0.2,0.2,0.21,0.32,0.28,0.26,0.31
2017-03-01,no hay direccion,0.32,0.06,0.07,0.27,0.28,0.13,0.25
2017-03-02,no hay direccion,0.03,0.35,0.24,0.08,0.46,0.08,0.15
2017-03-03,no hay direccion,0.13,0.17,0.18,0.14,0.22,0.34,0.37
2017-03-04,no hay direccion,0.16,0.34,0.04,0.47,0.37,0.06,0.12
2017-03-05,no hay direccion,0.11,0.15,0.1,0.32,0.42,0.41,0.45
2017-03-06,no hay direccion,0.19,0.09,0.45,0.22,0.02,0.24,0.49
2017-03-07,no hay direccion,0.32,0.2,0.16,0.06,0.47,0.37,0.15
2017-03-08,no hay direccion,0.41,0.22,0.36,0.19,0.01,0.2,0.45
2017-03-09,no hay direccion,0.42,0.47,0.1,0.2,0.23,0.23,0.26
2017-03-10,no hay direccion,0.16,0.26,0.08,0.24,0.32,0.02,0.18
2017-03-11,no hay direccion,0.38,0.34,0.07,0.14,0.16,0.29,0.06
2017-03-12,no hay direccion,0.43,0.1,0.35,0.14,0.27,0.09,0.09
2017-03-13,no hay direccion,0.25,0.48,0.11,0.22,0.18,0.49,0.28
2017-03-14,no hay direccion,0.41,0.23,0.03,0.36,0.07,0.5,0.04
2017-03-15,no hay direccion,0.27,0.5,0.21,0.28,0.47,0.37,0.27
2017-03-16,no hay direccion,0.33,0.33,0.18,0.13,0.36,0.32,0.12
2017-03-17,no hay direccion,0.49,0.16,0.17,0.04,0.4,0.21,0.15
2017-03-18,no hay direccion,0.42,0.3,0.12,0.43,0.36,0.11,0.4
2017-03-19,no hay direccion,0.17,0.3,0.23,0.16,0.26,0.36,0.48
2017-03-20,no hay direccion,0.01,0.44,0.38,0.41,0.27,0.3,0.15
2017-03-21,no hay direccion,0.45,0.34,0.45,0.16,0.36,0.25,0.46
2017-03-22,no hay direccion,0.44,0.01,0.16,0.28,0.04,0.07,0.0
2017-03-23,no hay direccion,0.07,0.03,0.01,0.02,0.04,0.04,0.25
2017-03-24,no hay direccion,0.4,0.32,0.15,0.17,0.13,0.31,0.45
2017-03-25,no hay direccion,0.04,0.32,0.18,0.18,0.09,0.2,0.22
2017-03-26,no hay direccion,0.22,0.04,0.29,0.04,0.37,0.46,0.33
2017-03-27,no hay direccion,0.38,0.22,0.35,0.15,0.24,0.06,0.06
2017-03-28,no hay direccion,0.46,0.04,0.02,0.11,0.24,0.21,0.29
2017-03-29,no hay direccion,0.05,0.29,0.47,0.09,0.45,0.06,0.15
2017-03-30,no hay direccion,0.11,0.23,0.16,0.07,0.18,0.11,0.03
2017-03-31,no hay direccion,0.27,0.07,0.34,0.22,0.37,0.13,0.44
2017-04-01,no hay direccion,0.42,0.17,0.32,0.3,0.03,0.08,0.45
2017-04-02,no hay direccion,0.35,0.48,0.22,0.4,0.36,0.46,0.3
2017-04-03,no hay direccion,0.38,0.26,0.5,0.31,0.18,0.39,0.43
2017-04-04,no hay direccion,0.22,0.0,0.21,0.38,0.08,0.4,0.24
2017-04-05,no hay direccion,0.04,0.49,0.08,0.19,0.16,0.18,0.14
2017-04-06,no hay direccion,0.2,0.14,0.46,0.14,0.09,0.08,0.06
2017-04-07,no hay direccion,0.3,0.48,0.27,0.39,0.08,0.2,0.08
2017-04-08,no hay direccion,0.32,0.32,0.18,0.16,0.26,0.23,0.39
2017-04-09,no hay direccion,0.42,0.16,0.24,0.0,0.42,0.34,0.15
2017-04-10,no hay direccion,0.37,0.21,0.0,0.45,0.03,0.4,0.24
2017-04-11,no hay direccion,0.32,0.39,0.23,0.0,0.11,0.13,0.17
2017-04-12,no hay direccion,0.17,0.14,0.18,0.02,0.05,0.36,0.44
2017-04-13,no hay direccion,0.4,0.11,0.02,0.27,0.47,0.27,0.08
2017-04-14,no hay direccion,0.47,0.31,0.31,0.25,0.0,0.31,0.21
2017-04-15,no hay direccion,0.03,0.15,0.06,0.03,0.05,0.3,0.03
2017-04-16,no hay direccion,0.28,0.05,0.28,0.14,0.1,0.26,0.12
2017-04-17,no hay direccion,0.19,0.42,0.32,0.47,0.03,0.15,0.36
2017-04-18,no hay direccion,0.27,0.48,0.46,0.47,0.47,0.14,0.22
2017-04-19,no hay direccion,0.09,0.3,0.28,0.32,0.12,0.43,0.09
2017-04-20,no hay direccion,0.06,0.03,0.0,0.36,0.27,0.45,0.09
2017-04-21,no hay direccion,0.21,0.47,0.01,0.02,0.15,0.3,0.17
2017-04-22,no hay direccion,0.03,0.46,0.11,0.26,0.16,0.32,0.35
2017-04-23,no hay direccion,0.5,0.01,0.44,0.46,0.01,0.48,0.35
2017-04-24,no hay direccion,0.48,0.46,0.12,0.18,0.05,0.45,0.08
2017-04-25,no hay direccion,0.46,0.4,0.31,0.04,0.09,0.15,0.45
2017-04-26,no hay direccion,0.27,0.09,0.38,0.03,0.17,0.24,0.09
2017-04-27,no hay direccion,0.17,0.08,0.12,0.27,0.47,0.03,0.28
2017-04-28,no hay direccion,0.1,0.35,0.12,0.11,0.12,0.16,0.12
2017-04-29,no hay direccion,0.29,0.02,0.38,0.08,0.17,0.25,0.44
2017-04-30,no hay direccion,0.47,0.36,0.1,0.43,0.27,0.3,0.36
2017-05-01,no hay direccion,0.4,0.12,0.15,0.08,0.02,0.34,0.36
2017-05-02,no hay direccion,0.34,0.49,0.05,0.45,0.49,0.36,0.06
2017-05-03,no hay direccion,0.23,0.16,0.25,0.41,0.25,0.42,0.11
2017-05-04,no hay direccion,0.14,0.21,0.39,0.15,0.38,0.21,0.1
2017-05-05,no hay direccion,0.12,0.34,0.39,0.12,0.18,0.15,0.08
2017-05-06,no hay direccion,0.28,0.04,0.18,0.28,0.09,0.11,0.1
2017-05-07,no hay direccion,0.17,0.14,0.05,0.03,0.4,0.5,0.16
2017-05-08,no hay direccion,0.14,0.47,0.26,0.35,0.17,0.11,0.28
2017-05-09,no hay direccion,0.13,0.03,0.26,0.49,0.39,0.38,0.37
2017-05-10,no hay direccion,0.03,0.39,0.15,0.08,0.42,0.01,0.16
2017-05-11,no hay direccion,0.38,0.23,0.24,0.14,0.23,0.11,0.01
2017-05-12,no hay direccion,0.06,0.13,0.4,0.22,0.0,0.42,0.08
2017-05-13,no hay direccion,0.41,0.29,0.28,0.14,0.02,0.18,0.46
2017-05-14,no hay direccion,0.14,0.13,0.03,0.33,0.05,0.26,0.29
2017-05-15,no hay direccion,0.41,0.0,0.13,0.12,0.47,0.19,0.45
2017-05-16,no hay direccion,0.1,0.01,0.3,0.15,0.26,0.32,0.34
2017-05-17,no hay direccion,0.26,0.23,0.49,0.44,0.1,0.01,0.27
2017-05-18,no hay direccion,0.38,0.01,0.23,0.3,0.03,0.39,0.25
2017-05-19,no hay direccion,0.3,0.27,0.17,0.21,0.04,0.03,0.16
2017-05-20,no hay direccion,0.04,0.04,0.19,0.1,0.35,0.39,0.11
2017-05-21,no hay direccion,0.07,0.47,0.27,0.2,0.48,0.3,0.09
2017-05-22,no hay direccion,0.19,0.32,0.23,0.49,0.45,0.05,0.12
2017-05-23,no hay direccion,0.43,0.48,0.24,0.34,0.28,0.43,0.06
2017-05-24,no hay direccion,0.36,0.14,0.06,0.4,0.27,0.35,0.01
2017-05-25,no hay direccion,0.47,0.23,0.01,0.41,0.06,0.19,0.42
2017-05-26,no hay direccion,0.13,0.25,0.21,0.37,0.05,0.12,0.44
2017-05-27,no hay direccion,0.49,0.02,0.01,0.45,0.22,0.07,0.37
2017-05-28,no hay direccion,0.31,0.24,0.38,0.36,0.4,0.06,0.24
2017-05-29,no hay direccion,0.31,0.44,0.37,0.14,0.36,0.41,0.33
2017-05-30,no hay direccion,0.44,0.43,0.12,0.29,0.05,0.04,0.37
2017-05-31,no hay direccion,0.33,0.45,0.45,0.35,0.16,0.34,0.13
2017-06-01,no hay direccion,0.39,0.04,0.4,0.32,0.02,0.25,0.35
2017-06-02,no hay direccion,0.33,0.45,0.03,0.07,0.05,0.38,0.48
2017-06-03,no hay direccion,0.48,0.13,0.29,0.4,0.0,0.22,0.49
2017-06-04,no hay direccion,0.39,0.2,0.09,0.15,0.11,0.34,0.41
2017-06-05,no hay direccion,0.36,0.07,0.42,0.2,0.45,0.31,0.17
2017-06-06,no hay direccion,0.26,0.22,0.27,0.15,0.28,0.18,0.3
2017-06-07,no hay direccion,0.02,0.19,0.48,0.45,0.01,0.4,0.27
2017-06-08,no hay direccion,0.22,0.43,0.05,0.41,0.37,0.12,0.25
2017-06-09,no hay direccion,0.34,0.01,0.23,0.36,0.41,0.47,0.05
2017-06-10,no hay direccion,0.3,0.46,0.29,0.26,0.48,0.42,0.24
2017-06-11,no hay direccion,0.34,0.35,0.08,0.28,0.21,0.25,0.24
2017-06-12,no hay direccion,0.42,0.46,0.28,0.35,0.18,0.0,0.24
2017-06-13,no hay direccion,0.18,0.25,0.12,0.22,0.23,0.28,0.04
2017-06-14,no hay direccion,0.47,0.11,0.13,0.05,0.05,0.48,0.25
2017-06-15,no hay direccion,0.42,0.26,0.48,0.48,0.15,0.31,0.07
2017-06-16,no hay direccion,0.26,0.21,0.32,0.09,0.03,0.11,0.4
2017-06-17,no hay direccion,0.27,0.05,0.45,0.02,0.19,0.14,0.09
2017-06-18,no hay direccion,0.26,0.12,0.37,0.13,0.47,0.3,0.34
2017-06-19,no hay direccion,0.06,0.32,0.13,0.38,0.1,0.33,0.11
2017-06-20,no hay direccion,0.36,0.02,0.01,0.49,0.22,0.06,0.1
2017-06-21,no hay direccion,0.2,0.37,0.12,0.06,0.15,0.09,0.37
2017-06-22,no hay direccion,0.19,0.46,0.05,0.45,0.39,0.37,0.45
2017-06-23,no hay direccion,0.02,0.41,0.19,0.12,0.21,0.47,0.1
2017-06-24,no hay direccion,0.42,0.13,0.23,0.05,0.06,0.43,0.44
2017-06-25,no hay direccion,0.23,0.35,0.07,0.34,0.34,0.11,0.29
2017-06-26,no hay direccion,0.45,0.42,0.46,0.43,0.23,0.0,0.42
2017-06-27,no hay direccion,0.04,0.47,0.17,0.03,0.02,0.18,0.1
2017-06-28,no hay direccion,0.07,0.06,0.06,0.19,0.21,0.21,0.49
2017-06-29,no hay direccion,0.22,0.1,0.25,0.0,0.33,0.21,0.19
2017-06-30,no hay direccion,0.43,0.44,0.24,0.47,0.47,0.3,0.41
2017-07-01,no hay direccion,0.08,0.13,0.07,0.43,0.07,0.1,0.1
2017-07-02,no hay direccion,0.07,0.04,0.12,0.41,0.16,0.4,0.21
2017-07-03,no hay direccion,0.2,0.32,0.48,0.49,0.48,0.4,0.2
2017-07-04,no hay direccion,0.39,0.22,0.19,0.3,0.12,0.03,0.43
2017-07-05,no hay direccion,0.04,0.23,0.33,0.34,0.47,0.09,0.29
2017-07-06,no hay direccion,0.49,0.11,0.17,0.49,0.11,0.07,0.26
2017-07-07,no hay direccion,0.08,0.38,0.29,0.04,0.47,0.39,0.1
2017-07-08,no hay direccion,0.42,0.18,0.24,0.49,0.38,0.38,0.13
2017-07-09,no hay direccion,0.21,0.26,0.34,0.21,0.41,0.44,0.05
2017-07-10,no hay direccion,0.16,0.23,0.12,0.33,0.13,0.23,0.2
2017-07-11,no hay direccion,0.18,0.19,0.1,0.3,0.2,0.26,0.25
2017-07-12,no hay direccion,0.25,0.23,0.45,0.19,0.21,0.31,0.19
2017-07-13,no hay direccion,0.24,0.04,0.4,0.29,0.0,0.19,0.44
2017-07-14,no hay direccion,0.16,0.01,0.2,0.17,0.28,0.07,0.28
2017-07-15,no hay direccion,0.36,0.03,0.3,0.36,0.22,0.27,0.15
2017-07-16,no hay direccion,0.44,0.22,0.09,0.15,0.43,0.15,0.48
2017-07-17,no hay direccion,0.07,0.25,0.33,0.47,0.25,0.36,0.08
2017-07-18,no hay direccion,0.42,0.08,0.11,0.31,0.35,0.34,0.37
2017-07-19,no hay direccion,0.21,0.28,0.17,0.18,0.5,0.27,0.43
2017-07-20,no hay direccion,0.46,0.07,0.35,0.03,0.47,0.07,0.21
2017-07-21,no hay direccion,0.1,0.17,0.17,0.37,0.36,0.04,0.08
2017-07-22,no hay direccion,0.36,0.45,0.1,0.08,0.22,0.33,0.26
2017-07-23,no hay direccion,0.05,0.3,0.04,0.14,0.17,0.16,0.1
2017-07-24,no hay direccion,0.13,0.47,0.1,0.31,0.33,0.45,0.06
2017-07-25,no hay direccion,0.25,0.07,0.39,0.32,0.4,0.24,0.21
2017-07-26,no hay direccion,0.5,0.48,0.09,0.28,0.1,0.03,0.22
2017-07-27,no hay direccion,0.05,0.18,0.35,0.1,0.46,0.02,0.38
2017-07-28,no hay direccion,0.27,0.06,0.5,0.29,0.33,0.31,0.19
2017-07-29,no hay direccion,0.42,0.21,0.4,0.23,0.5,0.21,0.02
2017-07-30,no hay direccion,0.09,0.32,0.02,0.27,0.14,0.18,0.32
2017-07-31,no hay direccion,0.11,0.26,0.16,0.11,0.26,0.19,0.4
2017-08-01,no hay direccion,0.41,0.15,0.15,0.05,0.39,0.02,0.33
2017-08-02,no hay direccion,0.27,0.26,0.17,0.04,0.34,0.16,0.2
2017-08-03,no hay direccion,0.05,0.45,0.47,0.15,0.44,0.19,0.25
2017-08-04,no hay direccion,0.22,0.22,0.05,0.16,0.36,0.36,0.13
2017-08-05,no hay direccion,0.43,0.42,0.3,0.23,0.33,0.04,0.25
2017-08-06,no hay direccion,0.3,0.07,0.36,0.3,0.11,0.28,0.01
2017-08-07,no hay direccion,0.33,0.09,0.22,0.24,0.49,0.38,0.4
2017-08-08,no hay direccion,0.1,0.28,0.13,0.1,0.0,0.36,0.37
2017-08-09,no hay direccion,0.18,0.42,0.48,0.06,0.11,0.42,0.38
2017-08-10,no hay direccion,0.39,0.01,0.08,0.01,0.44,0.48,0.21
2017-08-11,no hay direccion,0.12,0.45,0.31,0.24,0.1,0.01,0.33
2017-08-12,no hay direccion,0.39,0.46,0.15,0.27,0.11,0.13,0.12
2017-08-13,no hay direccion,0.06,0.03,0.01,0.12,0.36,0.43,0.04
2017-08-14,no hay direccion,0.35,0.26,0.19,0.42,0.07,0.41,0.29
2017-08-15,no hay direccion,0.36,0.08,0.07,0.07,0.09,0.33,0.31
2017-08-16,no hay direccion,0.2,0.06,0.02,0.09,0.13,0.08,0.21
2017-08-17,no hay direccion,0.21,0.33,0.44,0.26,0.09,0.5,0.2
2017-08-18,no hay direccion,0.14,0.44,0.41,0.41,0.23,0.16,0.08
2017-08-19,no hay direccion,0.42,0.21,0.38,0.42,0.32,0.33,0.21
2017-08-20,no hay direccion,0.47,0.08,0.4,0.08,0.13,0.14,0.11
2017-08-21,no hay direccion,0.18,0.39,0.47,0.35,0.01,0.24,0.5
2017-08-22,no hay direccion,0.02,0.47,0.48,0.15,0.44,0.37,0.41
2017-08-23,no hay direccion,0.29,0.24,0.02,0.2,0.28,0.36,0.48
2017-08-24,no hay direccion,0.15,0.15,0.46,0.21,0.37,0.04,0.39
2017-08-25,no hay direccion,0.09,0.17,0.23,0.37,0.26,0.4,0.17
2017-08-26,no hay direccion,0.06,0.17,0.45,0.18,0.17,0.39,0.25
2017-08-27,no hay direccion,0.05,0.22,0.15,0.3,0.18,0.27,0.43
2017-08-28,no hay direccion,0.3,0.36,0.28,0.35,0.35,0.39,0.11
2017-08-29,no hay direccion,0.15,0.45,0.01,0.13,0.06,0.25,0.1
2017-08-30,no hay direccion,0.04,0.37,0.13,0.46,0.4,0.28,0.02
2017-08-31,no hay direccion,0.15,0.34,0.38,0.32,0.41,0.33,0.18
2017-09-01,no hay direccion,0.44,0.12,0.12,0.0,0.32,0.18,0.37
2017-09-02,no hay direccion,0.31,0.12,0.23,0.42,0.23,0.27,0.16
2017-09-03,no hay direccion,0.24,0.14,0.02,0.49,0.39,0.13,0.35
2017-09-04,no hay direccion,0.31,0.01,0.13,0.35,0.01,0.34,0.32
2017-09-05,no hay direccion,0.35,0.25,0.27,0.49,0.2,0.32,0.49
2017-09-06,no hay direccion,0.42,0.41,0.33,0.09,0.29,0.17,0.21
2017-09-07,no hay direccion,0.42,0.06,0.01,0.38,0.21,0.0,0.12
2017-09-08,no hay direccion,0.26,0.44,0.35,0.24,0.26,0.31,0.03
2017-09-09,no hay direccion,0.08,0.19,0.19,0.02,0.47,0.2,0.22
2017-09-10,no hay direccion,0.33,0.1,0.4,0.16,0.49,0.44,0.0
2017-09-11,no hay direccion,0.47,0.33,0.06,0.27,0.4,0.15,0.32
2017-09-12,no hay direccion,0.05,0.41,0.14,0.34,0.35,0.39,0.4
2017-09-13,no hay direccion,0.0,0.48,0.14,0.15,0.48,0.26,0.06
2017-09-14,no hay direccion,0.23,0.43,0.35,0.25,0.39,0.11,0.09
2017-09-15,no hay direccion,0.35,0.25,0.14,0.2,0.28,0.41,0.41
2017-09-16,no hay direccion,0.09,0.04,0.31,0.03,0.08,0.07,0.35
2017-09-17,no hay direccion,0.28,0.1,0.5,0.29,0.4,0.37,0.36
2017-09-18,no hay direccion,0.16,0.08,0.46,0.01,0.31,0.34,0.03
2017-09-19,no hay direccion,0.28,0.14,0.19,0.23,0.26,0.5,0.15
2017-09-20,no hay direccion,0.07,0.43,0.13,0.3,0.12,0.13,0.35
2017-09-21,no hay direccion,0.36,0.02,0.33,0.1,0.36,0.11,0.23
2017-09-22,no hay direccion,0.13,0.26,0.01,0.4,0.46,0.26,0.27
2017-09-23,no hay direccion,0.35,0.49,0.37,0.2,0.31,0.41,0.35
2017-09-24,no hay direccion,0.47,0.2,0.27,0.23,0.27,0.09,0.45
2017-09-25,no hay direccion,0.21,0.27,0.36,0.27,0.4,0.14,0.26
2017-09-26,no hay direccion,0.37,0.36,0.25,0.24,0.13,0.3,0.09
2017-09-27,no hay direccion,0.31,0.2,0.18,0.47,0.07,0.46,0.39
2017-09-28,no hay direccion,0.48,0.03,0.31,0.4,0.18,0.02,0.28
2017-09-29,no hay direccion,0.11,0.48,0.13,0.11,0.46,0.35,0.11
2017-09-30,no hay direccion,0.3,0.39,0.2,0.29,0.28,0.07,0.43
2017-10-01,no hay direccion,0.13,0.04,0.31,0.29,0.44,0.4,0.39
2017-10-02,no hay direccion,0.19,0.22,0.03,0.4,0.45,0.15,0.2
2017-10-03,no hay direccion,0.21,0.5,0.03,0.25,0.4,0.32,0.06
2017-10-04,no hay direccion,0.0,0.1,0.01,0.06,0.27,0.46,0.15
2017-10-05,no hay direccion,0.4,0.04,0.44,0.37,0.09,0.41,0.44
2017-10-06,no hay direccion,0.33,0.21,0.45,0.41,0.13,0.32,0.48
2017-10-07,no hay direccion,0.12,0.35,0.43,0.48,0.33,0.17,0.1
2017-10-08,no hay direccion,0.02,0.18,0.1,0.17,0.19,0.39,0.14
2017-10-09,no hay direccion,0.44,0.33,0.12,0.18,0.09,0.13,0.08
2017-10-10,no hay direccion,0.17,0.21,0.49,0.2,0.48,0.08,0.14
2017-10-11,no hay direccion,0.19,0.22,0.17,0.35,0.14,0.41,0.31
2017-10-12,no hay direccion,0.28,0.32,0.37,0.38,0.08,0.05,0.16
2017-10-13,no hay direccion,0.13,0.33,0.11,0.05,0.5,0.48,0.19
2017-10-14,no hay direccion,0.49,0.28,0.39,0.2,0.15,0.13,0.42
2017-10-15,no hay direccion,0.46,0.11,0.13,0.29,0.04,0.4,0.18
2017-10-16,no hay direccion,0.38,0.11,0.14,0.18,0.33,0.03,0.2
2017-10-17,no hay direccion,0.38,0.29,0.37,0.43,0.47,0.42,0.37
2017-10-18,no hay direccion,0.01,0.11,0.16,0.48,0.32,0.24,0.18
2017-10-19,no hay direccion,0.26,0.02,0.19,0.35,0.17,0.49,0.21
2017-10-20,no hay direccion,0.12,0.46,0.43,0.34,0.37,0.11,0.26
2017-10-21,no hay direccion,0.05,0.36,0.0,0.42,0.49,0.18,0.36
2017-10-22,no hay direccion,0.28,0.36,0.07,0.48,0.08,0.01,0.24
2017-10-23,no hay direccion,0.38,0.25,0.03,0.21,0.1,0.06,0.12
2017-10-24,no hay direccion,0.21,0.31,0.33,0.05,0.15,0.1,0.22
2017-10-25,no hay direccion,0.23,0.07,0.4,0.47,0.14,0.06,0.35
2017-10-26,no hay direccion,0.14,0.27,0.44,0.03,0.35,0.03,0.07
2017-10-27,no hay direccion,0.16,0.24,0.47,0.36,0.23,0.3,0.39
2017-10-28,no hay direccion,0.25,0.28,0.02,0.39,0.28,0.41,0.2
2017-10-29,no hay direccion,0.22,0.37,0.44,0.49,0.12,0.07,0.38
2017-10-30,no hay direccion,0.34,0.34,0.37,0.31,0.48,0.28,0.32
2017-10-31,no hay direccion,0.06,0.01,0.48,0.36,0.31,0.36,0.25
2017-11-01,no hay direccion,0.31,0.09,0.27,0.14,0.09,0.03,0.07
2017-11-02,no hay direccion,0.39,0.1,0.03,0.45,0.18,0.42,0.12
2017-11-03,no hay direccion,0.13,0.49,0.47,0.37,0.12,0.2,0.21
2017-11-04,no hay direccion,0.02,0.16,0.43,0.44,0.03,0.32,0.35
2017-11-05,no hay direccion,0.34,0.2,0.24,0.2,0.21,0.49,0.21
2017-11-06,no hay direccion,0.02,0.44,0.06,0.44,0.36,0.34,0.21
2017-11-07,no hay direccion,0.13,0.44,0.18,0.44,0.35,0.04,0.43
2017-11-08,no hay direccion,0.32,0.19,0.13,0.06,0.13,0.21,0.35
2017-11-09,no hay direccion,0.2,0.04,0.19,0.47,0.05,0.47,0.48
2017-11-10,no hay direccion,0.39,0.41,0.05,0.13,0.4,0.08,0.37
2017-11-11,no hay direccion,0.35,0.02,0.2,0.42,0.41,0.11,0.19
2017-11-12,no hay direccion,0.06,0.06,0.23,0.0,0.19,0.26,0.35
2017-11-13,no hay direccion,0.19,0.18,0.2,0.15,0.41,0.21,0.16
2017-11-14,no hay direccion,0.24,0.37,0.18,0.19,0.2,0.04,0.25
2017-11-15,no hay direccion,0.31,0.16,0.48,0.39,0.26,0.41,0.48
2017-11-16,no hay direccion,0.39,0.47,0.5,0.26,0.15,0.28,0.12
2017-11-17,no hay direccion,0.35,0.45,0.35,0.44,0.35,0.11,0.49
2017-11-18,no hay direccion,0.1,0.1,0.36,0.47,0.33,0.48,0.07
2017-11-19,no hay direccion,0.22,0.2,0.15,0.34,0.04,0.27,0.46
2017-11-20,no hay direccion,0.33,0.41,0.15,0.36,0.18,0.25,0.08
2017-11-21,no hay direccion,0.01,0.47,0.32,0.5,0.34,0.29,0.43
2017-11-22,no hay direccion,0.42,0.12,0.48,0.31,0.11,0.04,0.01
2017-11-23,no hay direccion,0.3,0.38,0.48,0.32,0.41,0.02,0.22
2017-11-24,no hay direccion,0.24,0.06,0.25,0.48,0.41,0.01,0.26
2017-11-25,no hay direccion,0.4,0.29,0.33,0.37,0.15,0.35,0.22
2017-11-26,no hay direccion,0.06,0.37,0.37,0.09,0.27,0.22,0.35
2017-11-27,no hay direccion,0.46,0.24,0.21,0.15,0.41,0.37,0.22
2017-11-28,no hay direccion,0.16,0.29,0.17,0.44,0.31,0.34,0.4
2017-11-29,no hay direccion,0.35,0.13,0.24,0.04,0.46,0.11,0.14
2017-11-30,no hay direccion,0.3,0.07,0.27,0.01,0.47,0.1,0.13
2017-12-01,no hay direccion,0.28,0.24,0.44,0.27,0.28,0.5,0.4
2017-12-02,no hay direccion,0.44,0.12,0.07,0.27,0.44,0.37,0.42
2017-12-03,no hay direccion,0.41,0.34,0.15,0.33,0.15,0.36,0.42
2017-12-04,no hay direccion,0.37,0.04,0.36,0.45,0.47,0.05,0.06
2017-12-05,no hay direccion,0.03,0.11,0.38,0.38,0.43,0.19,0.22
2017-12-06,no hay direccion,0.4,0.42,0.38,0.08,0.19,0.48,0.04
2017-12-07,no hay direccion,0.46,0.43,0.3,0.13,0.23,0.3,0.31
2017-12-08,no hay direccion,0.42,0.28,0.39,0.5,0.2,0.28,0.02
2017-12-09,no hay direccion,0.42,0.19,0.09,0.23,0.36,0.03,0.2
2017-12-10,no hay direccion,0.47,0.13,0.45,0.34,0.21,0.15,0.42
2017-12-11,no hay direccion,0.36,0.3,0.2,0.04,0.39,0.45,0.4
2017-12-12,no hay direccion,0.48,0.33,0.43,0.43,0.03,0.05,0.48
2017-12-13,no hay direccion,0.22,0.33,0.14,0.17,0.26,0.32,0.04
2017-12-14,no hay direccion,0.01,0.35,0.2,0.07,0.44,0.36,0.4
2017-12-15,no hay direccion,0.2,0.39,0.36,0.28,0.06,0.02,0.22
2017-12-16,no hay direccion,0.47,0.32,0.49,0.24,0.23,0.17,0.03
2017-12-17,no hay direccion,0.21,0.37,0.48,0.37,0.03,0.28,0.09
2017-12-18,no hay direccion,0.33,0.42,0.43,0.49,0.24,0.33,0.28
2017-12-19,no hay direccion,0.43,0.3,0.05,0.41,0.36,0.35,0.08
2017-12-20,no hay direccion,0.47,0.09,0.43,0.29,0.12,0.22,0.39
2017-12-21,no hay direccion,0.22,0.36,0.41,0.05,0.25,0.08,0.1
2017-12-22,no hay direccion,0.28,0.19,0.48,0.4,0.17,0.46,0.14
2017-12-23,no hay direccion,0.47,0.32,0.07,0.03,0.25,0.39,0.15
2017-12-24,no hay direccion,0.27,0.37,0.16,0.36,0.15,0.39,0.12
2017-12-25,no hay direccion,0.33,0.23,0.03,0.5,0.1,0.45,0.38
2017-12-26,no hay direccion,0.19,0.2,0.42,0.3,0.08,0.46,0.29
2017-12-27,no hay direccion,0.1,0.19,0.39,0.19,0.44,0.24,0.42
2017-12-28,no hay direccion,0.43,0.22,0.12,0.33,0.16,0.23,0.23
2017-12-29,no hay direccion,0.12,0.24,0.49,0.42,0.32,0.28,0.07
2017-12-30,no hay direccion,0.46,0.46,0.46,0.32,0.06,0.3,0.37
2017-12-31,no hay direccion,0.37,0.37,0.16,0.45,0.04,0.4,0.27
2018-01-01,no hay direccion,0.48,0.03,0.37,0.47,0.39,0.04,0.2
2018-01-02,no hay direccion,0.26,0.1,0.25,0.43,0.06,0.07,0.09
2018-01-03,no hay direccion,0.17,0.37,0.38,0.39,0.06,0.09,0.45
2018-01-04,no hay direccion,0.25,0.24,0.1,0.31,0.49,0.39,0.01
2018-01-05,no hay direccion,0.46,0.44,0.27,0.32,0.16,0.38,0.3
2018-01-06,no hay direccion,0.32,0.03,0.15,0.04,0.1,0.1,0.07
2018-01-07,no hay direccion,0.37,0.36,0.33,0.13,0.25,0.08,0.32
2018-01-08,no hay direccion,0.14,0.31,0.04,0.04,0.44,0.39,0.02
2018-01-09,no hay direccion,0.41,0.25,0.1,0.15,0.12,0.24,0.19
2018-01-10,no hay direccion,0.25,0.05,0.04,0.05,0.03,0.21,0.43
2018-01-11,no hay direccion,0.26,0.33,0.17,0.48,0.0,0.02,0.45
2018-01-12,no hay direccion,0.03,0.06,0.02,0.18,0.39,0.26,0.3
2018-01-13,no hay direccion,0.16,0.28,0.4,0.04,0.49,0.3,0.01
2018-01-14,no hay direccion,0.42,0.06,0.27,0.46,0.42,0.03,0.1
2018-01-15,no hay direccion,0.46,0.19,0.11,0.4,0.44,0.34,0.03
2018-01-16,no hay direccion,0.14,0.32,0.46,0.12,0.15,0.31,0.48
2018-01-17,no hay direccion,0.09,0.15,0.04,0.14,0.05,0.27,0.41
2018-01-18,no hay direccion,0.4,0.21,0.21,0.2,0.18,0.37,0.16
2018-01-19,no hay direccion,0.37,0.49,0.43,0.06,0.14,0.04,0.06
2018-01-20,no hay direccion,0.25,0.14,0.03,0.02,0.49,0.23,0.33
2018-01-21,no hay direccion,0.43,0.11,0.49,0.02,0.49,0.32,0.17
2018-01-22,no hay direccion,0.33,0.26,0.39,0.1,0.38,0.49,0.46
2018-01-23,no hay direccion,0.31,0.09,0.29,0.31,0.22,0.1,0.14
2018-01-24,no hay direccion,0.02,0.13,0.23,0.34,0.11,0.3,0.35
2018-01-25,no hay direccion,0.03,0.16,0.48,0.29,0.06,0.05,0.09
2018-01-26,no hay direccion,0.07,0.33,0.06,0.14,0.41,0.28,0.26
2018-01-27,no hay direccion,0.11,0.44,0.14,0.18,0.38,0.43,0.02
2018-01-28,no hay direccion,0.24,0.24,0.09,0.5,0.27,0.16,0.47
2018-01-29,zona vino tinto,0.17,0.6,0.08,0.25,0.15,0.17,0.07
2018-01-30,no hay direccion,0.24,0.05,0.05,0.05,0.18,0.39,0.18
2018-01-31,no hay direccion,0.26,0.34,0.36,0.33,0.02,0.22,0.24
2018-02-01,no hay direccion,0.28,0.09,0.43,0.43,0.03,0.42,0.2
2018-02-02,no hay direccion,0.26,0.38,0.05,0.11,0.16,0.43,0.16
2018-02-03,no hay direccion,0.42,0.22,0.09,0.38,0.35,0.12,0.16
2018-02-04,no hay direccion,0.03,0.44,0.29,0.14,0.37,0.06,0.1
2018-02-05,no hay direccion,0.09,0.23,0.29,0.07,0.11,0.46,0.34
2018-02-06,no hay direccion,0.05,0.29,0.08,0.21,0.07,0.38,0.42
2018-02-07,no hay direccion,0.07,0.09,0.4,0.35,0.13,0.25,0.39
2018-02-08,kalajahuira,0.18,0.79,0.37,0.44,0.27,0.12,0.17
2018-02-09,no hay direccion,0.02,0.46,0.4,0.1,0.11,0.42,0.47
2018-02-10,no hay direccion,0.07,0.2,0.19,0.02,0.44,0.11,0.34
2018-02-11,no hay direccion,0.08,0.17,0.31,0.18,0.38,0.49,0.42
2018-02-12,no hay direccion,0.49,0.37,0.28,0.23,0.1,0.33,0.01
2018-02-13,no hay direccion,0.43,0.3,0.24,0.43,0.25,0.25,0.27
2018-02-14,no hay direccion,0.45,0.28,0.19,0.13,0.17,0.12,0.03
2018-02-15,no hay direccion,0.07,0.4,0.24,0.22,0.09,0.35,0.27
2018-02-16,no hay direccion,0.17,0.38,0.27,0.44,0.22,0.23,0.48
2018-02-17,no hay direccion,0.1,0.45,0.34,0.08,0.45,0.46,0.28
2018-02-18,no hay direccion,0.2,0.38,0.46,0.18,0.41,0.34,0.37
2018-02-19,villa copacabana,0.31,0.2,0.11,0.87,0.17,0.1,0.19
2018-02-20,no hay direccion,0.02,0.33,0.02,0.06,0.47,0.26,0.1
2018-02-21,no hay direccion,0.25,0.13,0.01,0.06,0.15,0.46,0.3
2018-02-22,no hay direccion,0.12,0.25,0.2,0.15,0.38,0.47,0.03
2018-02-23,no hay direccion,0.33,0.28,0.28,0.12,0.43,0.14,0.1
2018-02-24,no hay direccion,0.17,0.16,0.32,0.31,0.39,0.37,0.03
2018-02-25,no hay direccion,0.29,0.09,0.13,0.16,0.47,0.14,0.15
2018-02-26,no hay direccion,0.34,0.42,0.16,0.23,0.34,0.17,0.47
2018-02-27,no hay direccion,0.14,0.39,0.4,0.32,0.27,0.37,0.37
2018-02-28,no hay direccion,0.29,0.2,0.35,0.47,0.28,0.21,0.09
2018-03-01,no hay direccion,0.02,0.16,0.02,0.25,0.29,0.13,0.32
2018-03-02,no hay direccion,0.15,0.46,0.29,0.18,0.07,0.31,0.41
2018-03-03,no hay direccion,0.17,0.17,0.08,0.49,0.31,0.5,0.03
2018-03-04,no hay direccion,0.11,0.36,0.39,0.4,0.38,0.2,0.33
2018-03-05,no hay direccion,0.45,0.27,0.34,0.45,0.22,0.36,0.49
2018-03-06,no hay direccion,0.22,0.37,0.2,0.04,0.27,0.14,0.09
2018-03-07,no hay direccion,0.39,0.29,0.22,0.49,0.11,0.4,0.3
2018-03-08,no hay direccion,0.05,0.13,0.38,0.11,0.48,0.28,0.13
2018-03-09,no hay direccion,0.11,0.47,0.34,0.49,0.19,0.35,0.44
2018-03-10,no hay direccion,0.46,0.5,0.13,0.2,0.38,0.33,0.22
2018-03-11,no hay direccion,0.33,0.05,0.1,0.33,0.43,0.25,0.36
2018-03-12,no hay direccion,0.32,0.34,0.19,0.37,0.18,0.29,0.0
2018-03-13,no hay direccion,0.08,0.44,0.2,0.0,0.18,0.09,0.41
2018-03-14,no hay direccion,0.22,0.12,0.29,0.47,0.15,0.29,0.23
2018-03-15,no hay direccion,0.05,0.07,0.02,0.36,0.2,0.25,0.31
2018-03-16,no hay direccion,0.24,0.46,0.49,0.26,0.4,0.26,0.04
2018-03-17,no hay direccion,0.1,0.34,0.45,0.17,0.14,0.05,0.18
2018-03-18,no hay direccion,0.49,0.39,0.38,0.31,0.32,0.23,0.35
2018-03-19,no hay direccion,0.37,0.03,0.17,0.32,0.34,0.11,0.15
2018-03-20,no hay direccion,0.36,0.43,0.19,0.23,0.26,0.01,0.34
2018-03-21,no hay direccion,0.25,0.37,0.11,0.1,0.46,0.01,0.31
2018-03-22,no hay direccion,0.37,0.03,0.27,0.28,0.44,0.16,0.24
2018-03-23,no hay direccion,0.41,0.34,0.41,0.45,0.39,0.12,0.1
2018-03-24,no hay direccion,0.1,0.23,0.3,0.28,0.23,0.33,0.32
2018-03-25,no hay direccion,0.13,0.43,0.22,0.15,0.03,0.2,0.25
2018-03-26,no hay direccion,0.2,0.14,0.1,0.34,0.22,0.24,0.32
2018-03-27,no hay direccion,0.5,0.34,0.09,0.24,0.48,0.16,0.13
2018-03-28,no hay direccion,0.25,0.33,0.32,0.02,0.17,0.31,0.38
2018-03-29,no hay direccion,0.12,0.02,0.06,0.2,0.42,0.05,0.15
2018-03-30,no hay direccion,0.38,0.37,0.02,0.31,0.42,0.22,0.17
2018-03-31,no hay direccion,0.35,0.16,0.21,0.45,0.25,0.08,0.25
2018-04-01,no hay direccion,0.4,0.49,0.22,0.03,0.12,0.33,0.3
2018-04-02,no hay direccion,0.32,0.46,0.31,0.35,0.16,0.44,0.26
2018-04-03,no hay direccion,0.27,0.38,0.36,0.41,0.44,0.1,0.26
2018-04-04,no hay direccion,0.21,0.23,0.22,0.49,0.26,0.04,0.23
2018-04-05,no hay direccion,0.45,0.4,0.01,0.1,0.35,0.44,0.09
2018-04-06,no hay direccion,0.47,0.14,0.4,0.22,0.43,0.19,0.2
2018-04-07,no hay direccion,0.01,0.25,0.16,0.18,0.35,0.26,0.37
2018-04-08,no hay direccion,0.2,0.18,0.31,0.11,0.41,0.27,0.06
2018-04-09,no hay direccion,0.14,0.06,0.46,0.42,0.24,0.28,0.38
2018-04-10,no hay direccion,0.29,0.02,0.15,0.05,0.24,0.21,0.09
2018-04-11,no hay direccion,0.25,0.47,0.16,0.08,0.3,0.23,0.0
2018-04-12,no hay direccion,0.43,0.13,0.38,0.22,0.04,0.02,0.37
2018-04-13,no hay direccion,0.2,0.3,0.14,0.46,0.32,0.05,0.25
2018-04-14,no hay direccion,0.17,0.41,0.24,0.22,0.08,0.14,0.32
2018-04-15,no hay direccion,0.33,0.39,0.01,0.23,0.49,0.13,0.02
2018-04-16,no hay direccion,0.46,0.4,0.44,0.2,0.1,0.16,0.41
2018-04-17,no hay direccion,0.49,0.33,0.13,0.24,0.12,0.01,0.13
2018-04-18,no hay direccion,0.35,0.2,0.37,0.15,0.14,0.49,0.05
2018-04-19,no hay direccion,0.32,0.22,0.06,0.17,0.17,0.38,0.26
2018-04-20,no hay direccion,0.34,0.39,0.36,0.25,0.17,0.31,0.15
2018-04-21,no hay direccion,0.42,0.01,0.34,0.48,0.33,0.07,0.35
2018-04-22,no hay direccion,0.46,0.02,0.31,0.46,0.42,0.01,0.21
2018-04-23,no hay direccion,0.19,0.04,0.02,0.45,0.29,0.49,0.26
2018-04-24,no hay direccion,0.42,0.26,0.46,0.21,0.38,0.43,0.47
2018-04-25,no hay direccion,0.37,0.47,0.03,0.46,0.02,0.06,0.5
2018-04-26,no hay direccion,0.16,0.11,0.05,0.32,0.13,0.46,0.26
2018-04-27,no hay direccion,0.23,0.3,0.39,0.06,0.2,0.16,0.0
2018-04-28,no hay direccion,0.47,0.19,0.35,0.5,0.3,0.23,0.1
2018-04-29,no hay direccion,0.27,0.37,0.22,0.48,0.01,0.35,0.37
2018-04-30,no hay direccion,0.18,0.23,0.42,0.26,0.44,0.04,0.12
2018-05-01,no hay direccion,0.48,0.22,0.16,0.03,0.4,0.0,0.43
2018-05-02,no hay direccion,0.38,0.4,0.31,0.38,0.45,0.1,0.21
2018-05-03,no hay direccion,0.05,0.28,0.44,0.26,0.27,0.39,0.33
2018-05-04,no hay direccion,0.47,0.25,0.06,0.05,0.12,0.46,0.04
2018-05-05,no hay direccion,0.11,0.31,0.07,0.29,0.33,0.42,0.46
2018-05-06,no hay direccion,0.27,0.29,0.31,0.07,0.47,0.25,0.27
2018-05-07,no hay direccion,0.08,0.02,0.01,0.07,0.16,0.17,0.42
2018-05-08,no hay direccion,0.29,0.36,0.04,0.24,0.21,0.17,0.15
2018-05-09,no hay direccion,0.46,0.26,0.37,0.3,0.05,0.29,0.27
2018-05-10,no hay direccion,0.25,0.06,0.5,0.01,0.32,0.21,0.4
2018-05-11,no hay direccion,0.34,0.48,0.13,0.02,0.27,0.28,0.25
2018-05-12,no hay direccion,0.35,0.17,0.06,0.16,0.44,0.26,0.39
2018-05-13,no hay direccion,0.05,0.0,0.08,0.44,0.24,0.08,0.33
2018-05-14,no hay direccion,0.27,0.08,0.38,0.02,0.07,0.11,0.18
2018-05-15,no hay direccion,0.06,0.12,0.11,0.01,0.01,0.07,0.37
2018-05-16,no hay direccion,0.36,0.15,0.0,0.47,0.05,0.11,0.11
2018-05-17,no hay direccion,0.49,0.16,0.1,0.29,0.26,0.3,0.09
2018-05-18,no hay direccion,0.04,0.07,0.39,0.47,0.47,0.37,0.4
2018-05-19,no hay direccion,0.48,0.27,0.16,0.48,0.47,0.23,0.09
2018-05-20,no hay direccion,0.12,0.04,0.16,0.49,0.48,0.28,0.31
2018-05-21,no hay direccion,0.17,0.33,0.3,0.3,0.45,0.34,0.32
2018-05-22,no hay direccion,0.15,0.12,0.27,0.12,0.12,0.26,0.07
2018-05-23,no hay direccion,0.32,0.2,0.31,0.43,0.36,0.4,0.32
2018-05-24,no hay direccion,0.02,0.28,0.21,0.03,0.44,0.01,0.04
2018-05-25,no hay direccion,0.16,0.33,0.4,0.35,0.04,0.08,0.18
2018-05-26,no hay direccion,0.09,0.22,0.24,0.1,0.37,0.22,0.24
2018-05-27,no hay direccion,0.39,0.19,0.12,0.22,0.02,0.22,0.11
2018-05-28,no hay direccion,0.47,0.17,0.06,0.39,0.02,0.48,0.2
2018-05-29,no hay direccion,0.47,0.37,0.2,0.08,0.43,0.22,0.19
2018-05-30,no hay direccion,0.42,0.31,0.19,0.45,0.0,0.48,0.26
2018-05-31,no hay direccion,0.07,0.17,0.46,0.3,0.35,0.03,0.35
2018-06-01,no hay direccion,0.2,0.33,0.2,0.36,0.48,0.02,0.4
2018-06-02,no hay direccion,0.32,0.21,0.16,0.06,0.32,0.3,0.2
2018-06-03,no hay direccion,0.13,0.19,0.07,0.01,0.37,0.47,0.06
2018-06-04,no hay direccion,0.12,0.14,0.39,0.37,0.02,0.26,0.12
2018-06-05,no hay direccion,0.01,0.28,0.12,0.06,0.17,0.35,0.49
2018-06-06,no hay direccion,0.01,0.24,0.08,0.28,0.09,0.48,0.34
2018-06-07,no hay direccion,0.32,0.21,0.03,0.37,0.1,0.05,0.36
2018-06-08,no hay direccion,0.1,0.46,0.28,0.28,0.4,0.01,0.08
2018-06-09,no hay direccion,0.19,0.24,0.03,0.24,0.31,0.43,0.44
2018-06-10,no hay direccion,0.44,0.32,0.27,0.04,0.14,0.34,0.41
2018-06-11,no hay direccion,0.08,0.01,0.44,0.12,0.17,0.15,0.32
2018-06-12,no hay direccion,0.07,0.35,0.47,0.2,0.47,0.46,0.44
2018-06-13,no hay direccion,0.34,0.47,0.08,0.18,0.1,0.36,0.38
2018-06-14,no hay direccion,0.47,0.28,0.08,0.26,0.04,0.47,0.3
2018-06-15,no hay direccion,0.18,0.29,0.06,0.27,0.35,0.22,0.04
2018-06-16,no hay direccion,0.36,0.01,0.06,0.28,0.36,0.08,0.21
2018-06-17,no hay direccion,0.09,0.46,0.21,0.14,0.34,0.03,0.18
2018-06-18,no hay direccion,0.44,0.47,0.04,0.02,0.37,0.02,0.05
2018-06-19,no hay direccion,0.15,0.31,0.44,0.14,0.01,0.15,0.04
2018-06-20,no hay direccion,0.03,0.31,0.43,0.33,0.17,0.27,0.23
2018-06-21,no hay direccion,0.23,0.36,0.39,0.48,0.39,0.49,0.24
2018-06-22,no hay direccion,0.46,0.11,0.21,0.26,0.26,0.26,0.35
2018-06-23,no hay direccion,0.26,0.35,0.01,0.2,0.18,0.17,0.17
2018-06-24,no hay direccion,0.0,0.31,0.37,0.43,0.49,0.4,0.37
2018-06-25,no hay direccion,0.22,0.22,0.07,0.08,0.42,0.07,0.04
2018-06-26,no hay direccion,0.05,0.5,0.26,0.19,0.28,0.5,0.38
2018-06-27,no hay direccion,0.26,0.17,0.26,0.11,0.35,0.07,0.27
2018-06-28,no hay direccion,0.37,0.29,0.43,0.19,0.24,0.19,0.08
2018-06-29,no hay direccion,0.46,0.07,0.07,0.5,0.16,0.37,0.23
2018-06-30,no hay direccion,0.43,0.3,0.04,0.4,0.34,0.41,0.31
2018-07-01,no hay direccion,0.45,0.32,0.24,0.14,0.09,0.44,0.12
2018-07-02,no hay direccion,0.42,0.24,0.0,0.36,0.4,0.32,0.49
2018-07-03,no hay direccion,0.24,0.3,0.33,0.04,0.33,0.07,0.33
2018-07-04,no hay direccion,0.37,0.42,0.1,0.25,0.07,0.07,0.29
2018-07-05,no hay direccion,0.4,0.18,0.4,0.33,0.28,0.41,0.28
2018-07-06,no hay direccion,0.41,0.2,0.39,0.39,0.42,0.44,0.08
2018-07-07,no hay direccion,0.11,0.39,0.4,0.41,0.21,0.36,0.08
2018-07-08,no hay direccion,0.14,0.16,0.28,0.06,0.3,0.36,0.48
2018-07-09,no hay direccion,0.34,0.19,0.25,0.19,0.03,0.04,0.3
2018-07-10,no hay direccion,0.08,0.45,0.25,0.03,0.4,0.2,0.16
2018-07-11,no hay direccion,0.2,0.41,0.46,0.01,0.47,0.05,0.2
2018-07-12,no hay direccion,0.07,0.29,0.41,0.13,0.39,0.29,0.16
2018-07-13,no hay direccion,0.47,0.04,0.39,0.38,0.4,0.19,0.31
2018-07-14,no hay direccion,0.07,0.23,0.24,0.42,0.27,0.26,0.14
2018-07-15,no hay direccion,0.32,0.23,0.16,0.16,0.46,0.13,0.2
2018-07-16,no hay direccion,0.24,0.46,0.47,0.02,0.29,0.19,0.46
2018-07-17,no hay direccion,0.18,0.28,0.2,0.06,0.48,0.15,0.09
2018-07-18,no hay direccion,0.04,0.03,0.34,0.02,0.3,0.4,0.45
2018-07-19,no hay direccion,0.08,0.01,0.14,0.37,0.21,0.43,0.46
2018-07-20,no hay direccion,0.02,0.42,0.26,0.11,0.15,0.22,0.19
2018-07-21,no hay direccion,0.24,0.14,0.45,0.16,0.19,0.04,0.08
2018-07-22,no hay direccion,0.1,0.33,0.03,0.44,0.07,0.41,0.1
2018-07-23,no hay direccion,0.04,0.2,0.02,0.46,0.27,0.02,0.11
2018-07-24,no hay direccion,0.17,0.45,0.37,0.33,0.15,0.45,0.06
2018-07-25,no hay direccion,0.11,0.46,0.04,0.32,0.14,0.14,0.08
2018-07-26,no hay direccion,0.07,0.2,0.19,0.13,0.34,0.2,0.44
2018-07-27,no hay direccion,0.11,0.07,0.45,0.27,0.34,0.22,0.19
2018-07-28,no hay direccion,0.31,0.29,0.06,0.35,0.18,0.26,0.25
2018-07-29,no hay direccion,0.19,0.41,0.12,0.12,0.05,0.44,0.43
2018-07-30,no hay direccion,0.03,0.38,0.24,0.2,0.35,0.14,0.06
2018-07-31,no hay direccion,0.5,0.43,0.13,0.35,0.38,0.23,0.39
2018-08-01,no hay direccion,0.14,0.3,0.16,0.13,0.08,0.1,0.17
2018-08-02,no hay direccion,0.18,0.18,0.5,0.47,0.31,0.21,0.44
2018-08-03,no hay direccion,0.27,0.13,0.13,0.31,0.3,0.05,0.21
2018-08-04,no hay direccion,0.16,0.03,0.15,0.31,0.43,0.02,0.23
2018-08-05,no hay direccion,0.3,0.4,0.48,0.46,0.28,0.05,0.17
2018-08-06,no hay direccion,0.26,0.47,0.11,0.38,0.22,0.03,0.06
2018-08-07,no hay direccion,0.42,0.03,0.18,0.31,0.17,0.05,0.29
2018-08-08,no hay direccion,0.46,0.03,0.44,0.38,0.33,0.38,0.05
2018-08-09,no hay direccion,0.19,0.1,0.35,0.38,0.39,0.02,0.14
2018-08-10,no hay direccion,0.27,0.06,0.3,0.41,0.25,0.35,0.2
2018-08-11,no hay direccion,0.16,0.19,0.1,0.46,0.08,0.12,0.29
2018-08-12,no hay direccion,0.05,0.17,0.02,0.28,0.13,0.21,0.26
2018-08-13,no hay direccion,0.26,0.11,0.18,0.2,0.39,0.35,0.06
2018-08-14,no hay direccion,0.12,0.22,0.21,0.23,0.16,0.12,0.34
2018-08-15,no hay direccion,0.24,0.43,0.08,0.14,0.15,0.02,0.06
2018-08-16,no hay direccion,0.21,0.04,0.14,0.25,0.21,0.31,0.07
2018-08-17,no hay direccion,0.13,0.29,0.07,0.31,0.13,0.07,0.37
2018-08-18,no hay direccion,0.15,0.1,0.34,0.06,0.16,0.43,0.16
2018-08-19,no hay direccion,0.49,0.23,0.14,0.38,0.1,0.08,0.33
2018-08-20,no hay direccion,0.21,0.39,0.26,0.15,0.01,0.23,0.07
2018-08-21,no hay direccion,0.33,0.46,0.23,0.03,0.35,0.13,0.36
2018-08-22,no hay direccion,0.04,0.37,0.26,0.33,0.13,0.17,0.21
2018-08-23,no hay direccion,0.28,0.31,0.45,0.23,0.09,0.29,0.01
2018-08-24,no hay direccion,0.47,0.33,0.31,0.47,0.25,0.14,0.09
2018-08-25,no hay direccion,0.47,0.42,0.46,0.03,0.38,0.27,0.31
2018-08-26,no hay direccion,0.22,0.06,0.08,0.26,0.46,0.28,0.28
2018-08-27,no hay direccion,0.21,0.21,0.18,0.19,0.04,0.18,0.39
2018-08-28,no hay direccion,0.2,0.1,0.41,0.23,0.39,0.17,0.19
2018-08-29,no hay direccion,0.33,0.29,0.18,0.24,0.45,0.04,0.36
2018-08-30,no hay direccion,0.02,0.23,0.36,0.26,0.08,0.46,0.28
2018-08-31,no hay direccion,0.24,0.23,0.4,0.01,0.24,0.21,0.37
2018-09-01,no hay direccion,0.35,0.49,0.15,0.42,0.24,0.4,0.41
2018-09-02,no hay direccion,0.42,0.33,0.07,0.44,0.07,0.36,0.23
2018-09-03,no hay direccion,0.02,0.12,0.24,0.1,0.24,0.25,0.21
2018-09-04,no hay direccion,0.42,0.47,0.24,0.21,0.17,0.08,0.29
2018-09-05,no hay direccion,0.29,0.02,0.44,0.05,0.21,0.25,0.46
2018-09-06,no hay direccion,0.31,0.42,0.09,0.3,0.42,0.01,0.03
2018-09-07,no hay direccion,0.06,0.2,0.21,0.3,0.39,0.46,0.18
2018-09-08,no hay direccion,0.35,0.42,0.03,0.37,0.38,0.1,0.1
2018-09-09,no hay direccion,0.08,0.29,0.11,0.04,0.49,0.33,0.41
2018-09-10,no hay direccion,0.16,0.16,0.49,0.12,0.06,0.49,0.34
2018-09-11,no hay direccion,0.1,0.02,0.18,0.39,0.04,0.35,0.03
2018-09-12,no hay direccion,0.24,0.37,0.44,0.08,0.24,0.32,0.22
2018-09-13,no hay direccion,0.01,0.28,0.22,0.1,0.15,0.35,0.34
2018-09-14,no hay direccion,0.26,0.25,0.22,0.02,0.47,0.16,0.3
2018-09-15,no hay direccion,0.11,0.4,0.18,0.31,0.38,0.21,0.41
2018-09-16,no hay direccion,0.08,0.17,0.02,0.46,0.28,0.04,0.21
2018-09-17,no hay direccion,0.18,0.49,0.46,0.48,0.43,0.06,0.23
2018-09-18,no hay direccion,0.27,0.05,0.46,0.2,0.22,0.05,0.48
2018-09-19,no hay direccion,0.11,0.25,0.15,0.45,0.17,0.49,0.02
2018-09-20,no hay direccion,0.17,0.35,0.09,0.13,0.26,0.13,0.43
2018-09-21,no hay direccion,0.17,0.01,0.12,0.14,0.49,0.01,0.3
2018-09-22,no hay direccion,0.23,0.43,0.29,0.38,0.5,0.38,0.41
2018-09-23,no hay direccion,0.15,0.33,0.45,0.17,0.01,0.27,0.21
2018-09-24,no hay direccion,0.14,0.35,0.02,0.27,0.02,0.08,0.17
2018-09-25,no hay direccion,0.22,0.11,0.28,0.37,0.48,0.01,0.24
2018-09-26,no hay direccion,0.42,0.17,0.02,0.03,0.16,0.33,0.21
2018-09-27,no hay direccion,0.41,0.49,0.37,0.26,0.2,0.48,0.15
2018-09-28,no hay direccion,0.06,0.2,0.2,0.31,0.37,0.47,0.44
2018-09-29,no hay direccion,0.14,0.33,0.45,0.19,0.01,0.49,0.15
2018-09-30,no hay direccion,0.11,0.11,0.08,0.0,0.4,0.15,0.43
2018-10-01,no hay direccion,0.05,0.29,0.01,0.36,0.41,0.45,0.02
2018-10-02,no hay direccion,0.37,0.17,0.04,0.09,0.19,0.4,0.22
2018-10-03,no hay direccion,0.33,0.49,0.35,0.48,0.42,0.23,0.29
2018-10-04,no hay direccion,0.11,0.23,0.3,0.17,0.45,0.0,0.45
2018-10-05,no hay direccion,0.18,0.19,0.35,0.0,0.13,0.31,0.21
2018-10-06,no hay direccion,0.04,0.28,0.06,0.28,0.33,0.04,0.07
2018-10-07,no hay direccion,0.41,0.35,0.18,0.5,0.48,0.44,0.05
2018-10-08,no hay direccion,0.33,0.27,0.5,0.43,0.13,0.27,0.32
2018-10-09,no hay direccion,0.17,0.12,0.28,0.23,0.14,0.22,0.28
2018-10-10,no hay direccion,0.18,0.04,0.14,0.34,0.18,0.04,0.29
2018-10-11,no hay direccion,0.37,0.23,0.07,0.2,0.37,0.21,0.49
2018-10-12,no hay direccion,0.11,0.4,0.31,0.48,0.35,0.26,0.42
2018-10-13,no hay direccion,0.02,0.42,0.05,0.07,0.24,0.13,0.05
2018-10-14,no hay direccion,0.07,0.17,0.2,0.22,0.18,0.27,0.45
2018-10-15,no hay direccion,0.11,0.21,0.04,0.01,0.02,0.19,0.32
2018-10-16,no hay direccion,0.29,0.08,0.16,0.06,0.2,0.14,0.34
2018-10-17,no hay direccion,0.04,0.36,0.01,0.46,0.01,0.47,0.17
2018-10-18,no hay direccion,0.49,0.05,0.36,0.21,0.36,0.23,0.32
2018-10-19,no hay direccion,0.42,0.5,0.34,0.03,0.46,0.4,0.07
2018-10-20,no hay direccion,0.26,0.31,0.3,0.48,0.4,0.23,0.35
2018-10-21,no hay direccion,0.03,0.01,0.27,0.36,0.08,0.31,0.08
2018-10-22,no hay direccion,0.07,0.22,0.27,0.19,0.1,0.19,0.2
2018-10-23,no hay direccion,0.46,0.16,0.15,0.07,0.08,0.18,0.45
2018-10-24,no hay direccion,0.14,0.37,0.13,0.26,0.23,0.02,0.37
2018-10-25,no hay direccion,0.12,0.37,0.25,0.43,0.34,0.43,0.48
2018-10-26,no hay direccion,0.32,0.21,0.45,0.43,0.36,0.31,0.45
2018-10-27,no hay direccion,0.49,0.01,0.47,0.15,0.36,0.28,0.06
2018-10-28,no hay direccion,0.03,0.42,0.29,0.11,0.48,0.37,0.15
2018-10-29,no hay direccion,0.49,0.3,0.14,0.13,0.06,0.37,0.06
2018-10-30,no hay direccion,0.24,0.15,0.15,0.31,0.02,0.45,0.45
2018-10-31,no hay direccion,0.24,0.26,0.14,0.39,0.05,0.22,0.12
2018-11-01,no hay direccion,0.08,0.42,0.21,0.24,0.14,0.17,0.29
2018-11-02,no hay direccion,0.26,0.36,0.14,0.34,0.25,0.44,0.38
2018-11-03,no hay direccion,0.25,0.06,0.06,0.23,0.42,0.01,0.15
2018-11-04,no hay direccion,0.37,0.02,0.15,0.14,0.38,0.1,0.37
2018-11-05,no hay direccion,0.18,0.14,0.37,0.03,0.03,0.21,0.06
2018-11-06,no hay direccion,0.38,0.49,0.2,0.31,0.07,0.1,0.29
2018-11-07,no hay direccion,0.4,0.2,0.4,0.16,0.44,0.26,0.16
2018-11-08,no hay direccion,0.04,0.21,0.4,0.14,0.22,0.09,0.04
2018-11-09,no hay direccion,0.45,0.43,0.22,0.03,0.42,0.38,0.18
2018-11-10,no hay direccion,0.06,0.07,0.09,0.34,0.37,0.14,0.05
2018-11-11,no hay direccion,0.08,0.34,0.01,0.27,0.18,0.33,0.39
2018-11-12,no hay direccion,0.12,0.26,0.12,0.03,0.18,0.01,0.09
2018-11-13,no hay direccion,0.39,0.03,0.21,0.02,0.43,0.05,0.22
2018-11-14,no hay direccion,0.05,0.23,0.24,0.44,0.05,0.05,0.48
2018-11-15,no hay direccion,0.28,0.27,0.44,0.4,0.29,0.38,0.19
2018-11-16,no hay direccion,0.49,0.49,0.09,0.25,0.13,0.45,0.12
2018-11-17,no hay direccion,0.04,0.01,0.34,0.29,0.31,0.02,0.02
2018-11-18,no hay direccion,0.17,0.11,0.19,0.32,0.08,0.16,0.04
2018-11-19,no hay direccion,0.04,0.41,0.39,0.44,0.41,0.24,0.08
2018-11-20,no hay direccion,0.1,0.12,0.11,0.35,0.35,0.42,0.24
2018-11-21,no hay direccion,0.43,0.09,0.49,0.39,0.19,0.14,0.38
2018-11-22,no hay direccion,0.15,0.03,0.22,0.33,0.3,0.47,0.1
2018-11-23,no hay direccion,0.5,0.4,0.47,0.35,0.09,0.16,0.02
2018-11-24,no hay direccion,0.2,0.49,0.19,0.27,0.17,0.05,0.38
2018-11-25,no hay direccion,0.18,0.13,0.18,0.2,0.32,0.07,0.29
2018-11-26,no hay direccion,0.22,0.08,0.42,0.26,0.08,0.07,0.0
2018-11-27,no hay direccion,0.2,0.46,0.34,0.49,0.12,0.17,0.44
2018-11-28,no hay direccion,0.43,0.35,0.03,0.35,0.25,0.25,0.03
2018-11-29,no hay direccion,0.04,0.01,0.46,0.1,0.32,0.46,0.1
2018-11-30,no hay direccion,0.2,0.13,0.41,0.21,0.19,0.18,0.3
2018-12-01,no hay direccion,0.15,0.28,0.45,0.01,0.23,0.08,0.15
2018-12-02,no hay direccion,0.18,0.01,0.24,0.16,0.47,0.14,0.01
2018-12-03,no hay direccion,0.07,0.42,0.27,0.39,0.28,0.43,0.04
2018-12-04,no hay direccion,0.5,0.32,0.45,0.16,0.25,0.2,0.17
2018-12-05,no hay direccion,0.1,0.37,0.3,0.29,0.48,0.24,0.41
2018-12-06,no hay direccion,0.28,0.31,0.01,0.08,0.03,0.29,0.02
2018-12-07,no hay direccion,0.49,0.16,0.13,0.06,0.16,0.02,0.43
2018-12-08,no hay direccion,0.2,0.44,0.07,0.39,0.2,0.46,0.19
2018-12-09,no hay direccion,0.39,0.01,0.18,0.33,0.11,0.31,0.21
2018-12-10,no hay direccion,0.12,0.47,0.42,0.04,0.3,0.46,0.33
2018-12-11,no hay direccion,0.3,0.31,0.07,0.49,0.1,0.49,0.48
2018-12-12,no hay direccion,0.11,0.2,0.21,0.14,0.04,0.24,0.04
2018-12-13,no hay direccion,0.43,0.48,0.25,0.0,0.17,0.32,0.27
2018-12-14,no hay direccion,0.25,0.19,0.32,0.49,0.44,0.33,0.16
2018-12-15,no hay direccion,0.27,0.25,0.24,0.16,0.33,0.04,0.3
2018-12-16,no hay direccion,0.49,0.01,0.32,0.07,0.27,0.44,0.03
2018-12-17,no hay direccion,0.24,0.39,0.46,0.29,0.23,0.1,0.06
2018-12-18,no hay direccion,0.25,0.35,0.29,0.03,0.33,0.45,0.23
2018-12-19,no hay direccion,0.28,0.34,0.05,0.16,0.32,0.24,0.16
2018-12-20,no hay direccion,0.22,0.43,0.06,0.06,0.24,0.44,0.23
2018-12-21,no hay direccion,0.15,0.37,0.19,0.16,0.37,0.19,0.15
2018-12-22,no hay direccion,0.36,0.41,0.3,0.39,0.09,0.34,0.48
2018-12-23,no hay direccion,0.14,0.3,0.33,0.41,0.23,0.17,0.36
2018-12-24,no hay direccion,0.03,0.45,0.33,0.49,0.07,0.31,0.4
2018-12-25,no hay direccion,0.2,0.26,0.21,0.28,0.07,0.03,0.1
2018-12-26,no hay direccion,0.2,0.44,0.41,0.48,0.0,0.39,0.09
2018-12-27,no hay direccion,0.27,0.15,0.41,0.01,0.16,0.25,0.49
2018-12-28,no hay direccion,0.32,0.03,0.21,0.01,0.12,0.23,0.19
2018-12-29,no hay direccion,0.37,0.41,0.32,0.49,0.22,0.13,0.17
2018-12-30,no hay direccion,0.39,0.11,0.43,0.29,0.31,0.45,0.18
2018-12-31,no hay direccion,0.25,0.49,0.42,0.02,0.43,0.07,0.21
2019-01-01,no hay direccion,0.14,0.02,0.44,0.2,0.21,0.23,0.43
2019-01-02,no hay direccion,0.31,0.34,0.39,0.1,0.09,0.03,0.17
2019-01-03,no hay direccion,0.27,0.37,0.48,0.14,0.24,0.17,0.14
2019-01-04,no hay direccion,0.01,0.39,0.06,0.01,0.4,0.05,0.04
2019-01-05,no hay direccion,0.03,0.11,0.3,0.46,0.04,0.13,0.45
2019-01-06,no hay direccion,0.42,0.15,0.22,0.45,0.39,0.05,0.32
2019-01-07,no hay direccion,0.13,0.45,0.15,0.39,0.0,0.29,0.47
2019-01-08,no hay direccion,0.26,0.2,0.11,0.27,0.19,0.11,0.22
2019-01-09,no hay direccion,0.47,0.23,0.2,0.06,0.35,0.08,0.45
2019-01-10,no hay direccion,0.45,0.04,0.01,0.35,0.23,0.08,0.12
2019-01-11,no hay direccion,0.23,0.31,0.42,0.34,0.17,0.22,0.19
2019-01-12,no hay direccion,0.03,0.27,0.22,0.3,0.5,0.31,0.47
2019-01-13,no hay direccion,0.11,0.25,0.27,0.06,0.43,0.0,0.25
2019-01-14,zona miraflores,0.03,0.45,0.32,0.37,0.21,0.79,0.27
2019-01-15,no hay direccion,0.21,0.42,0.44,0.39,0.26,0.24,0.17
2019-01-16,no hay direccion,0.35,0.08,0.29,0.08,0.25,0.03,0.11
2019-01-17,no hay direccion,0.05,0.13,0.2,0.18,0.33,0.18,0.17
2019-01-18,colomi,0.34,0.19,0.45,0.6,0.46,0.09,0.19
2019-01-19,no hay direccion,0.4,0.17,0.38,0.39,0.42,0.09,0.43
2019-01-20,no hay direccion,0.45,0.01,0.09,0.05,0.0,0.03,0.25
2019-01-21,no hay direccion,0.46,0.1,0.1,0.16,0.28,0.2,0.19
2019-01-22,no hay direccion,0.32,0.45,0.2,0.46,0.13,0.41,0.36
2019-01-23,no hay direccion,0.27,0.3,0.5,0.24,0.21,0.2,0.23
2019-01-24,no hay direccion,0.22,0.12,0.32,0.38,0.46,0.24,0.2
2019-01-25,no hay direccion,0.14,0.5,0.47,0.12,0.35,0.23,0.05
2019-01-26,no hay direccion,0.08,0.41,0.3,0.06,0.02,0.0,0.34
2019-01-27,no hay direccion,0.39,0.4,0.09,0.21,0.07,0.3,0.29
2019-01-28,no hay direccion,0.32,0.21,0.09,0.16,0.22,0.2,0.27
2019-01-29,no hay direccion,0.21,0.47,0.22,0.35,0.04,0.02,0.41
2019-01-30,no hay direccion,0.41,0.3,0.11,0.14,0.35,0.33,0.14
2019-01-31,no hay direccion,0.08,0.22,0.32,0.34,0.5,0.15,0.19
2019-02-01,no hay direccion,0.14,0.34,0.38,0.2,0.23,0.02,0.18
2019-02-02,no hay direccion,0.2,0.25,0.09,0.31,0.14,0.14,0.09
2019-02-03,no hay direccion,0.46,0.37,0.18,0.07,0.37,0.03,0.32
2019-02-04,no hay direccion,0.02,0.3,0.34,0.05,0.24,0.46,0.32
2019-02-05,no hay direccion,0.21,0.22,0.2,0.38,0.11,0.22,0.06
2019-02-06,no hay direccion,0.22,0.45,0.4,0.07,0.1,0.08,0.24
2019-02-07,no hay direccion,0.19,0.18,0.23,0.1,0.12,0.11,0.22
2019-02-08,no hay direccion,0.3,0.16,0.25,0.16,0.47,0.06,0.27
2019-02-09,no hay direccion,0.43,0.45,0.47,0.22,0.47,0.05,0.09
2019-02-10,no hay direccion,0.05,0.25,0.44,0.38,0.18,0.29,0.17
2019-02-11,no hay direccion,0.16,0.3,0.03,0.18,0.23,0.36,0.43
2019-02-12,no hay direccion,0.33,0.16,0.42,0.4,0.46,0.1,0.29
2019-02-13,rio la paz,0.37,0.09,0.67,0.41,0.08,0.34,0.39
2019-02-13,urbanizacion condores lacota,0.3,0.27,0.09,0.74,0.29,0.29,0.17
2019-02-13,mallasa,0.39,0.08,0.4,0.84,0.47,0.4,0.4
2019-02-14,no hay direccion,0.01,0.44,0.35,0.3,0.07,0.2,0.03
2019-02-15,rio aruntaya-irpavi,0.22,0.21,0.48,0.27,0.05,0.25,0.83
2019-02-15,villa victoria,0.48,0.47,0.94,0.29,0.43,0.37,0.43
2019-02-16,no hay direccion,0.12,0.03,0.21,0.14,0.04,0.16,0.03
2019-02-17,no hay direccion,0.39,0.3,0.25,0.25,0.45,0.02,0.13
2019-02-18,no hay direccion,0.26,0.32,0.04,0.43,0.09,0.16,0.15
2019-02-19,no hay direccion,0.48,0.35,0.26,0.26,0.14,0.18,0.21
2019-02-20,el rosal-llojeta,0.41,0.12,0.49,0.56,0.35,0.17,0.44
2019-02-21,no hay direccion,0.37,0.18,0.28,0.11,0.44,0.02,0.2
2019-02-22,no hay direccion,0.11,0.34,0.4,0.08,0.48,0.38,0.25
2019-02-23,no hay direccion,0.23,0.37,0.17,0.13,0.25,0.36,0.34
2019-02-24,no hay direccion,0.11,0.27,0.0,0.37,0.44,0.03,0.46
2019-02-25,no hay direccion,0.44,0.28,0.23,0.13,0.46,0.26,0.04
2019-02-26,no hay direccion,0.01,0.23,0.07,0.25,0.32,0.19,0.47
2019-02-27,no hay direccion,0.1,0.31,0.22,0.36,0.15,0.21,0.01
2019-02-28,no hay direccion,0.44,0.11,0.35,0.07,0.19,0.23,0.2
2019-03-01,no hay direccion,0.09,0.17,0.36,0.4,0.49,0.08,0.13
2019-03-02,no hay direccion,0.09,0.12,0.35,0.28,0.28,0.11,0.23
2019-03-03,no hay direccion,0.03,0.27,0.1,0.09,0.01,0.49,0.08
2019-03-04,no hay direccion,0.14,0.1,0.09,0.19,0.28,0.01,0.42
2019-03-05,no hay direccion,0.12,0.31,0.28,0.14,0.21,0.04,0.06
2019-03-06,no hay direccion,0.28,0.14,0.13,0.22,0.38,0.42,0.38
2019-03-07,no hay direccion,0.1,0.39,0.43,0.05,0.08,0.13,0.12
2019-03-08,no hay direccion,0.48,0.38,0.28,0.33,0.1,0.09,0.09
2019-03-09,no hay direccion,0.42,0.18,0.27,0.28,0.42,0.37,0.4
2019-03-10,no hay direccion,0.35,0.23,0.49,0.4,0.31,0.33,0.05
2019-03-11,no hay direccion,0.21,0.11,0.34,0.45,0.16,0.44,0.23
2019-03-12,no hay direccion,0.07,0.4,0.17,0.04,0.4,0.03,0.21
2019-03-13,no hay direccion,0.16,0.0,0.25,0.05,0.24,0.34,0.35
2019-03-14,no hay direccion,0.09,0.44,0.08,0.16,0.03,0.18,0.02
2019-03-15,no hay direccion,0.4,0.49,0.32,0.31,0.02,0.11,0.17
2019-03-16,no hay direccion,0.18,0.05,0.12,0.4,0.45,0.1,0.19
2019-03-17,no hay direccion,0.34,0.16,0.38,0.06,0.39,0.46,0.33
2019-03-18,no hay direccion,0.08,0.05,0.15,0.38,0.27,0.21,0.27
2019-03-19,no hay direccion,0.11,0.4,0.11,0.15,0.49,0.33,0.07
2019-03-20,no hay direccion,0.09,0.43,0.44,0.2,0.25,0.41,0.33
2019-03-21,no hay direccion,0.34,0.3,0.11,0.03,0.35,0.44,0.25
2019-03-22,no hay direccion,0.31,0.22,0.34,0.41,0.36,0.17,0.27
2019-03-23,no hay direccion,0.25,0.41,0.36,0.16,0.07,0.08,0.44
2019-03-24,no hay direccion,0.05,0.12,0.17,0.14,0.49,0.35,0.41
2019-03-25,no hay direccion,0.06,0.49,0.32,0.33,0.31,0.13,0.34
2019-03-26,no hay direccion,0.25,0.19,0.15,0.11,0.22,0.19,0.11
2019-03-27,no hay direccion,0.24,0.04,0.18,0.16,0.49,0.44,0.11
2019-03-28,no hay direccion,0.26,0.21,0.37,0.37,0.39,0.46,0.05
2019-03-29,no hay direccion,0.25,0.42,0.28,0.32,0.35,0.35,0.25
2019-03-30,no hay direccion,0.16,0.45,0.47,0.47,0.16,0.11,0.0
2019-03-31,no hay direccion,0.29,0.43,0.15,0.14,0.32,0.37,0.1
2019-04-01,no hay direccion,0.21,0.12,0.13,0.18,0.1,0.18,0.08
2019-04-02,no hay direccion,0.08,0.21,0.37,0.15,0.07,0.33,0.3
2019-04-03,no hay direccion,0.41,0.15,0.32,0.43,0.21,0.22,0.48
2019-04-04,no hay direccion,0.17,0.01,0.22,0.27,0.0,0.22,0.46
2019-04-05,no hay direccion,0.23,0.27,0.03,0.32,0.07,0.35,0.38
2019-04-06,no hay direccion,0.11,0.15,0.25,0.37,0.49,0.06,0.4
2019-04-07,no hay direccion,0.42,0.31,0.34,0.12,0.16,0.41,0.49
2019-04-08,no hay direccion,0.46,0.3,0.3,0.25,0.01,0.21,0.16
2019-04-09,no hay direccion,0.34,0.32,0.46,0.39,0.11,0.17,0.17
2019-04-10,no hay direccion,0.09,0.12,0.47,0.33,0.28,0.47,0.31
2019-04-11,no hay direccion,0.36,0.29,0.21,0.2,0.47,0.45,0.08
2019-04-12,no hay direccion,0.23,0.33,0.39,0.18,0.48,0.38,0.18
2019-04-13,no hay direccion,0.43,0.18,0.34,0.03,0.05,0.21,0.08
2019-04-14,no hay direccion,0.11,0.33,0.17,0.15,0.08,0.06,0.21
2019-04-15,no hay direccion,0.5,0.02,0.0,0.45,0.28,0.4,0.12
2019-04-16,no hay direccion,0.03,0.39,0.42,0.43,0.16,0.27,0.22
2019-04-17,no hay direccion,0.31,0.36,0.37,0.33,0.41,0.49,0.16
2019-04-18,no hay direccion,0.15,0.4,0.06,0.08,0.29,0.12,0.21
2019-04-19,no hay direccion,0.4,0.22,0.37,0.49,0.35,0.39,0.04
2019-04-20,no hay direccion,0.01,0.03,0.42,0.49,0.3,0.44,0.43
2019-04-21,no hay direccion,0.4,0.02,0.22,0.09,0.28,0.11,0.02
2019-04-22,no hay direccion,0.0,0.2,0.3,0.47,0.14,0.09,0.0
2019-04-23,no hay direccion,0.36,0.48,0.05,0.07,0.04,0.02,0.03
2019-04-24,no hay direccion,0.25,0.47,0.28,0.11,0.39,0.14,0.28
2019-04-25,no hay direccion,0.34,0.02,0.36,0.47,0.19,0.39,0.06
2019-04-26,no hay direccion,0.28,0.11,0.13,0.16,0.15,0.01,0.5
2019-04-27,no hay direccion,0.35,0.31,0.04,0.21,0.18,0.07,0.13
2019-04-28,no hay direccion,0.13,0.36,0.18,0.07,0.39,0.08,0.32
2019-04-29,no hay direccion,0.13,0.4,0.15,0.35,0.49,0.12,0.14
2019-04-30,san jorge-kantutani,0.41,0.34,0.37,0.63,0.36,0.04,0.2
2019-04-30,zona inmaculada concepcion,0.4,0.35,0.01,0.62,0.13,0.17,0.25
2019-05-01,no hay direccion,0.17,0.47,0.07,0.4,0.14,0.04,0.41
2019-05-02,no hay direccion,0.41,0.02,0.31,0.1,0.11,0.09,0.29
2019-05-03,no hay direccion,0.39,0.11,0.3,0.48,0.39,0.33,0.43
2019-05-04,no hay direccion,0.07,0.41,0.03,0.4,0.43,0.26,0.39
2019-05-05,no hay direccion,0.16,0.17,0.18,0.19,0.39,0.41,0.34
2019-05-06,no hay direccion,0.27,0.35,0.27,0.16,0.15,0.38,0.5
2019-05-07,no hay direccion,0.05,0.33,0.18,0.33,0.12,0.14,0.16
2019-05-08,no hay direccion,0.28,0.26,0.27,0.32,0.16,0.28,0.47
2019-05-09,no hay direccion,0.14,0.17,0.11,0.24,0.38,0.21,0.44
2019-05-10,no hay direccion,0.41,0.49,0.33,0.23,0.45,0.2,0.18
2019-05-11,no hay direccion,0.25,0.01,0.15,0.44,0.21,0.41,0.07
2019-05-12,no hay direccion,0.32,0.37,0.28,0.31,0.04,0.01,0.14
2019-05-13,no hay direccion,0.02,0.08,0.21,0.08,0.22,0.31,0.25
2019-05-14,no hay direccion,0.21,0.14,0.24,0.47,0.47,0.23,0.13
2019-05-15,no hay direccion,0.11,0.25,0.42,0.26,0.46,0.45,0.31
2019-05-16,no hay direccion,0.07,0.28,0.03,0.15,0.27,0.36,0.25
2019-05-17,no hay direccion,0.36,0.26,0.04,0.5,0.12,0.19,0.32
2019-05-18,no hay direccion,0.17,0.44,0.44,0.19,0.3,0.02,0.21
2019-05-19,no hay direccion,0.5,0.13,0.45,0.5,0.28,0.2,0.14
2019-05-20,no hay direccion,0.09,0.11,0.31,0.43,0.42,0.24,0.43
2019-05-21,no hay direccion,0.38,0.25,0.11,0.35,0.44,0.21,0.1
2019-05-22,no hay direccion,0.13,0.35,0.15,0.45,0.34,0.06,0.14
2019-05-23,no hay direccion,0.19,0.49,0.4,0.29,0.08,0.19,0.24
2019-05-24,no hay direccion,0.34,0.05,0.2,0.15,0.04,0.47,0.0
2019-05-25,no hay direccion,0.04,0.04,0.21,0.32,0.33,0.4,0.13
2019-05-26,no hay direccion,0.06,0.21,0.29,0.48,0.49,0.22,0.3
2019-05-27,no hay direccion,0.01,0.27,0.0,0.1,0.08,0.45,0.33
2019-05-28,no hay direccion,0.15,0.24,0.02,0.39,0.37,0.15,0.45
2019-05-29,no hay direccion,0.26,0.46,0.4,0.31,0.4,0.01,0.37
2019-05-30,no hay direccion,0.23,0.2,0.28,0.19,0.4,0.24,0.06
2019-05-31,no hay direccion,0.18,0.36,0.4,0.26,0.33,0.34,0.29
2019-06-01,no hay direccion,0.34,0.12,0.26,0.35,0.28,0.13,0.27
2019-06-02,no hay direccion,0.06,0.47,0.04,0.03,0.39,0.32,0.26
2019-06-03,no hay direccion,0.02,0.35,0.42,0.25,0.11,0.47,0.16
2019-06-04,no hay direccion,0.45,0.16,0.1,0.05,0.27,0.08,0.47
2019-06-05,no hay direccion,0.36,0.05,0.11,0.32,0.42,0.09,0.19
2019-06-06,no hay direccion,0.33,0.06,0.42,0.14,0.03,0.28,0.43
2019-06-07,no hay direccion,0.08,0.0,0.41,0.08,0.29,0.24,0.11
2019-06-08,no hay direccion,0.21,0.33,0.46,0.2,0.48,0.19,0.47
2019-06-09,no hay direccion,0.16,0.37,0.27,0.43,0.15,0.38,0.24
2019-06-10,no hay direccion,0.08,0.41,0.23,0.36,0.25,0.18,0.34
2019-06-11,no hay direccion,0.12,0.1,0.03,0.34,0.31,0.15,0.04
2019-06-12,no hay direccion,0.07,0.32,0.17,0.02,0.49,0.1,0.2
2019-06-13,no hay direccion,0.42,0.18,0.21,0.22,0.31,0.06,0.5
2019-06-14,no hay direccion,0.31,0.18,0.32,0.14,0.19,0.19,0.1
2019-06-15,no hay direccion,0.23,0.08,0.06,0.11,0.13,0.04,0.48
2019-06-16,no hay direccion,0.36,0.07,0.16,0.4,0.37,0.42,0.01
2019-06-17,no hay direccion,0.31,0.17,0.05,0.46,0.49,0.23,0.45
2019-06-18,no hay direccion,0.27,0.29,0.37,0.41,0.14,0.11,0.27
2019-06-19,no hay direccion,0.23,0.17,0.02,0.4,0.1,0.12,0.19
2019-06-20,no hay direccion,0.2,0.43,0.21,0.18,0.33,0.48,0.32
2019-06-21,no hay direccion,0.39,0.38,0.39,0.22,0.5,0.48,0.44
2019-06-22,no hay direccion,0.03,0.38,0.42,0.16,0.44,0.02,0.35
2019-06-23,no hay direccion,0.36,0.25,0.03,0.15,0.48,0.09,0.21
2019-06-24,no hay direccion,0.0,0.08,0.45,0.04,0.33,0.47,0.25
2019-06-25,no hay direccion,0.23,0.16,0.14,0.16,0.14,0.06,0.39
2019-06-26,no hay direccion,0.32,0.14,0.14,0.1,0.34,0.44,0.39
2019-06-27,no hay direccion,0.29,0.29,0.2,0.26,0.13,0.0,0.04
2019-06-28,no hay direccion,0.0,0.17,0.05,0.34,0.18,0.48,0.06
2019-06-29,no hay direccion,0.33,0.22,0.37,0.17,0.21,0.48,0.27
2019-06-30,no hay direccion,0.15,0.28,0.42,0.03,0.43,0.17,0.25
2019-07-01,no hay direccion,0.18,0.06,0.44,0.21,0.37,0.08,0.32
2019-07-02,no hay direccion,0.13,0.16,0.44,0.43,0.27,0.19,0.38
2019-07-03,no hay direccion,0.36,0.02,0.39,0.23,0.23,0.23,0.07
2019-07-04,no hay direccion,0.48,0.28,0.44,0.14,0.48,0.15,0.1
2019-07-05,no hay direccion,0.39,0.39,0.02,0.25,0.12,0.46,0.43
2019-07-06,no hay direccion,0.34,0.18,0.06,0.1,0.14,0.39,0.11
2019-07-07,no hay direccion,0.46,0.05,0.02,0.03,0.22,0.06,0.1
2019-07-08,no hay direccion,0.01,0.31,0.46,0.4,0.47,0.06,0.25
2019-07-09,no hay direccion,0.2,0.45,0.03,0.49,0.49,0.13,0.02
2019-07-10,no hay direccion,0.37,0.24,0.2,0.36,0.34,0.42,0.24
2019-07-11,no hay direccion,0.24,0.2,0.14,0.31,0.43,0.02,0.38
2019-07-12,no hay direccion,0.09,0.46,0.4,0.03,0.42,0.18,0.01
2019-07-13,no hay direccion,0.34,0.07,0.01,0.41,0.36,0.12,0.23
2019-07-14,no hay direccion,0.05,0.34,0.04,0.14,0.1,0.14,0.18
2019-07-15,no hay direccion,0.35,0.33,0.39,0.14,0.07,0.39,0.3
2019-07-16,no hay direccion,0.21,0.28,0.08,0.2,0.09,0.31,0.16
2019-07-17,no hay direccion,0.41,0.43,0.24,0.29,0.12,0.23,0.25
2019-07-18,no hay direccion,0.22,0.2,0.5,0.45,0.19,0.48,0.13
2019-07-19,no hay direccion,0.34,0.3,0.26,0.13,0.41,0.49,0.14
2019-07-20,no hay direccion,0.42,0.46,0.16,0.32,0.41,0.14,0.36
2019-07-21,no hay direccion,0.23,0.21,0.04,0.24,0.0,0.01,0.4
2019-07-22,no hay direccion,0.07,0.32,0.35,0.47,0.27,0.15,0.2
2019-07-23,no hay direccion,0.16,0.02,0.02,0.3,0.48,0.34,0.17
2019-07-24,no hay direccion,0.22,0.09,0.38,0.23,0.13,0.16,0.4
2019-07-25,no hay direccion,0.13,0.08,0.41,0.27,0.29,0.36,0.46
2019-07-26,no hay direccion,0.39,0.26,0.31,0.06,0.18,0.23,0.04
2019-07-27,no hay direccion,0.37,0.4,0.17,0.07,0.35,0.26,0.34
2019-07-28,no hay direccion,0.09,0.32,0.3,0.18,0.15,0.16,0.38
2019-07-29,no hay direccion,0.43,0.27,0.29,0.42,0.09,0.34,0.15
2019-07-30,no hay direccion,0.37,0.44,0.1,0.44,0.38,0.09,0.17
2019-07-31,no hay direccion,0.15,0.41,0.34,0.5,0.34,0.39,0.39
2019-08-01,no hay direccion,0.02,0.05,0.46,0.09,0.29,0.02,0.46
2019-08-02,no hay direccion,0.06,0.17,0.11,0.45,0.31,0.49,0.0
2019-08-03,no hay direccion,0.08,0.17,0.46,0.28,0.32,0.39,0.02
2019-08-04,no hay direccion,0.28,0.5,0.07,0.01,0.29,0.29,0.43
2019-08-05,no hay direccion,0.38,0.29,0.45,0.06,0.41,0.13,0.23
2019-08-06,no hay direccion,0.21,0.31,0.21,0.11,0.45,0.0,0.48
2019-08-07,no hay direccion,0.2,0.46,0.1,0.42,0.28,0.29,0.29
2019-08-08,no hay direccion,0.35,0.49,0.25,0.25,0.19,0.27,0.01
2019-08-09,no hay direccion,0.19,0.01,0.47,0.37,0.14,0.37,0.49
2019-08-10,no hay direccion,0.2,0.47,0.3,0.26,0.43,0.07,0.23
2019-08-11,no hay direccion,0.04,0.13,0.43,0.22,0.46,0.01,0.48
2019-08-12,no hay direccion,0.49,0.24,0.37,0.45,0.2,0.2,0.34
2019-08-13,no hay direccion,0.03,0.01,0.22,0.35,0.25,0.15,0.17
2019-08-14,no hay direccion,0.37,0.44,0.3,0.24,0.28,0.18,0.06
2019-08-15,no hay direccion,0.0,0.45,0.27,0.21,0.29,0.03,0.4
2019-08-16,no hay direccion,0.04,0.24,0.03,0.25,0.03,0.23,0.13
2019-08-17,no hay direccion,0.43,0.04,0.04,0.25,0.35,0.46,0.41
2019-08-18,no hay direccion,0.0,0.26,0.27,0.43,0.16,0.36,0.04
2019-08-19,no hay direccion,0.48,0.24,0.25,0.15,0.09,0.48,0.33
2019-08-20,no hay direccion,0.14,0.18,0.34,0.04,0.35,0.45,0.28
2019-08-21,no hay direccion,0.14,0.03,0.1,0.47,0.25,0.21,0.48
2019-08-22,no hay direccion,0.28,0.14,0.02,0.34,0.19,0.3,0.48
2019-08-23,no hay direccion,0.17,0.31,0.36,0.21,0.14,0.03,0.01
2019-08-24,no hay direccion,0.22,0.33,0.23,0.36,0.48,0.48,0.05
2019-08-25,no hay direccion,0.1,0.24,0.09,0.32,0.49,0.27,0.45
2019-08-26,no hay direccion,0.02,0.4,0.38,0.2,0.14,0.05,0.29
2019-08-27,no hay direccion,0.06,0.46,0.46,0.2,0.02,0.12,0.29
2019-08-28,no hay direccion,0.36,0.47,0.46,0.14,0.43,0.32,0.45
2019-08-29,no hay direccion,0.28,0.35,0.03,0.45,0.12,0.04,0.2
2019-08-30,no hay direccion,0.18,0.22,0.04,0.26,0.48,0.2,0.09
2019-08-31,no hay direccion,0.05,0.04,0.37,0.44,0.12,0.44,0.31
2019-09-01,no hay direccion,0.38,0.29,0.12,0.07,0.12,0.13,0.4
2019-09-02,no hay direccion,0.23,0.42,0.14,0.12,0.45,0.08,0.25
2019-09-03,no hay direccion,0.09,0.33,0.32,0.48,0.18,0.43,0.49
2019-09-04,no hay direccion,0.06,0.43,0.43,0.11,0.26,0.08,0.13
2019-09-05,no hay direccion,0.09,0.34,0.06,0.15,0.45,0.22,0.3
2019-09-06,no hay direccion,0.43,0.29,0.07,0.42,0.41,0.03,0.29
2019-09-07,no hay direccion,0.06,0.2,0.1,0.05,0.49,0.25,0.4
2019-09-08,no hay direccion,0.42,0.03,0.29,0.35,0.33,0.14,0.11
2019-09-09,no hay direccion,0.5,0.04,0.46,0.28,0.5,0.06,0.17
2019-09-10,no hay direccion,0.38,0.22,0.27,0.19,0.05,0.17,0.49
2019-09-11,no hay direccion,0.14,0.39,0.12,0.44,0.02,0.09,0.49
2019-09-12,no hay direccion,0.19,0.28,0.47,0.2,0.03,0.21,0.29
2019-09-13,no hay direccion,0.28,0.25,0.49,0.49,0.01,0.19,0.04
2019-09-14,no hay direccion,0.01,0.27,0.03,0.21,0.16,0.34,0.04
2019-09-15,no hay direccion,0.32,0.11,0.1,0.37,0.32,0.18,0.4
2019-09-16,no hay direccion,0.23,0.2,0.35,0.49,0.11,0.03,0.18
2019-09-17,no hay direccion,0.33,0.28,0.41,0.04,0.13,0.14,0.02
2019-09-18,no hay direccion,0.15,0.26,0.0,0.03,0.36,0.3,0.15
2019-09-19,no hay direccion,0.26,0.16,0.21,0.2,0.26,0.0,0.26
2019-09-20,no hay direccion,0.03,0.12,0.42,0.47,0.21,0.4,0.24
2019-09-21,no hay direccion,0.23,0.32,0.04,0.49,0.39,0.29,0.47
2019-09-22,no hay direccion,0.19,0.47,0.4,0.46,0.14,0.32,0.2
2019-09-23,no hay direccion,0.36,0.0,0.29,0.33,0.45,0.46,0.44
2019-09-24,no hay direccion,0.2,0.23,0.34,0.12,0.17,0.48,0.32
2019-09-25,no hay direccion,0.27,0.1,0.05,0.13,0.47,0.29,0.19
2019-09-26,no hay direccion,0.26,0.03,0.36,0.09,0.14,0.07,0.12
2019-09-27,no hay direccion,0.02,0.11,0.46,0.02,0.21,0.44,0.26
2019-09-28,no hay direccion,0.29,0.42,0.13,0.18,0.11,0.39,0.07
2019-09-29,no hay direccion,0.49,0.38,0.13,0.17,0.38,0.48,0.14
2019-09-30,no hay direccion,0.38,0.47,0.07,0.36,0.08,0.14,0.19
2019-10-01,no hay direccion,0.29,0.35,0.36,0.03,0.03,0.2,0.42
2019-10-02,zona miraflores,0.13,0.64,0.28,0.2,0.2,0.37,0.2
2019-10-03,no hay direccion,0.08,0.16,0.38,0.48,0.12,0.45,0.26
2019-10-04,no hay direccion,0.38,0.23,0.44,0.15,0.08,0.35,0.41
2019-10-05,no hay direccion,0.17,0.48,0.29,0.44,0.01,0.29,0.19
2019-10-06,no hay direccion,0.08,0.06,0.16,0.12,0.39,0.34,0.15
2019-10-07,no hay direccion,0.2,0.46,0.45,0.04,0.46,0.31,0.25
2019-10-08,no hay direccion,0.0,0.35,0.35,0.01,0.38,0.24,0.12
2019-10-09,no hay direccion,0.3,0.11,0.43,0.05,0.19,0.3,0.4
2019-10-10,no hay direccion,0.17,0.24,0.02,0.1,0.16,0.41,0.5
2019-10-11,no hay direccion,0.13,0.34,0.22,0.17,0.43,0.14,0.34
2019-10-12,no hay direccion,0.38,0.13,0.49,0.2,0.16,0.44,0.23
2019-10-13,no hay direccion,0.4,0.04,0.01,0.34,0.18,0.04,0.42
2019-10-14,no hay direccion,0.22,0.27,0.42,0.47,0.4,0.02,0.15
2019-10-15,no hay direccion,0.28,0.34,0.37,0.07,0.3,0.15,0.06
2019-10-16,no hay direccion,0.08,0.32,0.38,0.35,0.0,0.32,0.26
2019-10-17,no hay direccion,0.14,0.13,0.36,0.25,0.26,0.38,0.28
2019-10-18,no hay direccion,0.19,0.21,0.29,0.2,0.1,0.2,0.44
2019-10-19,no hay direccion,0.44,0.24,0.35,0.48,0.13,0.18,0.27
2019-10-20,no hay direccion,0.17,0.32,0.4,0.44,0.39,0.21,0.49
2019-10-21,no hay direccion,0.26,0.41,0.34,0.32,0.3,0.03,0.07
2019-10-22,no hay direccion,0.19,0.48,0.34,0.38,0.43,0.12,0.32
2019-10-23,no hay direccion,0.3,0.05,0.19,0.06,0.23,0.42,0.25
2019-10-24,no hay direccion,0.26,0.29,0.31,0.09,0.06,0.08,0.47
2019-10-25,no hay direccion,0.35,0.49,0.13,0.24,0.4,0.18,0.22
2019-10-26,no hay direccion,0.38,0.17,0.04,0.38,0.46,0.06,0.0
2019-10-27,no hay direccion,0.34,0.08,0.34,0.16,0.07,0.32,0.39
2019-10-28,no hay direccion,0.02,0.0,0.36,0.41,0.11,0.25,0.45
2019-10-29,no hay direccion,0.29,0.34,0.11,0.3,0.28,0.14,0.1
2019-10-30,no hay direccion,0.47,0.35,0.29,0.16,0.24,0.49,0.34
2019-10-31,no hay direccion,0.47,0.38,0.36,0.31,0.43,0.35,0.37
2019-11-01,no hay direccion,0.1,0.09,0.35,0.02,0.36,0.08,0.22
2019-11-02,no hay direccion,0.44,0.33,0.01,0.48,0.48,0.39,0.07
2019-11-03,no hay direccion,0.03,0.49,0.02,0.06,0.02,0.48,0.43
2019-11-04,no hay direccion,0.44,0.3,0.24,0.34,0.4,0.48,0.32
2019-11-05,no hay direccion,0.26,0.35,0.14,0.38,0.28,0.5,0.47
2019-11-06,no hay direccion,0.08,0.39,0.05,0.44,0.11,0.21,0.49
2019-11-07,no hay direccion,0.39,0.28,0.15,0.43,0.26,0.09,0.02
2019-11-08,no hay direccion,0.41,0.39,0.09,0.23,0.42,0.25,0.3
2019-11-09,no hay direccion,0.34,0.39,0.05,0.3,0.24,0.38,0.29
2019-11-10,no hay direccion,0.45,0.45,0.06,0.38,0.14,0.04,0.21
2019-11-11,no hay direccion,0.08,0.32,0.26,0.03,0.29,0.05,0.17
2019-11-12,no hay direccion,0.44,0.16,0.1,0.13,0.18,0.3,0.21
2019-11-13,no hay direccion,0.44,0.45,0.09,0.06,0.04,0.45,0.06
2019-11-14,no hay direccion,0.28,0.02,0.38,0.41,0.28,0.23,0.44
2019-11-15,no hay direccion,0.47,0.15,0.49,0.34,0.11,0.49,0.06
2019-11-16,no hay direccion,0.12,0.32,0.36,0.17,0.17,0.14,0.27
2019-11-17,no hay direccion,0.22,0.4,0.17,0.07,0.28,0.39,0.43
2019-11-18,no hay direccion,0.37,0.29,0.47,0.09,0.24,0.5,0.02
2019-11-19,no hay direccion,0.02,0.04,0.23,0.48,0.12,0.46,0.01
2019-11-20,no hay direccion,0.35,0.09,0.04,0.37,0.46,0.41,0.3
2019-11-21,no hay direccion,0.12,0.18,0.36,0.23,0.11,0.33,0.09
2019-11-22,no hay direccion,0.45,0.33,0.11,0.24,0.04,0.26,0.13
2019-11-23,no hay direccion,0.11,0.19,0.11,0.21,0.1,0.23,0.19
2019-11-24,no hay direccion,0.27,0.3,0.4,0.27,0.35,0.07,0.04
2019-11-25,no hay direccion,0.01,0.1,0.47,0.38,0.35,0.11,0.1
2019-11-26,no hay direccion,0.36,0.03,0.22,0.13,0.45,0.27,0.41
2019-11-27,no hay direccion,0.15,0.08,0.28,0.37,0.49,0.43,0.0
2019-11-28,no hay direccion,0.22,0.47,0.08,0.17,0.19,0.43,0.35
2019-11-29,no hay direccion,0.34,0.01,0.39,0.18,0.03,0.24,0.1
2019-11-30,no hay direccion,0.46,0.33,0.21,0.49,0.47,0.3,0.3
2019-12-01,no hay direccion,0.3,0.27,0.38,0.16,0.29,0.19,0.36
2019-12-02,no hay direccion,0.43,0.15,0.26,0.27,0.33,0.06,0.26
2019-12-03,no hay direccion,0.16,0.44,0.43,0.37,0.2,0.35,0.15
2019-12-04,no hay direccion,0.16,0.44,0.34,0.41,0.29,0.2,0.16
2019-12-05,no hay direccion,0.22,0.0,0.41,0.16,0.37,0.18,0.45
2019-12-06,no hay direccion,0.17,0.02,0.13,0.31,0.47,0.15,0.25
2019-12-07,no hay direccion,0.13,0.4,0.32,0.31,0.22,0.03,0.47
2019-12-08,no hay direccion,0.06,0.04,0.23,0.42,0.17,0.08,0.11
2019-12-09,no hay direccion,0.31,0.5,0.38,0.43,0.18,0.01,0.12
2019-12-10,no hay direccion,0.11,0.23,0.01,0.44,0.32,0.04,0.14
2019-12-11,no hay direccion,0.5,0.41,0.19,0.12,0.32,0.27,0.38
2019-12-12,no hay direccion,0.48,0.3,0.16,0.14,0.32,0.07,0.07
2019-12-13,no hay direccion,0.33,0.21,0.45,0.2,0.3,0.08,0.49
2019-12-14,no hay direccion,0.13,0.39,0.45,0.44,0.42,0.05,0.07
2019-12-15,no hay direccion,0.09,0.46,0.04,0.43,0.36,0.24,0.26
2019-12-16,no hay direccion,0.35,0.23,0.1,0.19,0.02,0.18,0.39
2019-12-17,no hay direccion,0.08,0.14,0.15,0.47,0.27,0.27,0.45
2019-12-18,no hay direccion,0.07,0.34,0.25,0.35,0.05,0.22,0.09
2019-12-19,no hay direccion,0.24,0.02,0.01,0.01,0.34,0.38,0.01
2019-12-20,no hay direccion,0.07,0.18,0.06,0.08,0.44,0.4,0.45
2019-12-21,no hay direccion,0.12,0.45,0.43,0.1,0.45,0.2,0.23
2019-12-22,no hay direccion,0.25,0.37,0.44,0.03,0.38,0.36,0.01
2019-12-23,no hay direccion,0.37,0.11,0.38,0.19,0.21,0.25,0.15
2019-12-24,no hay direccion,0.15,0.23,0.05,0.34,0.26,0.15,0.43
2019-12-25,no hay direccion,0.17,0.31,0.31,0.19,0.36,0.1,0.44
2019-12-26,no hay direccion,0.13,0.27,0.3,0.46,0.06,0.04,0.46
2019-12-27,no hay direccion,0.12,0.14,0.04,0.43,0.46,0.21,0.19
2019-12-28,no hay direccion,0.46,0.39,0.5,0.34,0.14,0.06,0.47
2019-12-29,no hay direccion,0.02,0.02,0.22,0.2,0.46,0.35,0.43
2019-12-30,no hay direccion,0.37,0.14,0.14,0.19,0.11,0.29,0.1
2019-12-31,no hay direccion,0.07,0.15,0.4,0.3,0.04,0.03,0.08
2020-01-01,no hay direccion,0.15,0.49,0.01,0.29,0.31,0.12,0.14
2020-01-02,no hay direccion,0.24,0.41,0.25,0.25,0.14,0.11,0.21
2020-01-03,no hay direccion,0.2,0.21,0.18,0.42,0.08,0.15,0.31
2020-01-04,no hay direccion,0.17,0.47,0.42,0.34,0.42,0.44,0.49
2020-01-05,no hay direccion,0.22,0.48,0.07,0.02,0.41,0.35,0.07
2020-01-06,zona ovejuyo,0.39,0.41,0.26,0.41,0.22,0.16,0.5
2020-01-07,no hay direccion,0.48,0.1,0.47,0.18,0.31,0.06,0.13
2020-01-08,no hay direccion,0.32,0.16,0.06,0.38,0.07,0.32,0.09
2020-01-09,no hay direccion,0.22,0.17,0.36,0.47,0.21,0.14,0.26
2020-01-10,no hay direccion,0.21,0.11,0.13,0.3,0.06,0.3,0.2
2020-01-11,no hay direccion,0.13,0.12,0.23,0.11,0.08,0.15,0.32
2020-01-12,no hay direccion,0.47,0.2,0.36,0.07,0.39,0.02,0.09
2020-01-13,rio choqueyapu,0.47,0.13,0.88,0.25,0.07,0.24,0.16
2020-01-14,no hay direccion,0.35,0.02,0.23,0.09,0.08,0.39,0.39
2020-01-15,no hay direccion,0.22,0.09,0.1,0.04,0.1,0.27,0.31
2020-01-16,no hay direccion,0.32,0.01,0.13,0.32,0.48,0.22,0.01
2020-01-17,no hay direccion,0.13,0.33,0.46,0.46,0.0,0.24,0.24
2020-01-18,no hay direccion,0.46,0.09,0.4,0.35,0.02,0.13,0.31
2020-01-19,no hay direccion,0.32,0.43,0.33,0.11,0.46,0.47,0.43
2020-01-20,no hay direccion,0.32,0.17,0.4,0.38,0.26,0.34,0.31
2020-01-21,no hay direccion,0.11,0.1,0.15,0.37,0.25,0.19,0.07
2020-01-22,no hay direccion,0.26,0.23,0.34,0.31,0.2,0.35,0.22
2020-01-23,no hay direccion,0.18,0.44,0.1,0.41,0.23,0.15,0.02
2020-01-24,no hay direccion,0.32,0.32,0.3,0.39,0.21,0.06,0.19
2020-01-25,no hay direccion,0.46,0.15,0.33,0.04,0.08,0.31,0.07
2020-01-26,no hay direccion,0.02,0.39,0.35,0.13,0.14,0.01,0.22
2020-01-27,no hay direccion,0.27,0.23,0.07,0.4,0.11,0.02,0.23
2020-01-28,no hay direccion,0.32,0.46,0.42,0.24,0.26,0.47,0.03
2020-01-29,no hay direccion,0.04,0.07,0.24,0.34,0.49,0.48,0.41
2020-01-30,no hay direccion,0.36,0.05,0.31,0.19,0.33,0.27,0.07
2020-01-31,no hay direccion,0.21,0.01,0.35,0.29,0.25,0.41,0.16
2020-02-01,no hay direccion,0.24,0.16,0.3,0.44,0.42,0.46,0.36
2020-02-02,no hay direccion,0.41,0.41,0.11,0.45,0.06,0.12,0.42
2020-02-03,no hay direccion,0.01,0.23,0.28,0.02,0.06,0.48,0.06
2020-02-04,no hay direccion,0.23,0.02,0.47,0.44,0.0,0.46,0.09
2020-02-05,no hay direccion,0.31,0.4,0.02,0.01,0.13,0.2,0.07
2020-02-06,no hay direccion,0.29,0.11,0.19,0.31,0.41,0.13,0.07
2020-02-07,no hay direccion,0.37,0.44,0.06,0.01,0.22,0.03,0.45
2020-02-08,no hay direccion,0.47,0.08,0.2,0.13,0.11,0.49,0.08
2020-02-09,no hay direccion,0.41,0.33,0.01,0.34,0.47,0.22,0.28
2020-02-10,no hay direccion,0.22,0.02,0.47,0.06,0.01,0.22,0.4
2020-02-11,no hay direccion,0.28,0.26,0.12,0.29,0.46,0.48,0.03
2020-02-12,no hay direccion,0.09,0.48,0.19,0.13,0.14,0.34,0.31
2020-02-13,no hay direccion,0.15,0.4,0.45,0.06,0.43,0.5,0.31
2020-02-14,no hay direccion,0.48,0.3,0.32,0.17,0.43,0.44,0.49
2020-02-15,no hay direccion,0.03,0.08,0.38,0.05,0.0,0.04,0.25
2020-02-16,no hay direccion,0.11,0.09,0.16,0.37,0.35,0.34,0.02
2020-02-17,no hay direccion,0.47,0.4,0.18,0.18,0.19,0.5,0.09
2020-02-18,no hay direccion,0.3,0.38,0.44,0.01,0.22,0.05,0.17
2020-02-19,no hay direccion,0.22,0.01,0.02,0.22,0.39,0.21,0.13
2020-02-20,no hay direccion,0.15,0.08,0.0,0.32,0.35,0.12,0.2
2020-02-21,no hay direccion,0.36,0.31,0.11,0.25,0.08,0.35,0.05
2020-02-22,no hay direccion,0.44,0.21,0.2,0.38,0.25,0.27,0.29
2020-02-23,zona ovejuyo,0.18,0.01,0.47,0.5,0.09,0.01,0.32
2020-02-24,quella quella,0.43,0.5,0.04,0.44,0.27,0.48,0.46
2020-02-25,no hay direccion,0.25,0.12,0.21,0.35,0.36,0.25,0.03
2020-02-26,cancha minera,0.19,0.05,0.07,0.77,0.19,0.1,0.06
2020-02-27,no hay direccion,0.01,0.18,0.46,0.33,0.1,0.5,0.02
2020-02-28,no hay direccion,0.29,0.48,0.32,0.12,0.06,0.28,0.12
2020-02-29,no hay direccion,0.37,0.15,0.24,0.06,0.11,0.16,0.18
2020-03-01,no hay direccion,0.21,0.25,0.36,0.39,0.41,0.16,0.23
2020-03-02,no hay direccion,0.22,0.14,0.34,0.15,0.03,0.31,0.27
2020-03-03,no hay direccion,0.1,0.03,0.32,0.25,0.03,0.32,0.4
2020-03-04,no hay direccion,0.31,0.12,0.48,0.17,0.5,0.38,0.06
2020-03-05,no hay direccion,0.44,0.05,0.32,0.29,0.26,0.19,0.12
2020-03-06,no hay direccion,0.03,0.11,0.41,0.41,0.21,0.02,0.09
2020-03-07,no hay direccion,0.23,0.33,0.15,0.44,0.47,0.42,0.18
2020-03-08,no hay direccion,0.23,0.29,0.04,0.36,0.42,0.09,0.36
2020-03-09,no hay direccion,0.39,0.04,0.15,0.39,0.47,0.31,0.24
2020-03-10,no hay direccion,0.21,0.01,0.14,0.24,0.2,0.11,0.4
2020-03-11,no hay direccion,0.42,0.38,0.39,0.22,0.11,0.01,0.13
2020-03-12,no hay direccion,0.26,0.31,0.03,0.2,0.2,0.32,0.43
2020-03-13,no hay direccion,0.29,0.08,0.17,0.46,0.34,0.39,0.11
2020-03-14,no hay direccion,0.24,0.13,0.18,0.46,0.2,0.2,0.3
2020-03-15,no hay direccion,0.21,0.44,0.02,0.02,0.24,0.03,0.15
2020-03-16,no hay direccion,0.41,0.13,0.47,0.05,0.02,0.38,0.46
2020-03-17,no hay direccion,0.2,0.03,0.42,0.17,0.35,0.08,0.36
2020-03-18,no hay direccion,0.39,0.01,0.14,0.25,0.41,0.38,0.02
2020-03-19,no hay direccion,0.49,0.19,0.49,0.34,0.28,0.42,0.42
2020-03-20,no hay direccion,0.0,0.29,0.12,0.41,0.25,0.17,0.37
2020-03-21,no hay direccion,0.3,0.42,0.01,0.37,0.2,0.32,0.36
2020-03-22,no hay direccion,0.02,0.47,0.26,0.47,0.25,0.37,0.18
2020-03-23,no hay direccion,0.08,0.46,0.47,0.36,0.14,0.21,0.22
2020-03-24,no hay direccion,0.22,0.11,0.29,0.24,0.09,0.02,0.05
2020-03-25,no hay direccion,0.38,0.31,0.09,0.29,0.03,0.36,0.11
2020-03-26,no hay direccion,0.47,0.41,0.36,0.07,0.36,0.41,0.07
2020-03-27,no hay direccion,0.27,0.42,0.14,0.14,0.31,0.36,0.39
2020-03-28,no hay direccion,0.35,0.45,0.49,0.1,0.47,0.15,0.15
2020-03-29,no hay direccion,0.12,0.23,0.37,0.1,0.23,0.13,0.38
2020-03-30,no hay direccion,0.33,0.01,0.19,0.4,0.34,0.06,0.34
2020-03-31,no hay direccion,0.21,0.18,0.29,0.05,0.23,0.22,0.06
2020-04-01,no hay direccion,0.44,0.4,0.46,0.37,0.31,0.3,0.01
2020-04-02,no hay direccion,0.14,0.04,0.46,0.34,0.01,0.44,0.06
2020-04-03,no hay direccion,0.01,0.45,0.35,0.37,0.12,0.42,0.36
2020-04-04,no hay direccion,0.37,0.4,0.07,0.23,0.18,0.17,0.2
2020-04-05,no hay direccion,0.03,0.04,0.2,0.26,0.14,0.44,0.5
2020-04-06,no hay direccion,0.26,0.25,0.29,0.03,0.25,0.18,0.02
2020-04-07,no hay direccion,0.0,0.15,0.06,0.04,0.1,0.33,0.01
2020-04-08,no hay direccion,0.12,0.15,0.37,0.38,0.46,0.27,0.41
2020-04-09,no hay direccion,0.19,0.41,0.4,0.28,0.18,0.18,0.35
2020-04-10,no hay direccion,0.21,0.43,0.09,0.27,0.22,0.25,0.13
2020-04-11,no hay direccion,0.05,0.04,0.42,0.17,0.25,0.33,0.43
2020-04-12,no hay direccion,0.26,0.29,0.43,0.27,0.02,0.27,0.21
2020-04-13,no hay direccion,0.32,0.43,0.12,0.05,0.39,0.48,0.4
2020-04-14,no hay direccion,0.27,0.42,0.17,0.16,0.43,0.19,0.27
2020-04-15,no hay direccion,0.15,0.5,0.35,0.04,0.4,0.04,0.37
2020-04-16,no hay direccion,0.19,0.03,0.01,0.38,0.39,0.38,0.33
2020-04-17,no hay direccion,0.26,0.01,0.13,0.23,0.31,0.41,0.5
2020-04-18,no hay direccion,0.4,0.25,0.33,0.14,0.06,0.23,0.01
2020-04-19,no hay direccion,0.24,0.34,0.33,0.35,0.27,0.12,0.19
2020-04-20,no hay direccion,0.08,0.3,0.05,0.05,0.12,0.06,0.32
2020-04-21,no hay direccion,0.34,0.2,0.43,0.46,0.04,0.0,0.34
2020-04-22,no hay direccion,0.23,0.15,0.48,0.16,0.23,0.11,0.43
2020-04-23,no hay direccion,0.41,0.24,0.14,0.11,0.06,0.41,0.12
2020-04-24,no hay direccion,0.19,0.13,0.3,0.08,0.32,0.41,0.41
2020-04-25,no hay direccion,0.46,0.42,0.48,0.4,0.39,0.17,0.45
2020-04-26,no hay direccion,0.24,0.06,0.07,0.16,0.43,0.27,0.38
2020-04-27,no hay direccion,0.07,0.29,0.09,0.23,0.44,0.26,0.18
2020-04-28,no hay direccion,0.15,0.18,0.5,0.09,0.13,0.45,0.15
2020-04-29,no hay direccion,0.08,0.37,0.48,0.1,0.19,0.14,0.0
2020-04-30,no hay direccion,0.27,0.0,0.05,0.45,0.04,0.05,0.39
2020-05-01,no hay direccion,0.32,0.17,0.16,0.01,0.16,0.17,0.27
2020-05-02,no hay direccion,0.5,0.46,0.14,0.04,0.14,0.35,0.16
2020-05-03,no hay direccion,0.25,0.27,0.43,0.49,0.49,0.41,0.05
2020-05-04,no hay direccion,0.18,0.03,0.09,0.36,0.38,0.37,0.25
2020-05-05,no hay direccion,0.15,0.27,0.34,0.47,0.26,0.13,0.17
2020-05-06,no hay direccion,0.12,0.16,0.26,0.15,0.11,0.16,0.18
2020-05-07,no hay direccion,0.48,0.32,0.15,0.3,0.34,0.47,0.41
2020-05-08,no hay direccion,0.16,0.36,0.47,0.32,0.49,0.39,0.28
2020-05-09,no hay direccion,0.32,0.04,0.37,0.11,0.1,0.28,0.31
2020-05-10,no hay direccion,0.26,0.46,0.03,0.21,0.22,0.46,0.2
2020-05-11,no hay direccion,0.16,0.37,0.06,0.4,0.42,0.2,0.47
2020-05-12,no hay direccion,0.08,0.19,0.03,0.47,0.43,0.31,0.3
2020-05-13,no hay direccion,0.42,0.06,0.16,0.05,0.38,0.39,0.03
2020-05-14,no hay direccion,0.02,0.36,0.45,0.12,0.15,0.42,0.09
2020-05-15,no hay direccion,0.16,0.3,0.27,0.36,0.15,0.29,0.48
2020-05-16,no hay direccion,0.36,0.23,0.21,0.13,0.08,0.18,0.06
2020-05-17,no hay direccion,0.11,0.45,0.25,0.32,0.03,0.06,0.26
2020-05-18,no hay direccion,0.18,0.2,0.26,0.1,0.19,0.25,0.36
2020-05-19,no hay direccion,0.08,0.0,0.03,0.1,0.17,0.47,0.43
2020-05-20,no hay direccion,0.25,0.17,0.26,0.1,0.15,0.39,0.43
2020-05-21,no hay direccion,0.22,0.2,0.45,0.09,0.12,0.13,0.3
2020-05-22,no hay direccion,0.31,0.29,0.25,0.44,0.49,0.2,0.24
2020-05-23,no hay direccion,0.06,0.23,0.31,0.08,0.25,0.05,0.04
2020-05-24,no hay direccion,0.09,0.02,0.2,0.24,0.32,0.15,0.33
2020-05-25,no hay direccion,0.31,0.47,0.14,0.4,0.31,0.36,0.36
2020-05-26,no hay direccion,0.32,0.06,0.45,0.3,0.43,0.17,0.07
2020-05-27,no hay direccion,0.1,0.47,0.29,0.05,0.0,0.27,0.17
2020-05-28,no hay direccion,0.4,0.05,0.01,0.06,0.01,0.3,0.46
2020-05-29,no hay direccion,0.28,0.03,0.02,0.17,0.16,0.48,0.06
2020-05-30,no hay direccion,0.1,0.35,0.13,0.08,0.26,0.41,0.05
2020-05-31,no hay direccion,0.44,0.0,0.1,0.16,0.38,0.25,0.34
2020-06-01,no hay direccion,0.24,0.2,0.33,0.15,0.33,0.23,0.18
2020-06-02,no hay direccion,0.05,0.16,0.17,0.24,0.06,0.39,0.07
2020-06-03,no hay direccion,0.05,0.24,0.33,0.34,0.04,0.15,0.48
2020-06-04,no hay direccion,0.02,0.32,0.21,0.36,0.05,0.14,0.33
2020-06-05,no hay direccion,0.14,0.31,0.16,0.46,0.25,0.22,0.23
2020-06-06,no hay direccion,0.17,0.12,0.25,0.43,0.36,0.2,0.1
2020-06-07,no hay direccion,0.32,0.32,0.23,0.44,0.44,0.2,0.06
2020-06-08,no hay direccion,0.18,0.35,0.27,0.25,0.11,0.5,0.11
2020-06-09,no hay direccion,0.38,0.15,0.15,0.23,0.42,0.47,0.2
2020-06-10,no hay direccion,0.08,0.11,0.38,0.0,0.34,0.34,0.39
2020-06-11,no hay direccion,0.23,0.01,0.33,0.05,0.46,0.44,0.33
2020-06-12,no hay direccion,0.24,0.41,0.04,0.42,0.34,0.05,0.42
2020-06-13,no hay direccion,0.3,0.31,0.17,0.29,0.07,0.07,0.01
2020-06-14,no hay direccion,0.47,0.05,0.22,0.05,0.13,0.47,0.47
2020-06-15,no hay direccion,0.01,0.25,0.04,0.24,0.25,0.13,0.42
2020-06-16,no hay direccion,0.36,0.42,0.15,0.14,0.15,0.34,0.29
2020-06-17,no hay direccion,0.43,0.24,0.17,0.33,0.04,0.01,0.38
2020-06-18,no hay direccion,0.16,0.49,0.21,0.46,0.06,0.07,0.17
2020-06-19,no hay direccion,0.29,0.27,0.1,0.02,0.1,0.46,0.13
2020-06-20,no hay direccion,0.24,0.36,0.05,0.36,0.39,0.45,0.15
2020-06-21,no hay direccion,0.22,0.1,0.17,0.02,0.06,0.48,0.06
2020-06-22,no hay direccion,0.06,0.08,0.33,0.43,0.43,0.44,0.11
2020-06-23,no hay direccion,0.37,0.49,0.09,0.42,0.25,0.47,0.39
2020-06-24,no hay direccion,0.23,0.05,0.37,0.34,0.17,0.28,0.42
2020-06-25,no hay direccion,0.24,0.13,0.3,0.2,0.04,0.11,0.08
2020-06-26,no hay direccion,0.29,0.44,0.48,0.47,0.21,0.32,0.38
2020-06-27,no hay direccion,0.19,0.28,0.16,0.22,0.18,0.32,0.4
2020-06-28,no hay direccion,0.25,0.45,0.43,0.47,0.39,0.21,0.25
2020-06-29,no hay direccion,0.37,0.33,0.26,0.33,0.37,0.41,0.32
2020-06-30,no hay direccion,0.41,0.12,0.21,0.28,0.06,0.2,0.01
2020-07-01,no hay direccion,0.42,0.1,0.38,0.17,0.23,0.4,0.4
2020-07-02,no hay direccion,0.33,0.25,0.02,0.48,0.42,0.49,0.42
2020-07-03,no hay direccion,0.35,0.13,0.24,0.43,0.45,0.06,0.24
2020-07-04,no hay direccion,0.46,0.42,0.29,0.34,0.4,0.47,0.22
2020-07-05,no hay direccion,0.4,0.19,0.38,0.49,0.07,0.43,0.29
2020-07-06,no hay direccion,0.37,0.21,0.23,0.25,0.32,0.38,0.01
2020-07-07,no hay direccion,0.46,0.38,0.38,0.03,0.5,0.26,0.46
2020-07-08,no hay direccion,0.19,0.08,0.36,0.36,0.04,0.16,0.24
2020-07-09,no hay direccion,0.02,0.49,0.31,0.13,0.38,0.33,0.41
2020-07-10,no hay direccion,0.06,0.07,0.19,0.24,0.43,0.43,0.07
2020-07-11,no hay direccion,0.11,0.14,0.31,0.21,0.47,0.44,0.44
2020-07-12,no hay direccion,0.4,0.41,0.4,0.37,0.29,0.29,0.13
2020-07-13,no hay direccion,0.22,0.31,0.27,0.4,0.36,0.03,0.41
2020-07-14,no hay direccion,0.18,0.4,0.2,0.04,0.04,0.43,0.32
2020-07-15,no hay direccion,0.45,0.29,0.33,0.09,0.41,0.32,0.17
2020-07-16,no hay direccion,0.01,0.21,0.07,0.01,0.23,0.25,0.35
2020-07-17,no hay direccion,0.46,0.32,0.08,0.36,0.28,0.33,0.39
2020-07-18,no hay direccion,0.19,0.24,0.45,0.37,0.06,0.2,0.42
2020-07-19,no hay direccion,0.49,0.07,0.18,0.06,0.08,0.22,0.26
2020-07-20,no hay direccion,0.14,0.46,0.47,0.04,0.49,0.12,0.09
2020-07-21,no hay direccion,0.25,0.37,0.49,0.22,0.47,0.14,0.12
2020-07-22,no hay direccion,0.13,0.42,0.35,0.34,0.5,0.4,0.11
2020-07-23,no hay direccion,0.26,0.39,0.14,0.46,0.15,0.15,0.17
2020-07-24,no hay direccion,0.25,0.13,0.24,0.41,0.18,0.24,0.31
2020-07-25,no hay direccion,0.4,0.01,0.09,0.07,0.04,0.05,0.26
2020-07-26,no hay direccion,0.05,0.48,0.04,0.22,0.47,0.36,0.19
2020-07-27,no hay direccion,0.45,0.47,0.47,0.17,0.34,0.0,0.31
2020-07-28,no hay direccion,0.41,0.46,0.24,0.29,0.13,0.49,0.47
2020-07-29,no hay direccion,0.39,0.28,0.12,0.09,0.06,0.27,0.34
2020-07-30,no hay direccion,0.0,0.12,0.08,0.29,0.22,0.13,0.2
2020-07-31,no hay direccion,0.35,0.17,0.43,0.14,0.24,0.21,0.26
2020-08-01,no hay direccion,0.41,0.39,0.4,0.39,0.13,0.03,0.13
2020-08-02,no hay direccion,0.15,0.17,0.08,0.36,0.04,0.45,0.07
2020-08-03,no hay direccion,0.39,0.38,0.0,0.24,0.21,0.37,0.21
2020-08-04,no hay direccion,0.49,0.44,0.06,0.19,0.36,0.45,0.07
2020-08-05,no hay direccion,0.43,0.28,0.15,0.19,0.32,0.07,0.09
2020-08-06,no hay direccion,0.39,0.14,0.22,0.19,0.38,0.27,0.37
2020-08-07,no hay direccion,0.34,0.21,0.22,0.32,0.13,0.12,0.18
2020-08-08,no hay direccion,0.42,0.22,0.33,0.32,0.17,0.29,0.48
2020-08-09,no hay direccion,0.27,0.22,0.09,0.25,0.23,0.03,0.48
2020-08-10,no hay direccion,0.09,0.19,0.15,0.15,0.11,0.45,0.34
2020-08-11,no hay direccion,0.06,0.41,0.02,0.25,0.05,0.46,0.16
2020-08-12,no hay direccion,0.23,0.38,0.43,0.07,0.42,0.22,0.29
2020-08-13,no hay direccion,0.29,0.21,0.21,0.27,0.17,0.24,0.5
2020-08-14,no hay direccion,0.32,0.18,0.21,0.05,0.04,0.24,0.03
2020-08-15,no hay direccion,0.28,0.48,0.37,0.3,0.11,0.44,0.2
2020-08-16,no hay direccion,0.01,0.36,0.42,0.36,0.25,0.01,0.04
2020-08-17,no hay direccion,0.35,0.48,0.46,0.38,0.06,0.23,0.09
2020-08-18,no hay direccion,0.21,0.49,0.19,0.16,0.01,0.4,0.27
2020-08-19,no hay direccion,0.37,0.03,0.49,0.07,0.23,0.45,0.34
2020-08-20,no hay direccion,0.15,0.35,0.02,0.33,0.11,0.46,0.18
2020-08-21,no hay direccion,0.42,0.31,0.1,0.13,0.29,0.2,0.35
2020-08-22,no hay direccion,0.02,0.01,0.47,0.23,0.02,0.02,0.27
2020-08-23,no hay direccion,0.09,0.37,0.27,0.46,0.39,0.21,0.26
2020-08-24,no hay direccion,0.17,0.44,0.17,0.45,0.21,0.05,0.45
2020-08-25,no hay direccion,0.38,0.31,0.38,0.02,0.07,0.33,0.33
2020-08-26,no hay direccion,0.19,0.04,0.28,0.11,0.08,0.4,0.22
2020-08-27,no hay direccion,0.45,0.5,0.01,0.49,0.28,0.42,0.26
2020-08-28,no hay direccion,0.01,0.34,0.46,0.05,0.4,0.02,0.49
2020-08-29,no hay direccion,0.33,0.02,0.2,0.03,0.07,0.1,0.34
2020-08-30,no hay direccion,0.1,0.42,0.11,0.4,0.47,0.14,0.2
2020-08-31,no hay direccion,0.19,0.42,0.24,0.49,0.32,0.17,0.17
2020-09-01,no hay direccion,0.01,0.0,0.13,0.06,0.44,0.12,0.14
2020-09-02,no hay direccion,0.47,0.31,0.32,0.23,0.41,0.06,0.02
2020-09-03,no hay direccion,0.3,0.31,0.38,0.38,0.07,0.05,0.32
2020-09-04,no hay direccion,0.28,0.22,0.3,0.39,0.18,0.11,0.07
2020-09-05,no hay direccion,0.48,0.15,0.49,0.06,0.17,0.1,0.22
2020-09-06,no hay direccion,0.36,0.44,0.4,0.03,0.26,0.2,0.4
2020-09-07,no hay direccion,0.17,0.09,0.19,0.15,0.03,0.32,0.19
2020-09-08,no hay direccion,0.43,0.11,0.13,0.24,0.08,0.26,0.21
2020-09-09,no hay direccion,0.46,0.07,0.36,0.18,0.42,0.2,0.31
2020-09-10,no hay direccion,0.32,0.24,0.04,0.17,0.39,0.11,0.15
2020-09-11,no hay direccion,0.08,0.34,0.48,0.24,0.27,0.2,0.33
2020-09-12,no hay direccion,0.42,0.37,0.35,0.11,0.03,0.43,0.44
2020-09-13,no hay direccion,0.22,0.4,0.46,0.06,0.01,0.2,0.3
2020-09-14,no hay direccion,0.14,0.22,0.01,0.33,0.44,0.01,0.27
2020-09-15,no hay direccion,0.43,0.15,0.41,0.33,0.31,0.48,0.39
2020-09-16,no hay direccion,0.33,0.1,0.29,0.4,0.43,0.02,0.48
2020-09-17,no hay direccion,0.45,0.12,0.19,0.23,0.3,0.27,0.04
2020-09-18,no hay direccion,0.01,0.4,0.14,0.14,0.47,0.32,0.07
2020-09-19,no hay direccion,0.17,0.16,0.47,0.04,0.25,0.41,0.46
2020-09-20,no hay direccion,0.25,0.45,0.16,0.44,0.12,0.22,0.43
2020-09-21,no hay direccion,0.4,0.27,0.31,0.04,0.11,0.09,0.42
2020-09-22,no hay direccion,0.16,0.31,0.42,0.15,0.49,0.22,0.46
2020-09-23,no hay direccion,0.03,0.08,0.38,0.05,0.18,0.38,0.26
2020-09-24,no hay direccion,0.33,0.36,0.02,0.46,0.08,0.24,0.35
2020-09-25,no hay direccion,0.26,0.33,0.26,0.49,0.12,0.24,0.09
2020-09-26,no hay direccion,0.09,0.2,0.48,0.09,0.33,0.01,0.08
2020-09-27,no hay direccion,0.45,0.08,0.37,0.35,0.28,0.01,0.47
2020-09-28,no hay direccion,0.01,0.08,0.03,0.28,0.45,0.37,0.29
2020-09-29,no hay direccion,0.48,0.47,0.06,0.47,0.04,0.25,0.16
2020-09-30,no hay direccion,0.47,0.02,0.37,0.05,0.25,0.29,0.25
2020-10-01,no hay direccion,0.17,0.36,0.38,0.49,0.02,0.09,0.06
2020-10-02,no hay direccion,0.19,0.21,0.49,0.37,0.09,0.47,0.35
2020-10-03,no hay direccion,0.43,0.28,0.26,0.49,0.39,0.19,0.32
2020-10-04,no hay direccion,0.39,0.42,0.02,0.43,0.45,0.32,0.06
2020-10-05,no hay direccion,0.19,0.25,0.03,0.03,0.27,0.25,0.28
2020-10-06,no hay direccion,0.06,0.31,0.04,0.05,0.27,0.18,0.39
2020-10-07,no hay direccion,0.21,0.37,0.16,0.27,0.35,0.09,0.23
2020-10-08,no hay direccion,0.46,0.03,0.31,0.35,0.12,0.44,0.47
2020-10-09,no hay direccion,0.47,0.06,0.28,0.02,0.34,0.43,0.18
2020-10-10,no hay direccion,0.11,0.24,0.47,0.08,0.17,0.11,0.05
2020-10-11,no hay direccion,0.07,0.28,0.08,0.44,0.03,0.15,0.18
2020-10-12,no hay direccion,0.38,0.26,0.29,0.34,0.06,0.01,0.48
2020-10-13,no hay direccion,0.16,0.23,0.41,0.36,0.05,0.05,0.03
2020-10-14,no hay direccion,0.3,0.06,0.08,0.36,0.35,0.43,0.14
2020-10-15,no hay direccion,0.18,0.22,0.26,0.1,0.16,0.18,0.34
2020-10-16,no hay direccion,0.44,0.3,0.27,0.02,0.04,0.35,0.02
2020-10-17,no hay direccion,0.36,0.11,0.41,0.45,0.44,0.47,0.28
2020-10-18,no hay direccion,0.35,0.42,0.0,0.32,0.46,0.3,0.41
2020-10-19,no hay direccion,0.45,0.46,0.21,0.24,0.35,0.46,0.48
2020-10-20,no hay direccion,0.36,0.06,0.41,0.25,0.38,0.41,0.02
2020-10-21,no hay direccion,0.01,0.27,0.31,0.23,0.4,0.24,0.19
2020-10-22,no hay direccion,0.09,0.26,0.28,0.4,0.48,0.04,0.28
2020-10-23,no hay direccion,0.05,0.31,0.26,0.1,0.37,0.48,0.02
2020-10-24,no hay direccion,0.42,0.01,0.0,0.18,0.3,0.19,0.13
2020-10-25,no hay direccion,0.27,0.14,0.08,0.09,0.5,0.02,0.23
2020-10-26,no hay direccion,0.44,0.14,0.2,0.33,0.23,0.01,0.38
2020-10-27,no hay direccion,0.45,0.47,0.34,0.48,0.22,0.43,0.25
2020-10-28,no hay direccion,0.31,0.0,0.47,0.1,0.46,0.03,0.26
2020-10-29,no hay direccion,0.44,0.13,0.23,0.06,0.2,0.38,0.3
2020-10-30,no hay direccion,0.02,0.44,0.31,0.35,0.12,0.23,0.07
2020-10-31,no hay direccion,0.25,0.41,0.47,0.27,0.03,0.45,0.11
2020-11-01,no hay direccion,0.03,0.41,0.25,0.0,0.32,0.39,0.44
2020-11-02,no hay direccion,0.1,0.31,0.28,0.26,0.05,0.37,0.2
2020-11-03,no hay direccion,0.14,0.47,0.39,0.42,0.15,0.46,0.12
2020-11-04,no hay direccion,0.04,0.36,0.05,0.0,0.22,0.3,0.15
2020-11-05,no hay direccion,0.46,0.36,0.24,0.07,0.39,0.07,0.26
2020-11-06,no hay direccion,0.1,0.27,0.27,0.03,0.34,0.01,0.48
2020-11-07,no hay direccion,0.33,0.4,0.44,0.36,0.03,0.16,0.17
2020-11-08,no hay direccion,0.19,0.35,0.19,0.45,0.37,0.2,0.16
2020-11-09,no hay direccion,0.17,0.44,0.49,0.49,0.27,0.0,0.21
2020-11-10,no hay direccion,0.29,0.27,0.23,0.31,0.18,0.24,0.36
2020-11-11,no hay direccion,0.11,0.42,0.49,0.35,0.31,0.08,0.03
2020-11-12,no hay direccion,0.21,0.08,0.07,0.17,0.16,0.2,0.35
2020-11-13,no hay direccion,0.44,0.45,0.09,0.36,0.44,0.18,0.04
2020-11-14,no hay direccion,0.4,0.26,0.19,0.12,0.42,0.27,0.21
2020-11-15,no hay direccion,0.18,0.29,0.34,0.22,0.41,0.03,0.24
2020-11-16,no hay direccion,0.23,0.13,0.21,0.22,0.36,0.17,0.13
2020-11-17,no hay direccion,0.27,0.22,0.42,0.3,0.21,0.32,0.47
2020-11-18,no hay direccion,0.0,0.47,0.05,0.15,0.23,0.36,0.5
2020-11-19,no hay direccion,0.23,0.49,0.05,0.49,0.13,0.28,0.3
2020-11-20,no hay direccion,0.47,0.48,0.12,0.24,0.1,0.01,0.45
2020-11-21,no hay direccion,0.0,0.21,0.43,0.14,0.46,0.48,0.26
2020-11-22,no hay direccion,0.23,0.31,0.2,0.04,0.07,0.02,0.17
2020-11-23,no hay direccion,0.13,0.36,0.11,0.17,0.12,0.25,0.25
2020-11-24,no hay direccion,0.27,0.5,0.12,0.4,0.21,0.38,0.06
2020-11-25,no hay direccion,0.13,0.02,0.27,0.33,0.07,0.22,0.04
2020-11-26,no hay direccion,0.49,0.16,0.06,0.08,0.48,0.35,0.14
2020-11-27,no hay direccion,0.12,0.02,0.35,0.14,0.27,0.43,0.25
2020-11-28,no hay direccion,0.13,0.12,0.2,0.33,0.34,0.34,0.2
2020-11-29,no hay direccion,0.24,0.47,0.21,0.38,0.27,0.17,0.26
2020-11-30,no hay direccion,0.03,0.49,0.13,0.46,0.23,0.37,0.06
2020-12-01,no hay direccion,0.05,0.11,0.28,0.05,0.11,0.26,0.17
2020-12-02,no hay direccion,0.23,0.37,0.18,0.01,0.14,0.48,0.2
2020-12-03,no hay direccion,0.46,0.0,0.28,0.05,0.45,0.06,0.05
2020-12-04,no hay direccion,0.36,0.02,0.11,0.34,0.17,0.39,0.1
2020-12-05,no hay direccion,0.29,0.41,0.42,0.46,0.17,0.09,0.02
2020-12-06,no hay direccion,0.24,0.38,0.08,0.08,0.44,0.11,0.37
2020-12-07,no hay direccion,0.42,0.21,0.42,0.42,0.33,0.11,0.23
2020-12-08,no hay direccion,0.14,0.34,0.07,0.1,0.19,0.4,0.01
2020-12-09,no hay direccion,0.02,0.39,0.22,0.34,0.29,0.22,0.4
2020-12-10,no hay direccion,0.42,0.43,0.44,0.02,0.4,0.5,0.34
2020-12-11,no hay direccion,0.02,0.06,0.35,0.42,0.38,0.15,0.09
2020-12-12,no hay direccion,0.34,0.07,0.46,0.16,0.42,0.49,0.36
2020-12-13,no hay direccion,0.49,0.43,0.11,0.22,0.23,0.34,0.4
2020-12-14,no hay direccion,0.28,0.39,0.48,0.3,0.2,0.11,0.06
2020-12-15,no hay direccion,0.24,0.48,0.25,0.35,0.0,0.24,0.03
2020-12-16,no hay direccion,0.23,0.15,0.32,0.16,0.01,0.28,0.44
2020-12-17,no hay direccion,0.45,0.49,0.4,0.41,0.01,0.46,0.39
2020-12-18,no hay direccion,0.25,0.38,0.15,0.15,0.27,0.23,0.0
2020-12-19,no hay direccion,0.14,0.06,0.19,0.17,0.37,0.12,0.0
2020-12-20,no hay direccion,0.03,0.19,0.26,0.13,0.37,0.19,0.5
2020-12-21,no hay direccion,0.45,0.23,0.02,0.11,0.1,0.41,0.12
2020-12-22,no hay direccion,0.12,0.35,0.25,0.47,0.29,0.16,0.42
2020-12-23,no hay direccion,0.48,0.45,0.22,0.04,0.0,0.03,0.01
2020-12-24,no hay direccion,0.25,0.07,0.25,0.35,0.27,0.1,0.22
2020-12-25,no hay direccion,0.18,0.3,0.23,0.38,0.33,0.36,0.14
2020-12-26,no hay direccion,0.13,0.46,0.36,0.49,0.38,0.04,0.41
2020-12-27,no hay direccion,0.12,0.41,0.2,0.34,0.04,0.41,0.08
2020-12-28,no hay direccion,0.23,0.48,0.23,0.15,0.14,0.14,0.48
2020-12-29,no hay direccion,0.21,0.07,0.07,0.2,0.02,0.38,0.22
2020-12-30,no hay direccion,0.47,0.47,0.05,0.23,0.29,0.19,0.24
2020-12-31,no hay direccion,0.09,0.16,0.1,0.11,0.03,0.22,0.32
2021-01-01,no hay direccion,0.34,0.18,0.33,0.29,0.2,0.36,0.28
2021-01-02,no hay direccion,0.43,0.09,0.05,0.0,0.33,0.08,0.34
2021-01-03,no hay direccion,0.42,0.31,0.43,0.39,0.32,0.43,0.49
2021-01-04,no hay direccion,0.31,0.33,0.21,0.22,0.31,0.3,0.42
2021-01-05,no hay direccion,0.08,0.04,0.19,0.29,0.08,0.27,0.09
2021-01-06,no hay direccion,0.41,0.1,0.09,0.44,0.44,0.03,0.3
2021-01-07,no hay direccion,0.0,0.37,0.2,0.36,0.15,0.29,0.31
2021-01-08,no hay direccion,0.38,0.35,0.04,0.33,0.38,0.0,0.26
2021-01-09,no hay direccion,0.21,0.09,0.41,0.36,0.42,0.34,0.38
2021-01-10,no hay direccion,0.45,0.26,0.21,0.18,0.01,0.46,0.44
2021-01-11,no hay direccion,0.24,0.49,0.1,0.3,0.03,0.24,0.06
2021-01-12,no hay direccion,0.31,0.02,0.48,0.03,0.27,0.09,0.01
2021-01-13,no hay direccion,0.33,0.22,0.0,0.27,0.07,0.1,0.12
2021-01-14,no hay direccion,0.14,0.36,0.4,0.13,0.24,0.43,0.37
2021-01-15,no hay direccion,0.24,0.13,0.32,0.39,0.46,0.05,0.48
2021-01-16,no hay direccion,0.04,0.07,0.38,0.46,0.41,0.39,0.43
2021-01-17,no hay direccion,0.17,0.27,0.0,0.41,0.36,0.07,0.25
2021-01-18,no hay direccion,0.36,0.41,0.28,0.09,0.06,0.28,0.49
2021-01-19,no hay direccion,0.25,0.24,0.44,0.05,0.13,0.44,0.33
2021-01-20,no hay direccion,0.42,0.46,0.29,0.2,0.46,0.07,0.38
2021-01-21,no hay direccion,0.17,0.03,0.18,0.03,0.4,0.23,0.1
2021-01-22,no hay direccion,0.22,0.11,0.4,0.31,0.28,0.02,0.18
2021-01-23,no hay direccion,0.17,0.26,0.36,0.43,0.22,0.4,0.39
2021-01-24,no hay direccion,0.23,0.31,0.29,0.21,0.13,0.41,0.04
2021-01-25,no hay direccion,0.37,0.14,0.49,0.33,0.09,0.5,0.25
2021-01-26,no hay direccion,0.47,0.38,0.36,0.26,0.21,0.47,0.16
2021-01-27,no hay direccion,0.4,0.14,0.22,0.17,0.26,0.44,0.13
2021-01-28,no hay direccion,0.33,0.44,0.14,0.13,0.31,0.11,0.46
2021-01-29,no hay direccion,0.38,0.04,0.15,0.14,0.19,0.23,0.19
2021-01-30,no hay direccion,0.08,0.32,0.11,0.16,0.05,0.45,0.06
2021-01-31,no hay direccion,0.46,0.12,0.48,0.16,0.08,0.49,0.23
2021-02-01,no hay direccion,0.11,0.43,0.48,0.02,0.14,0.03,0.31
2021-02-02,no hay direccion,0.07,0.16,0.04,0.28,0.4,0.45,0.0
2021-02-03,no hay direccion,0.12,0.23,0.5,0.46,0.01,0.34,0.22
2021-02-04,no hay direccion,0.41,0.17,0.49,0.12,0.28,0.48,0.27
2021-02-05,no hay direccion,0.2,0.15,0.08,0.17,0.25,0.07,0.44
2021-02-06,no hay direccion,0.4,0.18,0.43,0.4,0.1,0.5,0.04
2021-02-07,no hay direccion,0.45,0.01,0.0,0.06,0.09,0.04,0.06
2021-02-08,no hay direccion,0.44,0.27,0.41,0.38,0.4,0.07,0.08
2021-02-09,no hay direccion,0.04,0.44,0.4,0.04,0.49,0.26,0.14
2021-02-10,no hay direccion,0.27,0.41,0.15,0.46,0.02,0.03,0.03
2021-02-11,no hay direccion,0.42,0.46,0.46,0.37,0.26,0.02,0.35
2021-02-12,no hay direccion,0.1,0.27,0.0,0.35,0.18,0.31,0.07
2021-02-13,no hay direccion,0.23,0.12,0.28,0.3,0.41,0.43,0.28
2021-02-14,no hay direccion,0.17,0.03,0.38,0.02,0.17,0.09,0.46
2021-02-15,no hay direccion,0.14,0.21,0.45,0.23,0.26,0.09,0.19
2021-02-16,no hay direccion,0.19,0.05,0.28,0.49,0.19,0.41,0.01
2021-02-17,no hay direccion,0.3,0.18,0.39,0.37,0.18,0.09,0.27
2021-02-18,no hay direccion,0.0,0.24,0.39,0.23,0.18,0.15,0.13
2021-02-19,no hay direccion,0.39,0.41,0.4,0.3,0.02,0.39,0.22
2021-02-20,no hay direccion,0.27,0.08,0.3,0.29,0.3,0.13,0.18
2021-02-21,no hay direccion,0.21,0.32,0.42,0.37,0.2,0.12,0.05
2021-02-22,no hay direccion,0.12,0.11,0.48,0.26,0.03,0.41,0.07
2021-02-23,no hay direccion,0.2,0.48,0.14,0.04,0.11,0.01,0.2
2021-02-24,no hay direccion,0.48,0.37,0.12,0.17,0.26,0.47,0.47
2021-02-25,no hay direccion,0.21,0.46,0.11,0.49,0.39,0.15,0.47
2021-02-26,no hay direccion,0.15,0.1,0.45,0.1,0.38,0.34,0.25
2021-02-27,no hay direccion,0.46,0.42,0.32,0.41,0.16,0.06,0.1
2021-02-28,no hay direccion,0.25,0.28,0.39,0.09,0.16,0.39,0.32
2021-03-01,no hay direccion,0.4,0.17,0.39,0.04,0.48,0.34,0.45
2021-03-02,no hay direccion,0.2,0.02,0.19,0.34,0.34,0.12,0.05
2021-03-03,no hay direccion,0.02,0.27,0.02,0.41,0.2,0.48,0.08
2021-03-04,no hay direccion,0.29,0.07,0.46,0.22,0.03,0.08,0.36
2021-03-05,no hay direccion,0.33,0.43,0.42,0.25,0.32,0.27,0.09
2021-03-06,no hay direccion,0.2,0.35,0.21,0.32,0.48,0.32,0.05
2021-03-07,no hay direccion,0.19,0.44,0.43,0.09,0.25,0.45,0.07
2021-03-08,no hay direccion,0.33,0.34,0.1,0.43,0.1,0.34,0.13
2021-03-09,no hay direccion,0.45,0.27,0.39,0.44,0.11,0.28,0.21
2021-03-10,no hay direccion,0.11,0.21,0.34,0.27,0.34,0.23,0.14
2021-03-11,no hay direccion,0.12,0.09,0.25,0.29,0.35,0.34,0.27
2021-03-12,no hay direccion,0.28,0.08,0.15,0.34,0.14,0.33,0.31
2021-03-13,no hay direccion,0.02,0.23,0.4,0.39,0.12,0.29,0.09
2021-03-14,no hay direccion,0.46,0.3,0.14,0.02,0.23,0.28,0.17
2021-03-15,no hay direccion,0.07,0.02,0.41,0.22,0.41,0.33,0.11
2021-03-16,no hay direccion,0.1,0.49,0.47,0.19,0.28,0.45,0.39
2021-03-17,no hay direccion,0.37,0.33,0.3,0.18,0.44,0.23,0.4
2021-03-18,no hay direccion,0.08,0.32,0.08,0.26,0.1,0.1,0.32
2021-03-19,no hay direccion,0.07,0.19,0.4,0.16,0.36,0.26,0.41
2021-03-20,no hay direccion,0.13,0.1,0.24,0.45,0.44,0.5,0.46
2021-03-21,no hay direccion,0.23,0.39,0.03,0.27,0.34,0.34,0.16
2021-03-22,no hay direccion,0.13,0.37,0.22,0.32,0.5,0.26,0.29
2021-03-23,no hay direccion,0.5,0.23,0.06,0.41,0.08,0.11,0.05
2021-03-24,no hay direccion,0.35,0.39,0.46,0.14,0.15,0.01,0.13
2021-03-25,no hay direccion,0.3,0.49,0.34,0.24,0.25,0.4,0.02
2021-03-26,no hay direccion,0.22,0.16,0.04,0.41,0.07,0.37,0.02
2021-03-27,no hay direccion,0.19,0.13,0.24,0.41,0.48,0.2,0.46
2021-03-28,no hay direccion,0.19,0.4,0.24,0.39,0.18,0.46,0.18
2021-03-29,no hay direccion,0.1,0.18,0.03,0.25,0.25,0.15,0.02
2021-03-30,no hay direccion,0.32,0.38,0.44,0.33,0.38,0.45,0.08
2021-03-31,no hay direccion,0.32,0.12,0.27,0.02,0.08,0.28,0.43
2021-04-01,no hay direccion,0.46,0.35,0.31,0.19,0.18,0.22,0.29
2021-04-02,no hay direccion,0.34,0.13,0.17,0.4,0.47,0.3,0.16
2021-04-03,no hay direccion,0.41,0.32,0.16,0.49,0.28,0.31,0.38
2021-04-04,no hay direccion,0.37,0.14,0.04,0.23,0.43,0.32,0.06
2021-04-05,no hay direccion,0.48,0.31,0.08,0.32,0.08,0.47,0.43
2021-04-06,no hay direccion,0.09,0.1,0.17,0.28,0.02,0.14,0.04
2021-04-07,no hay direccion,0.08,0.26,0.5,0.25,0.0,0.07,0.41
2021-04-08,no hay direccion,0.47,0.33,0.43,0.23,0.37,0.41,0.38
2021-04-09,no hay direccion,0.43,0.28,0.04,0.47,0.2,0.25,0.43
2021-04-10,no hay direccion,0.06,0.16,0.1,0.31,0.23,0.32,0.36
2021-04-11,no hay direccion,0.24,0.31,0.06,0.29,0.04,0.37,0.45
2021-04-12,no hay direccion,0.03,0.12,0.43,0.32,0.37,0.25,0.45
2021-04-13,no hay direccion,0.11,0.23,0.04,0.44,0.19,0.28,0.19
2021-04-14,no hay direccion,0.36,0.45,0.44,0.26,0.49,0.31,0.45
2021-04-15,no hay direccion,0.2,0.41,0.36,0.24,0.08,0.2,0.41
2021-04-16,no hay direccion,0.12,0.33,0.49,0.45,0.4,0.4,0.2
2021-04-17,no hay direccion,0.37,0.07,0.12,0.28,0.37,0.03,0.37
2021-04-18,no hay direccion,0.22,0.14,0.44,0.32,0.46,0.07,0.11
2021-04-19,no hay direccion,0.2,0.24,0.49,0.03,0.42,0.08,0.34
2021-04-20,no hay direccion,0.27,0.02,0.42,0.3,0.32,0.3,0.32
2021-04-21,no hay direccion,0.16,0.38,0.13,0.01,0.15,0.42,0.49
2021-04-22,no hay direccion,0.33,0.34,0.07,0.23,0.46,0.09,0.34
2021-04-23,no hay direccion,0.38,0.07,0.01,0.28,0.42,0.46,0.0
2021-04-24,no hay direccion,0.05,0.12,0.15,0.02,0.33,0.37,0.38
2021-04-25,no hay direccion,0.39,0.31,0.4,0.49,0.11,0.1,0.41
2021-04-26,no hay direccion,0.15,0.39,0.11,0.28,0.36,0.45,0.16
2021-04-27,no hay direccion,0.49,0.42,0.2,0.12,0.38,0.12,0.03
2021-04-28,no hay direccion,0.44,0.3,0.41,0.15,0.02,0.22,0.17
2021-04-29,no hay direccion,0.34,0.14,0.09,0.23,0.34,0.25,0.31
2021-04-30,no hay direccion,0.05,0.02,0.26,0.41,0.34,0.41,0.09
2021-05-01,no hay direccion,0.22,0.25,0.44,0.09,0.07,0.06,0.05
2021-05-02,no hay direccion,0.21,0.11,0.33,0.29,0.45,0.43,0.25
2021-05-03,no hay direccion,0.35,0.4,0.25,0.16,0.33,0.36,0.17
2021-05-04,no hay direccion,0.43,0.12,0.06,0.17,0.48,0.15,0.1
2021-05-05,no hay direccion,0.09,0.12,0.2,0.41,0.39,0.09,0.29
2021-05-06,no hay direccion,0.43,0.11,0.01,0.38,0.21,0.36,0.29
2021-05-07,no hay direccion,0.43,0.08,0.23,0.36,0.13,0.3,0.38
2021-05-08,no hay direccion,0.04,0.38,0.41,0.13,0.04,0.14,0.09
2021-05-09,no hay direccion,0.27,0.35,0.3,0.0,0.28,0.33,0.13
2021-05-10,no hay direccion,0.11,0.37,0.48,0.25,0.12,0.07,0.32
2021-05-11,no hay direccion,0.43,0.48,0.35,0.49,0.43,0.16,0.06
2021-05-12,no hay direccion,0.02,0.4,0.45,0.05,0.21,0.15,0.23
2021-05-13,no hay direccion,0.27,0.03,0.2,0.16,0.45,0.32,0.14
2021-05-14,no hay direccion,0.03,0.48,0.01,0.05,0.38,0.29,0.27
2021-05-15,no hay direccion,0.44,0.42,0.19,0.47,0.31,0.06,0.28
2021-05-16,no hay direccion,0.42,0.36,0.22,0.17,0.47,0.38,0.44
2021-05-17,no hay direccion,0.21,0.09,0.39,0.32,0.41,0.46,0.49
2021-05-18,no hay direccion,0.12,0.22,0.23,0.13,0.04,0.49,0.37
2021-05-19,no hay direccion,0.38,0.41,0.48,0.41,0.12,0.14,0.25
2021-05-20,no hay direccion,0.43,0.18,0.2,0.31,0.13,0.16,0.29
2021-05-21,no hay direccion,0.05,0.28,0.38,0.15,0.06,0.25,0.21
2021-05-22,no hay direccion,0.14,0.31,0.01,0.19,0.48,0.12,0.27
2021-05-23,no hay direccion,0.23,0.29,0.23,0.33,0.1,0.49,0.06
2021-05-24,no hay direccion,0.4,0.5,0.12,0.41,0.05,0.17,0.34
2021-05-25,no hay direccion,0.14,0.06,0.01,0.16,0.42,0.47,0.17
2021-05-26,no hay direccion,0.18,0.26,0.01,0.24,0.49,0.35,0.14
2021-05-27,no hay direccion,0.06,0.05,0.35,0.29,0.45,0.24,0.42
2021-05-28,no hay direccion,0.16,0.31,0.2,0.12,0.05,0.08,0.39
2021-05-29,no hay direccion,0.17,0.25,0.47,0.14,0.18,0.25,0.03
2021-05-30,no hay direccion,0.14,0.29,0.23,0.13,0.22,0.24,0.11
2021-05-31,no hay direccion,0.05,0.4,0.49,0.05,0.28,0.45,0.33
2021-06-01,no hay direccion,0.21,0.45,0.33,0.17,0.11,0.01,0.1
2021-06-02,no hay direccion,0.27,0.49,0.01,0.11,0.49,0.43,0.1
2021-06-03,no hay direccion,0.27,0.17,0.0,0.27,0.23,0.26,0.36
2021-06-04,no hay direccion,0.23,0.27,0.29,0.22,0.14,0.03,0.02
2021-06-05,no hay direccion,0.35,0.06,0.44,0.09,0.36,0.46,0.11
2021-06-06,no hay direccion,0.02,0.06,0.46,0.34,0.14,0.19,0.5
2021-06-07,no hay direccion,0.19,0.26,0.18,0.48,0.43,0.33,0.17
2021-06-08,no hay direccion,0.33,0.04,0.35,0.35,0.02,0.06,0.03
2021-06-09,no hay direccion,0.14,0.39,0.06,0.48,0.15,0.24,0.13
2021-06-10,no hay direccion,0.13,0.34,0.19,0.31,0.05,0.29,0.33
2021-06-11,no hay direccion,0.42,0.39,0.39,0.4,0.28,0.32,0.27
2021-06-12,no hay direccion,0.31,0.39,0.15,0.09,0.14,0.43,0.46
2021-06-13,no hay direccion,0.14,0.08,0.0,0.33,0.11,0.2,0.18
2021-06-14,no hay direccion,0.24,0.35,0.23,0.33,0.13,0.38,0.19
2021-06-15,no hay direccion,0.11,0.09,0.37,0.17,0.23,0.21,0.48
2021-06-16,no hay direccion,0.27,0.24,0.01,0.23,0.33,0.34,0.0
2021-06-17,no hay direccion,0.21,0.37,0.1,0.0,0.43,0.24,0.12
2021-06-18,no hay direccion,0.0,0.17,0.15,0.27,0.31,0.3,0.07
2021-06-19,no hay direccion,0.25,0.21,0.5,0.47,0.26,0.08,0.19
2021-06-20,no hay direccion,0.35,0.03,0.09,0.2,0.2,0.47,0.39
2021-06-21,no hay direccion,0.13,0.27,0.4,0.45,0.17,0.15,0.24
2021-06-22,no hay direccion,0.48,0.12,0.45,0.11,0.15,0.06,0.32
2021-06-23,no hay direccion,0.11,0.4,0.49,0.03,0.38,0.39,0.32
2021-06-24,no hay direccion,0.39,0.23,0.41,0.33,0.48,0.33,0.3
2021-06-25,no hay direccion,0.47,0.46,0.09,0.21,0.3,0.11,0.36
2021-06-26,no hay direccion,0.21,0.1,0.29,0.31,0.39,0.24,0.42
2021-06-27,no hay direccion,0.34,0.22,0.34,0.31,0.18,0.37,0.42
2021-06-28,no hay direccion,0.09,0.03,0.46,0.35,0.36,0.35,0.11
2021-06-29,no hay direccion,0.06,0.33,0.32,0.08,0.05,0.42,0.06
2021-06-30,no hay direccion,0.25,0.16,0.36,0.38,0.47,0.01,0.15
2021-07-01,no hay direccion,0.1,0.02,0.02,0.44,0.38,0.4,0.23
2021-07-02,no hay direccion,0.36,0.15,0.43,0.0,0.04,0.18,0.08
2021-07-03,no hay direccion,0.24,0.31,0.11,0.31,0.45,0.1,0.36
2021-07-04,no hay direccion,0.0,0.44,0.5,0.41,0.08,0.38,0.33
2021-07-05,no hay direccion,0.11,0.04,0.25,0.12,0.32,0.08,0.2
2021-07-06,no hay direccion,0.23,0.12,0.36,0.26,0.15,0.04,0.46
2021-07-07,no hay direccion,0.18,0.49,0.4,0.06,0.08,0.0,0.36
2021-07-08,no hay direccion,0.49,0.33,0.48,0.23,0.18,0.11,0.02
2021-07-09,no hay direccion,0.47,0.01,0.22,0.13,0.26,0.43,0.5
2021-07-10,no hay direccion,0.11,0.49,0.43,0.48,0.34,0.09,0.37
2021-07-11,no hay direccion,0.3,0.2,0.17,0.34,0.39,0.06,0.36
2021-07-12,no hay direccion,0.01,0.5,0.0,0.33,0.23,0.43,0.18
2021-07-13,no hay direccion,0.09,0.21,0.37,0.22,0.18,0.18,0.21
2021-07-14,no hay direccion,0.24,0.21,0.16,0.16,0.19,0.19,0.06
2021-07-15,no hay direccion,0.21,0.23,0.36,0.37,0.28,0.15,0.3
2021-07-16,no hay direccion,0.49,0.48,0.19,0.19,0.4,0.23,0.42
2021-07-17,no hay direccion,0.14,0.11,0.15,0.3,0.44,0.48,0.45
2021-07-18,no hay direccion,0.25,0.34,0.18,0.34,0.1,0.03,0.43
2021-07-19,no hay direccion,0.38,0.14,0.44,0.14,0.04,0.02,0.37
2021-07-20,no hay direccion,0.25,0.21,0.09,0.11,0.3,0.24,0.43
2021-07-21,no hay direccion,0.25,0.08,0.34,0.48,0.27,0.18,0.34
2021-07-22,no hay direccion,0.17,0.23,0.4,0.25,0.11,0.12,0.27
2021-07-23,no hay direccion,0.27,0.29,0.33,0.1,0.28,0.34,0.01
2021-07-24,no hay direccion,0.32,0.17,0.23,0.17,0.24,0.35,0.37
2021-07-25,no hay direccion,0.13,0.07,0.3,0.46,0.01,0.34,0.24
2021-07-26,no hay direccion,0.02,0.01,0.17,0.47,0.17,0.42,0.5
2021-07-27,no hay direccion,0.41,0.13,0.08,0.13,0.14,0.31,0.21
2021-07-28,no hay direccion,0.31,0.06,0.08,0.13,0.07,0.33,0.04
2021-07-29,no hay direccion,0.02,0.39,0.13,0.5,0.3,0.29,0.44
2021-07-30,no hay direccion,0.12,0.2,0.38,0.5,0.08,0.32,0.26
2021-07-31,no hay direccion,0.26,0.43,0.02,0.11,0.43,0.41,0.13
2021-08-01,no hay direccion,0.29,0.3,0.47,0.22,0.23,0.32,0.48
2021-08-02,no hay direccion,0.43,0.14,0.1,0.27,0.45,0.34,0.3
2021-08-03,no hay direccion,0.2,0.49,0.25,0.39,0.27,0.43,0.4
2021-08-04,no hay direccion,0.27,0.2,0.27,0.39,0.0,0.05,0.4
2021-08-05,no hay direccion,0.39,0.37,0.42,0.18,0.29,0.5,0.33
2021-08-06,no hay direccion,0.36,0.42,0.02,0.2,0.18,0.23,0.23
2021-08-07,no hay direccion,0.33,0.26,0.34,0.15,0.31,0.04,0.41
2021-08-08,no hay direccion,0.12,0.31,0.12,0.11,0.23,0.33,0.25
2021-08-09,no hay direccion,0.46,0.39,0.2,0.22,0.02,0.25,0.08
2021-08-10,no hay direccion,0.14,0.38,0.23,0.04,0.02,0.21,0.33
2021-08-11,no hay direccion,0.27,0.26,0.36,0.04,0.17,0.24,0.39
2021-08-12,no hay direccion,0.11,0.2,0.23,0.49,0.24,0.15,0.36
2021-08-13,no hay direccion,0.02,0.1,0.19,0.05,0.15,0.25,0.03
2021-08-14,no hay direccion,0.45,0.06,0.04,0.4,0.47,0.1,0.36
2021-08-15,no hay direccion,0.41,0.23,0.41,0.39,0.47,0.2,0.47
2021-08-16,no hay direccion,0.06,0.1,0.49,0.12,0.47,0.27,0.09
2021-08-17,no hay direccion,0.18,0.01,0.17,0.41,0.49,0.5,0.3
2021-08-18,no hay direccion,0.27,0.48,0.07,0.44,0.02,0.34,0.11
2021-08-19,no hay direccion,0.39,0.42,0.16,0.2,0.39,0.47,0.46
2021-08-20,no hay direccion,0.19,0.3,0.03,0.47,0.47,0.26,0.01
2021-08-21,no hay direccion,0.37,0.06,0.48,0.31,0.18,0.09,0.24
2021-08-22,no hay direccion,0.11,0.03,0.05,0.35,0.07,0.25,0.48
2021-08-23,no hay direccion,0.37,0.25,0.12,0.38,0.07,0.28,0.45
2021-08-24,no hay direccion,0.38,0.4,0.24,0.02,0.44,0.09,0.12
2021-08-25,no hay direccion,0.39,0.38,0.09,0.27,0.38,0.42,0.3
2021-08-26,no hay direccion,0.29,0.15,0.41,0.48,0.27,0.42,0.49
2021-08-27,no hay direccion,0.48,0.13,0.15,0.28,0.33,0.09,0.4
2021-08-28,no hay direccion,0.06,0.48,0.09,0.35,0.08,0.27,0.34
2021-08-29,no hay direccion,0.42,0.06,0.05,0.45,0.44,0.26,0.01
2021-08-30,no hay direccion,0.2,0.46,0.31,0.33,0.13,0.47,0.37
2021-08-31,no hay direccion,0.34,0.44,0.4,0.28,0.18,0.01,0.02
2021-09-01,no hay direccion,0.41,0.12,0.29,0.47,0.45,0.26,0.28
2021-09-02,no hay direccion,0.13,0.02,0.08,0.31,0.12,0.08,0.4
2021-09-03,no hay direccion,0.2,0.37,0.09,0.34,0.19,0.23,0.37
2021-09-04,no hay direccion,0.46,0.15,0.12,0.44,0.09,0.1,0.42
2021-09-05,no hay direccion,0.11,0.27,0.49,0.04,0.12,0.36,0.44
2021-09-06,no hay direccion,0.26,0.28,0.34,0.48,0.01,0.29,0.2
2021-09-07,no hay direccion,0.4,0.16,0.05,0.29,0.15,0.2,0.39
2021-09-08,no hay direccion,0.12,0.36,0.08,0.23,0.13,0.43,0.47
2021-09-09,no hay direccion,0.31,0.4,0.35,0.42,0.35,0.44,0.46
2021-09-10,no hay direccion,0.49,0.46,0.42,0.15,0.43,0.25,0.13
2021-09-11,no hay direccion,0.45,0.18,0.02,0.29,0.3,0.15,0.06
2021-09-12,no hay direccion,0.31,0.47,0.19,0.43,0.12,0.48,0.0
2021-09-13,no hay direccion,0.45,0.43,0.03,0.26,0.2,0.13,0.16
2021-09-14,no hay direccion,0.07,0.29,0.06,0.06,0.12,0.15,0.02
2021-09-15,no hay direccion,0.18,0.44,0.02,0.09,0.05,0.27,0.13
2021-09-16,no hay direccion,0.17,0.23,0.47,0.29,0.11,0.34,0.34
2021-09-17,no hay direccion,0.43,0.48,0.26,0.04,0.38,0.17,0.28
2021-09-18,no hay direccion,0.41,0.13,0.32,0.13,0.23,0.13,0.41
2021-09-19,no hay direccion,0.48,0.22,0.17,0.33,0.34,0.14,0.06
2021-09-20,no hay direccion,0.31,0.05,0.03,0.46,0.16,0.46,0.48
2021-09-21,no hay direccion,0.48,0.4,0.01,0.07,0.03,0.39,0.21
2021-09-22,no hay direccion,0.43,0.29,0.46,0.09,0.18,0.08,0.31
2021-09-23,no hay direccion,0.37,0.13,0.45,0.03,0.1,0.24,0.02
2021-09-24,no hay direccion,0.18,0.43,0.05,0.27,0.32,0.24,0.46
2021-09-25,no hay direccion,0.26,0.45,0.01,0.23,0.08,0.14,0.02
2021-09-26,no hay direccion,0.23,0.41,0.21,0.24,0.07,0.0,0.37
2021-09-27,no hay direccion,0.01,0.17,0.39,0.34,0.41,0.05,0.47
2021-09-28,no hay direccion,0.35,0.27,0.3,0.36,0.11,0.21,0.24
2021-09-29,no hay direccion,0.37,0.12,0.29,0.25,0.15,0.4,0.06
2021-09-30,no hay direccion,0.42,0.27,0.47,0.2,0.03,0.11,0.46
2021-10-01,no hay direccion,0.28,0.32,0.09,0.23,0.41,0.36,0.44
2021-10-02,no hay direccion,0.05,0.34,0.0,0.11,0.27,0.18,0.23
2021-10-03,no hay direccion,0.45,0.04,0.08,0.0,0.2,0.41,0.16
2021-10-04,no hay direccion,0.19,0.34,0.37,0.32,0.09,0.11,0.2
2021-10-05,no hay direccion,0.11,0.03,0.33,0.31,0.12,0.32,0.14
2021-10-06,no hay direccion,0.35,0.45,0.12,0.38,0.47,0.44,0.45
2021-10-07,no hay direccion,0.09,0.17,0.38,0.0,0.37,0.17,0.34
2021-10-08,no hay direccion,0.34,0.27,0.07,0.27,0.09,0.13,0.18
2021-10-09,no hay direccion,0.34,0.31,0.24,0.44,0.1,0.46,0.03
2021-10-10,no hay direccion,0.11,0.3,0.36,0.43,0.31,0.35,0.28
2021-10-11,no hay direccion,0.22,0.12,0.27,0.36,0.3,0.37,0.15
2021-10-12,no hay direccion,0.08,0.15,0.32,0.29,0.11,0.18,0.27
2021-10-13,no hay direccion,0.09,0.12,0.01,0.36,0.39,0.29,0.16
2021-10-14,no hay direccion,0.24,0.24,0.47,0.36,0.44,0.28,0.41
2021-10-15,no hay direccion,0.21,0.21,0.16,0.37,0.3,0.24,0.07
2021-10-16,no hay direccion,0.28,0.06,0.04,0.44,0.05,0.11,0.03
2021-10-17,no hay direccion,0.1,0.45,0.26,0.06,0.01,0.38,0.19
2021-10-18,no hay direccion,0.28,0.48,0.3,0.28,0.45,0.4,0.35
2021-10-19,no hay direccion,0.01,0.42,0.19,0.01,0.43,0.48,0.39
2021-10-20,no hay direccion,0.01,0.04,0.46,0.18,0.04,0.42,0.03
2021-10-21,no hay direccion,0.34,0.11,0.34,0.37,0.16,0.23,0.39
2021-10-22,no hay direccion,0.33,0.1,0.02,0.38,0.2,0.03,0.21
2021-10-23,no hay direccion,0.08,0.07,0.01,0.26,0.27,0.04,0.19
2021-10-24,no hay direccion,0.1,0.37,0.35,0.12,0.11,0.26,0.27
2021-10-25,no hay direccion,0.02,0.31,0.12,0.27,0.38,0.15,0.45
2021-10-26,no hay direccion,0.37,0.15,0.42,0.29,0.07,0.04,0.22
2021-10-27,no hay direccion,0.39,0.23,0.14,0.27,0.06,0.24,0.07
2021-10-28,no hay direccion,0.16,0.03,0.38,0.33,0.41,0.06,0.05
2021-10-29,no hay direccion,0.03,0.12,0.28,0.48,0.45,0.06,0.17
2021-10-30,no hay direccion,0.3,0.26,0.12,0.0,0.39,0.4,0.19
2021-10-31,no hay direccion,0.45,0.28,0.17,0.46,0.22,0.16,0.25
2021-11-01,no hay direccion,0.39,0.19,0.36,0.32,0.0,0.17,0.09
2021-11-02,no hay direccion,0.46,0.42,0.21,0.43,0.18,0.5,0.39
2021-11-03,no hay direccion,0.07,0.18,0.33,0.29,0.49,0.18,0.45
2021-11-04,no hay direccion,0.25,0.38,0.27,0.05,0.05,0.25,0.28
2021-11-05,no hay direccion,0.16,0.42,0.07,0.18,0.0,0.38,0.12
2021-11-06,no hay direccion,0.19,0.1,0.46,0.21,0.19,0.17,0.47
2021-11-07,no hay direccion,0.38,0.22,0.17,0.31,0.35,0.47,0.42
2021-11-08,no hay direccion,0.39,0.19,0.34,0.29,0.5,0.07,0.25
2021-11-09,no hay direccion,0.46,0.35,0.02,0.48,0.32,0.03,0.34
2021-11-10,no hay direccion,0.16,0.21,0.04,0.31,0.09,0.17,0.19
2021-11-11,no hay direccion,0.22,0.32,0.43,0.48,0.34,0.38,0.45
2021-11-12,no hay direccion,0.27,0.37,0.41,0.07,0.25,0.32,0.15
2021-11-13,no hay direccion,0.09,0.19,0.02,0.07,0.22,0.17,0.49
2021-11-14,no hay direccion,0.27,0.0,0.11,0.23,0.19,0.31,0.47
2021-11-15,no hay direccion,0.0,0.44,0.02,0.22,0.17,0.3,0.45
2021-11-16,no hay direccion,0.32,0.38,0.41,0.28,0.28,0.36,0.37
2021-11-17,las nieves,0.32,0.27,0.36,0.42,0.25,0.01,0.31
2021-11-18,no hay direccion,0.07,0.2,0.29,0.28,0.39,0.13,0.15
2021-11-19,no hay direccion,0.41,0.31,0.5,0.34,0.36,0.05,0.36
2021-11-20,no hay direccion,0.05,0.24,0.23,0.19,0.47,0.26,0.21
2021-11-21,no hay direccion,0.49,0.0,0.06,0.38,0.46,0.44,0.45
2021-11-22,no hay direccion,0.15,0.47,0.0,0.27,0.03,0.44,0.19
2021-11-23,no hay direccion,0.25,0.29,0.32,0.04,0.45,0.48,0.37
2021-11-24,no hay direccion,0.03,0.37,0.07,0.19,0.14,0.18,0.31
2021-11-25,no hay direccion,0.46,0.47,0.03,0.2,0.44,0.5,0.34
2021-11-26,no hay direccion,0.21,0.29,0.33,0.06,0.39,0.14,0.42
2021-11-27,no hay direccion,0.44,0.16,0.06,0.2,0.18,0.03,0.03
2021-11-28,no hay direccion,0.43,0.06,0.15,0.17,0.0,0.31,0.22
2021-11-29,no hay direccion,0.03,0.11,0.39,0.11,0.16,0.45,0.3
2021-11-30,no hay direccion,0.38,0.08,0.41,0.33,0.05,0.04,0.19
2021-12-01,no hay direccion,0.18,0.16,0.04,0.38,0.21,0.06,0.24
2021-12-02,no hay direccion,0.12,0.26,0.25,0.24,0.46,0.38,0.11
2021-12-03,alto rosasani,0.47,0.35,0.24,0.41,0.33,0.15,0.76
2021-12-04,alto rosasani,0.18,0.15,0.34,0.73,0.22,0.11,0.22
2021-12-05,no hay direccion,0.01,0.37,0.16,0.27,0.38,0.33,0.46
2021-12-06,no hay direccion,0.41,0.02,0.36,0.11,0.03,0.22,0.3
2021-12-07,no hay direccion,0.48,0.26,0.29,0.02,0.21,0.06,0.32
2021-12-08,no hay direccion,0.23,0.21,0.35,0.38,0.26,0.29,0.04
2021-12-09,no hay direccion,0.46,0.11,0.41,0.02,0.17,0.09,0.04
2021-12-10,irpavi,0.24,0.1,0.7,0.23,0.47,0.82,0.39
2021-12-11,no hay direccion,0.15,0.19,0.31,0.19,0.34,0.11,0.07
2021-12-12,no hay direccion,0.27,0.3,0.04,0.37,0.33,0.32,0.31
2021-12-13,no hay direccion,0.43,0.25,0.42,0.39,0.46,0.4,0.16
2021-12-14,no hay direccion,0.07,0.2,0.48,0.24,0.14,0.18,0.17
2021-12-15,no hay direccion,0.34,0.09,0.03,0.35,0.02,0.38,0.17
2021-12-16,no hay direccion,0.18,0.43,0.17,0.09,0.1,0.36,0.18
2021-12-17,no hay direccion,0.06,0.35,0.32,0.47,0.3,0.16,0.04
2021-12-18,no hay direccion,0.5,0.26,0.07,0.24,0.5,0.41,0.01
2021-12-19,no hay direccion,0.02,0.18,0.39,0.11,0.18,0.23,0.37
2021-12-20,no hay direccion,0.25,0.2,0.45,0.27,0.23,0.31,0.07
2021-12-21,tejada sorzano,0.17,0.14,0.05,0.71,0.01,0.15,0.29
2021-12-22,no hay direccion,0.22,0.22,0.06,0.05,0.05,0.08,0.44
2021-12-23,no hay direccion,0.5,0.49,0.23,0.06,0.45,0.35,0.16
2021-12-24,no hay direccion,0.3,0.33,0.03,0.23,0.1,0.4,0.3
2021-12-25,no hay direccion,0.49,0.36,0.12,0.2,0.48,0.46,0.26
2021-12-26,no hay direccion,0.17,0.19,0.08,0.22,0.27,0.18,0.25
2021-12-27,rosario,0.16,0.4,0.22,0.58,0.31,0.5,0.04
2021-12-28,no hay direccion,0.1,0.01,0.1,0.2,0.43,0.39,0.48
2021-12-29,no hay direccion,0.4,0.14,0.24,0.21,0.36,0.18,0.46
2021-12-30,no hay direccion,0.0,0.23,0.34,0.08,0.48,0.13,0.38
2021-12-31,no hay direccion,0.06,0.47,0.35,0.31,0.08,0.19,0.45
2022-01-01,no hay direccion,0.43,0.04,0.25,0.22,0.21,0.11,0.11
2022-01-02,no hay direccion,0.38,0.09,0.3,0.46,0.05,0.25,0.01
2022-01-03,no hay direccion,0.39,0.08,0.18,0.32,0.46,0.45,0.45
2022-01-04,no hay direccion,0.41,0.07,0.46,0.44,0.11,0.43,0.37
2022-01-05,no hay direccion,0.29,0.09,0.05,0.29,0.04,0.09,0.23
2022-01-06,no hay direccion,0.03,0.11,0.4,0.38,0.38,0.1,0.45
2022-01-07,no hay direccion,0.15,0.22,0.38,0.21,0.09,0.24,0.2
2022-01-08,no hay direccion,0.38,0.33,0.18,0.22,0.39,0.09,0.08
2022-01-09,no hay direccion,0.25,0.26,0.4,0.31,0.04,0.04,0.02
2022-01-10,no hay direccion,0.05,0.32,0.31,0.43,0.41,0.07,0.07
2022-01-11,no hay direccion,0.38,0.43,0.34,0.15,0.49,0.37,0.35
2022-01-12,no hay direccion,0.3,0.29,0.4,0.32,0.34,0.35,0.28
2022-01-13,no hay direccion,0.41,0.32,0.32,0.26,0.43,0.31,0.2
2022-01-14,no hay direccion,0.33,0.49,0.18,0.21,0.22,0.36,0.16
2022-01-15,no hay direccion,0.04,0.45,0.02,0.27,0.22,0.2,0.08
2022-01-16,no hay direccion,0.02,0.42,0.17,0.05,0.49,0.42,0.32
2022-01-17,no hay direccion,0.17,0.28,0.24,0.13,0.29,0.18,0.26
2022-01-18,no hay direccion,0.43,0.12,0.11,0.2,0.41,0.29,0.41
2022-01-19,no hay direccion,0.13,0.17,0.15,0.26,0.13,0.43,0.48
2022-01-20,no hay direccion,0.06,0.22,0.21,0.27,0.03,0.29,0.13
2022-01-21,no hay direccion,0.37,0.43,0.08,0.25,0.28,0.06,0.18
2022-01-22,no hay direccion,0.43,0.34,0.39,0.37,0.48,0.38,0.29
2022-01-23,no hay direccion,0.08,0.14,0.45,0.41,0.35,0.31,0.25
2022-01-24,no hay direccion,0.5,0.44,0.49,0.47,0.19,0.33,0.07
2022-01-25,no hay direccion,0.03,0.21,0.39,0.22,0.3,0.32,0.2
2022-01-26,no hay direccion,0.01,0.15,0.19,0.34,0.47,0.16,0.11
2022-01-27,no hay direccion,0.25,0.1,0.36,0.16,0.47,0.21,0.35
2022-01-28,no hay direccion,0.36,0.42,0.39,0.33,0.36,0.37,0.34
2022-01-29,no hay direccion,0.02,0.3,0.46,0.34,0.42,0.07,0.5
2022-01-30,no hay direccion,0.02,0.25,0.17,0.24,0.13,0.21,0.05
2022-01-31,no hay direccion,0.07,0.31,0.01,0.46,0.03,0.19,0.4
2022-02-01,no hay direccion,0.4,0.37,0.13,0.47,0.46,0.29,0.12
2022-02-02,no hay direccion,0.46,0.4,0.12,0.33,0.32,0.39,0.11
2022-02-03,no hay direccion,0.37,0.09,0.08,0.07,0.5,0.3,0.28
2022-02-04,no hay direccion,0.33,0.04,0.1,0.09,0.05,0.37,0.25
2022-02-05,no hay direccion,0.01,0.11,0.32,0.4,0.16,0.45,0.28
2022-02-06,no hay direccion,0.42,0.23,0.5,0.3,0.42,0.13,0.16
2022-02-07,no hay direccion,0.44,0.2,0.25,0.01,0.08,0.28,0.24
2022-02-08,no hay direccion,0.08,0.31,0.25,0.06,0.45,0.33,0.32
2022-02-09,no hay direccion,0.22,0.23,0.34,0.19,0.4,0.33,0.02
2022-02-10,no hay direccion,0.28,0.11,0.37,0.13,0.11,0.21,0.09
2022-02-11,no hay direccion,0.34,0.48,0.18,0.09,0.26,0.3,0.17
2022-02-12,no hay direccion,0.46,0.41,0.35,0.42,0.19,0.09,0.18
2022-02-13,no hay direccion,0.22,0.44,0.24,0.34,0.05,0.11,0.33
2022-02-14,no hay direccion,0.17,0.37,0.16,0.4,0.22,0.06,0.06
2022-02-15,no hay direccion,0.25,0.4,0.09,0.24,0.48,0.39,0.26
2022-02-16,no hay direccion,0.07,0.37,0.06,0.22,0.01,0.14,0.13
2022-02-17,no hay direccion,0.35,0.23,0.15,0.31,0.01,0.13,0.4
2022-02-18,no hay direccion,0.3,0.45,0.18,0.21,0.11,0.42,0.34
2022-02-19,no hay direccion,0.49,0.4,0.06,0.28,0.48,0.02,0.39
2022-02-20,no hay direccion,0.46,0.09,0.19,0.37,0.16,0.41,0.42
2022-02-21,no hay direccion,0.23,0.09,0.43,0.1,0.01,0.16,0.41
2022-02-22,no hay direccion,0.19,0.38,0.43,0.28,0.03,0.44,0.37
2022-02-23,no hay direccion,0.3,0.07,0.23,0.33,0.34,0.24,0.32
2022-02-24,no hay direccion,0.4,0.45,0.34,0.28,0.06,0.14,0.39
2022-02-25,no hay direccion,0.35,0.46,0.36,0.29,0.31,0.01,0.24
2022-02-26,no hay direccion,0.18,0.32,0.1,0.22,0.48,0.09,0.44
2022-02-27,no hay direccion,0.06,0.2,0.23,0.21,0.1,0.48,0.14
2022-02-28,no hay direccion,0.19,0.11,0.11,0.06,0.4,0.33,0.04
2022-03-01,no hay direccion,0.08,0.05,0.11,0.0,0.06,0.49,0.25
2022-03-02,no hay direccion,0.23,0.09,0.14,0.26,0.44,0.36,0.45
2022-03-03,no hay direccion,0.38,0.12,0.09,0.38,0.06,0.3,0.39
2022-03-04,no hay direccion,0.46,0.39,0.17,0.14,0.31,0.02,0.08
2022-03-05,no hay direccion,0.42,0.23,0.46,0.31,0.25,0.09,0.09
2022-03-06,no hay direccion,0.18,0.1,0.38,0.31,0.18,0.22,0.18
2022-03-07,no hay direccion,0.23,0.3,0.39,0.44,0.02,0.05,0.26
2022-03-08,no hay direccion,0.1,0.34,0.47,0.31,0.29,0.3,0.17
2022-03-09,no hay direccion,0.41,0.26,0.35,0.36,0.02,0.2,0.48
2022-03-10,no hay direccion,0.48,0.08,0.12,0.3,0.46,0.18,0.0
2022-03-11,no hay direccion,0.3,0.17,0.18,0.37,0.4,0.29,0.29
2022-03-12,no hay direccion,0.08,0.02,0.47,0.33,0.46,0.35,0.34
2022-03-13,no hay direccion,0.36,0.13,0.07,0.02,0.09,0.16,0.29
2022-03-14,no hay direccion,0.1,0.09,0.25,0.06,0.3,0.01,0.02
2022-03-15,no hay direccion,0.31,0.31,0.17,0.12,0.25,0.42,0.27
2022-03-16,no hay direccion,0.41,0.29,0.2,0.05,0.5,0.4,0.19
2022-03-17,no hay direccion,0.05,0.39,0.44,0.27,0.46,0.49,0.42
2022-03-18,no hay direccion,0.18,0.49,0.35,0.27,0.32,0.47,0.45
2022-03-19,no hay direccion,0.31,0.35,0.09,0.44,0.25,0.12,0.22
2022-03-20,no hay direccion,0.12,0.05,0.06,0.11,0.26,0.06,0.05
2022-03-21,no hay direccion,0.4,0.31,0.47,0.13,0.08,0.47,0.01
2022-03-22,no hay direccion,0.44,0.25,0.36,0.03,0.13,0.0,0.08
2022-03-23,no hay direccion,0.32,0.37,0.43,0.21,0.18,0.17,0.48
2022-03-24,no hay direccion,0.09,0.2,0.11,0.2,0.3,0.28,0.08
2022-03-25,no hay direccion,0.09,0.29,0.35,0.45,0.48,0.19,0.47
2022-03-26,no hay direccion,0.41,0.39,0.21,0.49,0.07,0.09,0.04
2022-03-27,no hay direccion,0.36,0.0,0.38,0.49,0.33,0.39,0.23
2022-03-28,no hay direccion,0.23,0.47,0.31,0.36,0.49,0.07,0.16
2022-03-29,no hay direccion,0.09,0.36,0.11,0.42,0.43,0.33,0.37
2022-03-30,no hay direccion,0.4,0.15,0.48,0.33,0.44,0.02,0.19
2022-03-31,no hay direccion,0.47,0.18,0.29,0.47,0.01,0.39,0.24
2022-04-01,no hay direccion,0.31,0.18,0.12,0.16,0.15,0.46,0.28
2022-04-02,no hay direccion,0.08,0.32,0.24,0.27,0.0,0.27,0.45
2022-04-03,no hay direccion,0.19,0.39,0.36,0.46,0.35,0.05,0.22
2022-04-04,no hay direccion,0.43,0.31,0.21,0.21,0.13,0.06,0.45
2022-04-05,no hay direccion,0.12,0.02,0.1,0.18,0.11,0.24,0.44
2022-04-06,no hay direccion,0.49,0.12,0.12,0.4,0.4,0.39,0.04
2022-04-07,no hay direccion,0.39,0.46,0.06,0.28,0.34,0.11,0.42
2022-04-08,no hay direccion,0.38,0.15,0.49,0.46,0.06,0.02,0.4
2022-04-09,no hay direccion,0.09,0.18,0.15,0.25,0.5,0.12,0.12
2022-04-10,no hay direccion,0.04,0.37,0.39,0.46,0.33,0.25,0.0
2022-04-11,no hay direccion,0.26,0.42,0.48,0.3,0.45,0.08,0.18
2022-04-12,no hay direccion,0.34,0.14,0.35,0.44,0.13,0.46,0.09
2022-04-13,no hay direccion,0.22,0.05,0.22,0.26,0.41,0.13,0.05
2022-04-14,no hay direccion,0.18,0.02,0.3,0.2,0.28,0.16,0.04
2022-04-15,no hay direccion,0.41,0.24,0.36,0.14,0.39,0.12,0.2
2022-04-16,no hay direccion,0.38,0.36,0.49,0.07,0.35,0.2,0.45
2022-04-17,no hay direccion,0.19,0.1,0.02,0.17,0.28,0.36,0.44
2022-04-18,no hay direccion,0.5,0.35,0.07,0.3,0.43,0.05,0.06
2022-04-19,no hay direccion,0.3,0.27,0.24,0.49,0.15,0.42,0.35
2022-04-20,no hay direccion,0.02,0.41,0.04,0.12,0.26,0.3,0.09
2022-04-21,no hay direccion,0.26,0.12,0.29,0.25,0.11,0.22,0.29
2022-04-22,no hay direccion,0.27,0.03,0.08,0.27,0.11,0.42,0.22
2022-04-23,no hay direccion,0.36,0.34,0.38,0.09,0.48,0.32,0.3
2022-04-24,no hay direccion,0.05,0.18,0.39,0.43,0.5,0.45,0.21
2022-04-25,no hay direccion,0.46,0.5,0.33,0.06,0.24,0.19,0.24
2022-04-26,no hay direccion,0.11,0.41,0.1,0.39,0.46,0.45,0.36
2022-04-27,no hay direccion,0.34,0.05,0.14,0.22,0.21,0.32,0.09
2022-04-28,no hay direccion,0.04,0.42,0.12,0.13,0.49,0.41,0.09
2022-04-29,no hay direccion,0.15,0.29,0.07,0.07,0.02,0.05,0.1
2022-04-30,no hay direccion,0.46,0.08,0.49,0.42,0.21,0.49,0.01
2022-05-01,no hay direccion,0.26,0.35,0.35,0.24,0.19,0.49,0.43
2022-05-02,no hay direccion,0.47,0.3,0.12,0.09,0.24,0.21,0.49
2022-05-03,no hay direccion,0.26,0.13,0.02,0.39,0.09,0.03,0.07
2022-05-04,no hay direccion,0.43,0.32,0.09,0.07,0.06,0.45,0.24
2022-05-05,no hay direccion,0.03,0.45,0.22,0.43,0.22,0.49,0.2
2022-05-06,no hay direccion,0.2,0.34,0.2,0.36,0.24,0.01,0.13
2022-05-07,no hay direccion,0.47,0.47,0.45,0.14,0.34,0.05,0.27
2022-05-08,no hay direccion,0.0,0.1,0.37,0.41,0.32,0.29,0.22
2022-05-09,no hay direccion,0.22,0.06,0.14,0.23,0.2,0.36,0.25
2022-05-10,no hay direccion,0.11,0.08,0.3,0.31,0.36,0.4,0.47
2022-05-11,no hay direccion,0.04,0.25,0.27,0.47,0.26,0.18,0.2
2022-05-12,no hay direccion,0.11,0.44,0.22,0.29,0.09,0.29,0.46
2022-05-13,no hay direccion,0.12,0.32,0.35,0.06,0.45,0.34,0.22
2022-05-14,no hay direccion,0.03,0.47,0.25,0.49,0.49,0.38,0.17
2022-05-15,no hay direccion,0.39,0.17,0.27,0.09,0.2,0.02,0.09
2022-05-16,no hay direccion,0.5,0.49,0.34,0.08,0.3,0.5,0.33
2022-05-17,no hay direccion,0.17,0.24,0.09,0.4,0.13,0.15,0.29
2022-05-18,no hay direccion,0.25,0.27,0.34,0.48,0.23,0.03,0.24
2022-05-19,no hay direccion,0.49,0.12,0.2,0.23,0.02,0.43,0.25
2022-05-20,no hay direccion,0.04,0.38,0.08,0.22,0.12,0.18,0.49
2022-05-21,no hay direccion,0.5,0.39,0.35,0.48,0.17,0.46,0.24
2022-05-22,no hay direccion,0.19,0.25,0.11,0.03,0.22,0.29,0.25
2022-05-23,no hay direccion,0.09,0.25,0.02,0.14,0.17,0.49,0.48
2022-05-24,no hay direccion,0.13,0.13,0.13,0.11,0.23,0.33,0.09
2022-05-25,no hay direccion,0.35,0.09,0.05,0.37,0.42,0.19,0.07
2022-05-26,no hay direccion,0.44,0.01,0.4,0.27,0.01,0.37,0.18
2022-05-27,no hay direccion,0.26,0.1,0.01,0.08,0.19,0.48,0.36
2022-05-28,no hay direccion,0.06,0.15,0.25,0.36,0.28,0.38,0.33
2022-05-29,no hay direccion,0.11,0.23,0.15,0.16,0.03,0.41,0.32
2022-05-30,no hay direccion,0.08,0.01,0.49,0.25,0.17,0.04,0.4
2022-05-31,no hay direccion,0.26,0.38,0.22,0.04,0.26,0.38,0.49
2022-06-01,no hay direccion,0.2,0.14,0.45,0.18,0.3,0.21,0.26
2022-06-02,no hay direccion,0.06,0.03,0.26,0.01,0.15,0.11,0.39
2022-06-03,no hay direccion,0.32,0.36,0.41,0.16,0.05,0.3,0.27
2022-06-04,no hay direccion,0.35,0.11,0.41,0.31,0.22,0.26,0.22
2022-06-05,no hay direccion,0.24,0.13,0.24,0.37,0.28,0.2,0.12
2022-06-06,no hay direccion,0.42,0.08,0.05,0.39,0.29,0.12,0.28
2022-06-07,no hay direccion,0.17,0.32,0.48,0.09,0.13,0.24,0.2
2022-06-08,no hay direccion,0.1,0.12,0.14,0.11,0.19,0.11,0.03
2022-06-09,no hay direccion,0.29,0.26,0.37,0.14,0.45,0.43,0.15
2022-06-10,no hay direccion,0.19,0.41,0.3,0.49,0.16,0.28,0.38
2022-06-11,no hay direccion,0.39,0.13,0.28,0.35,0.15,0.04,0.18
2022-06-12,no hay direccion,0.21,0.44,0.26,0.45,0.26,0.48,0.01
2022-06-13,no hay direccion,0.49,0.4,0.06,0.3,0.45,0.02,0.39
2022-06-14,no hay direccion,0.24,0.32,0.2,0.35,0.21,0.41,0.03
2022-06-15,no hay direccion,0.15,0.32,0.15,0.33,0.12,0.19,0.14
2022-06-16,no hay direccion,0.08,0.46,0.34,0.29,0.4,0.11,0.41
2022-06-17,no hay direccion,0.03,0.33,0.03,0.1,0.07,0.16,0.14
2022-06-18,no hay direccion,0.26,0.11,0.07,0.29,0.39,0.26,0.45
2022-06-19,no hay direccion,0.49,0.32,0.12,0.09,0.04,0.18,0.27
2022-06-20,no hay direccion,0.08,0.43,0.39,0.43,0.42,0.17,0.48
2022-06-21,no hay direccion,0.11,0.4,0.24,0.22,0.25,0.2,0.19
2022-06-22,no hay direccion,0.16,0.1,0.28,0.45,0.46,0.04,0.07
2022-06-23,no hay direccion,0.22,0.42,0.22,0.26,0.14,0.5,0.32
2022-06-24,no hay direccion,0.15,0.1,0.12,0.18,0.39,0.17,0.19
2022-06-25,no hay direccion,0.14,0.31,0.32,0.35,0.15,0.06,0.25
2022-06-26,no hay direccion,0.47,0.06,0.33,0.49,0.15,0.34,0.07
2022-06-27,no hay direccion,0.08,0.21,0.48,0.01,0.16,0.38,0.35
2022-06-28,no hay direccion,0.1,0.0,0.08,0.19,0.04,0.04,0.32
2022-06-29,no hay direccion,0.37,0.48,0.03,0.08,0.39,0.11,0.39
2022-06-30,no hay direccion,0.41,0.18,0.13,0.07,0.23,0.36,0.44
2022-07-01,no hay direccion,0.05,0.29,0.13,0.39,0.08,0.14,0.19
2022-07-02,no hay direccion,0.38,0.04,0.05,0.13,0.18,0.31,0.22
2022-07-03,no hay direccion,0.2,0.09,0.29,0.39,0.37,0.03,0.21
2022-07-04,no hay direccion,0.39,0.37,0.2,0.0,0.09,0.1,0.15
2022-07-05,no hay direccion,0.28,0.15,0.33,0.23,0.39,0.13,0.37
2022-07-06,no hay direccion,0.28,0.37,0.06,0.5,0.14,0.24,0.38
2022-07-07,no hay direccion,0.03,0.33,0.03,0.17,0.49,0.15,0.13
2022-07-08,no hay direccion,0.43,0.04,0.1,0.4,0.07,0.28,0.31
2022-07-09,no hay direccion,0.25,0.27,0.21,0.07,0.01,0.31,0.09
2022-07-10,no hay direccion,0.08,0.43,0.2,0.22,0.01,0.49,0.42
2022-07-11,no hay direccion,0.19,0.06,0.34,0.46,0.03,0.41,0.06
2022-07-12,no hay direccion,0.1,0.34,0.13,0.23,0.4,0.17,0.33
2022-07-13,no hay direccion,0.32,0.13,0.01,0.12,0.32,0.37,0.28
2022-07-14,no hay direccion,0.36,0.33,0.47,0.3,0.01,0.0,0.23
2022-07-15,no hay direccion,0.03,0.12,0.0,0.37,0.37,0.3,0.4
2022-07-16,no hay direccion,0.11,0.21,0.21,0.47,0.03,0.25,0.16
2022-07-17,no hay direccion,0.09,0.19,0.36,0.01,0.49,0.08,0.35
2022-07-18,no hay direccion,0.38,0.24,0.03,0.31,0.45,0.49,0.17
2022-07-19,no hay direccion,0.12,0.19,0.47,0.29,0.01,0.26,0.29
2022-07-20,no hay direccion,0.19,0.41,0.39,0.25,0.46,0.33,0.37
2022-07-21,no hay direccion,0.2,0.48,0.39,0.26,0.23,0.18,0.29
2022-07-22,no hay direccion,0.38,0.42,0.4,0.31,0.23,0.48,0.01
2022-07-23,no hay direccion,0.46,0.41,0.34,0.01,0.08,0.35,0.1
2022-07-24,no hay direccion,0.48,0.43,0.39,0.2,0.23,0.26,0.11
2022-07-25,no hay direccion,0.0,0.26,0.04,0.04,0.16,0.08,0.26
2022-07-26,no hay direccion,0.1,0.2,0.3,0.4,0.24,0.05,0.02
2022-07-27,no hay direccion,0.07,0.09,0.28,0.36,0.27,0.27,0.29
2022-07-28,no hay direccion,0.16,0.19,0.32,0.01,0.46,0.23,0.39
2022-07-29,no hay direccion,0.38,0.3,0.45,0.33,0.25,0.08,0.42
2022-07-30,no hay direccion,0.46,0.21,0.42,0.35,0.1,0.13,0.08
2022-07-31,no hay direccion,0.07,0.48,0.16,0.34,0.48,0.44,0.15
2022-08-01,no hay direccion,0.42,0.06,0.35,0.06,0.46,0.31,0.48
2022-08-02,no hay direccion,0.22,0.0,0.35,0.04,0.12,0.45,0.38
2022-08-03,no hay direccion,0.08,0.24,0.21,0.43,0.05,0.2,0.35
2022-08-04,no hay direccion,0.21,0.23,0.15,0.05,0.03,0.46,0.37
2022-08-05,no hay direccion,0.16,0.13,0.47,0.21,0.16,0.05,0.24
2022-08-06,no hay direccion,0.07,0.39,0.02,0.12,0.18,0.35,0.16
2022-08-07,no hay direccion,0.22,0.2,0.28,0.24,0.43,0.28,0.48
2022-08-08,no hay direccion,0.16,0.27,0.29,0.31,0.24,0.04,0.19
2022-08-09,no hay direccion,0.29,0.22,0.33,0.27,0.05,0.13,0.43
2022-08-10,no hay direccion,0.22,0.3,0.04,0.44,0.28,0.13,0.41
2022-08-11,no hay direccion,0.35,0.27,0.28,0.06,0.03,0.02,0.07
2022-08-12,no hay direccion,0.23,0.14,0.23,0.38,0.25,0.23,0.05
2022-08-13,no hay direccion,0.25,0.29,0.16,0.18,0.33,0.12,0.17
2022-08-14,no hay direccion,0.24,0.37,0.09,0.16,0.35,0.4,0.37
2022-08-15,no hay direccion,0.42,0.04,0.47,0.46,0.08,0.07,0.23
2022-08-16,no hay direccion,0.29,0.32,0.35,0.28,0.29,0.35,0.25
2022-08-17,no hay direccion,0.47,0.43,0.12,0.26,0.39,0.01,0.31
2022-08-18,no hay direccion,0.1,0.38,0.38,0.08,0.43,0.49,0.44
2022-08-19,no hay direccion,0.21,0.4,0.28,0.18,0.4,0.5,0.11
2022-08-20,no hay direccion,0.37,0.17,0.18,0.38,0.42,0.42,0.43
2022-08-21,no hay direccion,0.0,0.2,0.2,0.05,0.36,0.01,0.26
2022-08-22,no hay direccion,0.42,0.22,0.22,0.46,0.44,0.37,0.43
2022-08-23,no hay direccion,0.15,0.38,0.28,0.4,0.33,0.27,0.46
2022-08-24,no hay direccion,0.08,0.12,0.32,0.26,0.15,0.31,0.08
2022-08-25,no hay direccion,0.05,0.25,0.0,0.09,0.04,0.25,0.08
2022-08-26,no hay direccion,0.15,0.23,0.09,0.38,0.06,0.28,0.23
2022-08-27,no hay direccion,0.02,0.4,0.05,0.06,0.02,0.46,0.06
2022-08-28,no hay direccion,0.02,0.49,0.44,0.22,0.38,0.36,0.22
2022-08-29,no hay direccion,0.07,0.4,0.33,0.13,0.29,0.05,0.07
2022-08-30,no hay direccion,0.24,0.19,0.26,0.23,0.03,0.19,0.46
2022-08-31,no hay direccion,0.37,0.06,0.25,0.07,0.37,0.33,0.28
2022-09-01,no hay direccion,0.25,0.41,0.05,0.36,0.37,0.13,0.38
2022-09-02,no hay direccion,0.23,0.03,0.04,0.42,0.2,0.31,0.08
2022-09-03,no hay direccion,0.04,0.46,0.19,0.06,0.2,0.43,0.38
2022-09-04,no hay direccion,0.41,0.44,0.03,0.05,0.3,0.32,0.38
2022-09-05,no hay direccion,0.11,0.17,0.2,0.04,0.24,0.17,0.39
2022-09-06,no hay direccion,0.23,0.15,0.01,0.05,0.31,0.43,0.12
2022-09-07,no hay direccion,0.37,0.36,0.05,0.41,0.39,0.26,0.4
2022-09-08,no hay direccion,0.11,0.41,0.24,0.07,0.12,0.46,0.36
2022-09-09,no hay direccion,0.07,0.11,0.44,0.14,0.46,0.12,0.39
2022-09-10,no hay direccion,0.35,0.36,0.26,0.12,0.11,0.15,0.31
2022-09-11,no hay direccion,0.36,0.16,0.31,0.34,0.29,0.02,0.34
2022-09-12,no hay direccion,0.45,0.1,0.07,0.44,0.02,0.19,0.29
2022-09-13,no hay direccion,0.19,0.48,0.48,0.41,0.22,0.36,0.42
2022-09-14,no hay direccion,0.22,0.29,0.03,0.06,0.23,0.11,0.07
2022-09-15,no hay direccion,0.13,0.09,0.23,0.04,0.08,0.09,0.32
2022-09-16,no hay direccion,0.28,0.42,0.02,0.47,0.38,0.37,0.26
2022-09-17,no hay direccion,0.23,0.17,0.37,0.18,0.01,0.22,0.25
2022-09-18,no hay direccion,0.48,0.1,0.08,0.17,0.21,0.06,0.12
2022-09-19,no hay direccion,0.09,0.42,0.47,0.18,0.27,0.21,0.35
2022-09-20,no hay direccion,0.35,0.04,0.02,0.24,0.37,0.07,0.44
2022-09-21,no hay direccion,0.38,0.08,0.19,0.49,0.47,0.31,0.28
2022-09-22,no hay direccion,0.4,0.27,0.16,0.07,0.25,0.17,0.47
2022-09-23,no hay direccion,0.19,0.34,0.16,0.28,0.0,0.4,0.17
2022-09-24,no hay direccion,0.47,0.45,0.35,0.13,0.04,0.38,0.02
2022-09-25,no hay direccion,0.02,0.09,0.17,0.41,0.1,0.13,0.35
2022-09-26,no hay direccion,0.32,0.22,0.31,0.2,0.36,0.31,0.08
2022-09-27,no hay direccion,0.06,0.17,0.14,0.49,0.33,0.19,0.19
2022-09-28,no hay direccion,0.3,0.35,0.01,0.01,0.37,0.07,0.38
2022-09-29,no hay direccion,0.31,0.21,0.32,0.19,0.48,0.31,0.37
2022-09-30,no hay direccion,0.32,0.21,0.48,0.3,0.13,0.02,0.3
2022-10-01,no hay direccion,0.25,0.38,0.13,0.14,0.41,0.32,0.08
2022-10-02,no hay direccion,0.24,0.38,0.44,0.2,0.49,0.1,0.22
2022-10-03,no hay direccion,0.42,0.47,0.41,0.21,0.38,0.42,0.5
2022-10-04,no hay direccion,0.02,0.33,0.42,0.23,0.49,0.08,0.02
2022-10-05,no hay direccion,0.2,0.21,0.07,0.1,0.17,0.01,0.44
2022-10-06,no hay direccion,0.11,0.34,0.03,0.13,0.43,0.05,0.23
2022-10-07,no hay direccion,0.2,0.17,0.11,0.48,0.01,0.11,0.04
2022-10-08,no hay direccion,0.27,0.38,0.1,0.32,0.46,0.21,0.11
2022-10-09,no hay direccion,0.29,0.13,0.3,0.05,0.34,0.01,0.14
2022-10-10,no hay direccion,0.25,0.37,0.24,0.21,0.07,0.47,0.26
2022-10-11,no hay direccion,0.47,0.22,0.16,0.07,0.27,0.01,0.05
2022-10-12,no hay direccion,0.18,0.23,0.3,0.29,0.05,0.13,0.15
2022-10-13,no hay direccion,0.28,0.49,0.27,0.07,0.14,0.35,0.33
2022-10-14,no hay direccion,0.17,0.13,0.12,0.14,0.3,0.39,0.09
2022-10-15,no hay direccion,0.18,0.18,0.27,0.32,0.32,0.1,0.09
2022-10-16,no hay direccion,0.31,0.05,0.38,0.21,0.25,0.13,0.41
2022-10-17,no hay direccion,0.12,0.06,0.16,0.04,0.15,0.2,0.45
2022-10-18,no hay direccion,0.06,0.16,0.24,0.07,0.04,0.02,0.42
2022-10-19,no hay direccion,0.38,0.49,0.47,0.3,0.25,0.05,0.19
2022-10-20,no hay direccion,0.13,0.14,0.34,0.36,0.37,0.07,0.3
2022-10-21,no hay direccion,0.18,0.09,0.09,0.23,0.14,0.07,0.39
2022-10-22,no hay direccion,0.0,0.37,0.42,0.4,0.26,0.48,0.13
2022-10-23,no hay direccion,0.01,0.45,0.01,0.19,0.42,0.28,0.17
2022-10-24,no hay direccion,0.45,0.4,0.14,0.12,0.28,0.11,0.47
2022-10-25,no hay direccion,0.33,0.03,0.08,0.14,0.14,0.25,0.09
2022-10-26,no hay direccion,0.12,0.25,0.36,0.34,0.1,0.17,0.3
2022-10-27,no hay direccion,0.05,0.22,0.41,0.07,0.26,0.21,0.38
2022-10-28,no hay direccion,0.17,0.06,0.3,0.02,0.41,0.32,0.22
2022-10-29,no hay direccion,0.3,0.09,0.29,0.4,0.42,0.06,0.11
2022-10-30,no hay direccion,0.16,0.13,0.22,0.22,0.08,0.05,0.46
2022-10-31,no hay direccion,0.42,0.44,0.4,0.02,0.0,0.46,0.29
2022-11-01,janko uma,0.3,0.2,0.45,0.67,0.32,0.02,0.39
2022-11-02,no hay direccion,0.12,0.15,0.34,0.12,0.04,0.24,0.02
2022-11-03,no hay direccion,0.08,0.34,0.17,0.4,0.46,0.18,0.48
2022-11-04,no hay direccion,0.36,0.07,0.24,0.31,0.05,0.35,0.13
2022-11-05,no hay direccion,0.25,0.34,0.35,0.3,0.49,0.03,0.26
2022-11-06,no hay direccion,0.05,0.32,0.36,0.04,0.4,0.0,0.27
2022-11-07,no hay direccion,0.49,0.17,0.38,0.25,0.21,0.21,0.17
2022-11-08,no hay direccion,0.17,0.09,0.37,0.33,0.27,0.27,0.29
2022-11-09,no hay direccion,0.1,0.36,0.44,0.19,0.37,0.09,0.02
2022-11-10,no hay direccion,0.35,0.29,0.04,0.21,0.18,0.13,0.14
2022-11-11,no hay direccion,0.11,0.21,0.21,0.06,0.21,0.13,0.3
2022-11-12,no hay direccion,0.26,0.31,0.3,0.44,0.27,0.42,0.07
2022-11-13,no hay direccion,0.36,0.1,0.46,0.48,0.03,0.49,0.28
2022-11-14,no hay direccion,0.41,0.24,0.25,0.47,0.27,0.06,0.43
2022-11-15,no hay direccion,0.14,0.05,0.26,0.42,0.39,0.16,0.15
2022-11-16,san isidro bajo,0.18,0.41,0.17,0.82,0.18,0.31,0.19
2022-11-17,no hay direccion,0.22,0.5,0.19,0.1,0.31,0.18,0.02
2022-11-18,no hay direccion,0.19,0.04,0.38,0.03,0.1,0.38,0.07
2022-11-19,no hay direccion,0.04,0.21,0.17,0.48,0.03,0.46,0.32
2022-11-20,no hay direccion,0.43,0.28,0.04,0.33,0.27,0.35,0.39
2022-11-21,no hay direccion,0.35,0.29,0.11,0.07,0.27,0.0,0.11
2022-11-22,no hay direccion,0.05,0.22,0.12,0.29,0.01,0.27,0.44
2022-11-23,no hay direccion,0.36,0.34,0.48,0.35,0.2,0.21,0.1
2022-11-24,no hay direccion,0.4,0.14,0.46,0.22,0.25,0.11,0.07
2022-11-25,no hay direccion,0.44,0.13,0.45,0.37,0.42,0.22,0.4
2022-11-26,no hay direccion,0.19,0.47,0.37,0.47,0.42,0.45,0.48
2022-11-27,no hay direccion,0.21,0.18,0.43,0.01,0.11,0.08,0.14
2022-11-28,no hay direccion,0.3,0.05,0.07,0.08,0.48,0.36,0.37
2022-11-29,no hay direccion,0.4,0.05,0.27,0.28,0.31,0.32,0.02
2022-11-30,no hay direccion,0.2,0.03,0.04,0.15,0.01,0.01,0.45
2022-12-01,no hay direccion,0.4,0.16,0.11,0.15,0.36,0.02,0.35
2022-12-02,no hay direccion,0.12,0.36,0.23,0.17,0.19,0.23,0.15
2022-12-03,no hay direccion,0.37,0.27,0.12,0.19,0.36,0.02,0.05
2022-12-04,no hay direccion,0.22,0.02,0.42,0.19,0.01,0.02,0.11
2022-12-05,no hay direccion,0.06,0.46,0.11,0.35,0.2,0.14,0.12
2022-12-06,no hay direccion,0.09,0.04,0.09,0.17,0.07,0.02,0.07
2022-12-07,no hay direccion,0.13,0.47,0.31,0.26,0.11,0.46,0.06
2022-12-08,no hay direccion,0.14,0.01,0.17,0.44,0.34,0.27,0.22
2022-12-09,no hay direccion,0.12,0.06,0.12,0.45,0.05,0.46,0.47
2022-12-10,no hay direccion,0.18,0.18,0.46,0.5,0.41,0.09,0.18
2022-12-11,jinchupalla,0.05,0.18,0.36,0.74,0.11,0.01,0.38
2022-12-12,no hay direccion,0.45,0.29,0.3,0.09,0.4,0.4,0.32
2022-12-13,no hay direccion,0.32,0.28,0.08,0.1,0.17,0.43,0.17
2022-12-14,no hay direccion,0.38,0.33,0.19,0.09,0.43,0.27,0.43
2022-12-15,no hay direccion,0.04,0.29,0.26,0.23,0.24,0.49,0.39
2022-12-16,no hay direccion,0.09,0.1,0.37,0.42,0.47,0.25,0.06
2022-12-17,no hay direccion,0.45,0.35,0.37,0.03,0.5,0.39,0.09
2022-12-18,no hay direccion,0.28,0.07,0.24,0.18,0.22,0.47,0.01
2022-12-19,no hay direccion,0.43,0.41,0.23,0.29,0.06,0.33,0.07
2022-12-20,no hay direccion,0.41,0.38,0.04,0.23,0.28,0.12,0.36
2022-12-21,no hay direccion,0.12,0.18,0.37,0.07,0.29,0.15,0.15
2022-12-22,no hay direccion,0.5,0.13,0.01,0.14,0.43,0.14,0.19
2022-12-23,no hay direccion,0.08,0.12,0.14,0.17,0.27,0.08,0.39
2022-12-24,no hay direccion,0.37,0.21,0.35,0.11,0.42,0.28,0.18
2022-12-25,no hay direccion,0.34,0.25,0.1,0.23,0.12,0.0,0.37
2022-12-26,no hay direccion,0.12,0.25,0.04,0.43,0.24,0.29,0.03
2022-12-27,no hay direccion,0.46,0.2,0.19,0.24,0.31,0.22,0.3
2022-12-28,no hay direccion,0.33,0.22,0.02,0.39,0.24,0.01,0.3
2022-12-29,no hay direccion,0.5,0.04,0.12,0.31,0.38,0.49,0.14
2022-12-30,no hay direccion,0.29,0.44,0.33,0.14,0.16,0.14,0.16
2022-12-31,no hay direccion,0.34,0.19,0.11,0.11,0.12,0.39,0.32
2023-01-01,no hay direccion,0.03,0.13,0.06,0.43,0.37,0.18,0.31
2023-01-02,no hay direccion,0.41,0.09,0.28,0.33,0.5,0.07,0.3
2023-01-03,no hay direccion,0.34,0.49,0.3,0.31,0.38,0.08,0.04
2023-01-04,no hay direccion,0.37,0.47,0.34,0.24,0.05,0.11,0.25
2023-01-05,no hay direccion,0.33,0.46,0.45,0.43,0.45,0.46,0.27
2023-01-06,no hay direccion,0.41,0.4,0.5,0.41,0.3,0.49,0.17
2023-01-07,no hay direccion,0.33,0.16,0.15,0.15,0.46,0.33,0.28
2023-01-08,no hay direccion,0.11,0.38,0.36,0.39,0.19,0.17,0.14
2023-01-09,no hay direccion,0.43,0.39,0.37,0.33,0.44,0.41,0.38
2023-01-10,no hay direccion,0.13,0.15,0.43,0.27,0.14,0.4,0.36
2023-01-11,no hay direccion,0.04,0.17,0.23,0.49,0.33,0.43,0.04
2023-01-12,no hay direccion,0.29,0.4,0.46,0.15,0.05,0.26,0.25
2023-01-13,no hay direccion,0.04,0.22,0.33,0.02,0.19,0.33,0.39
2023-01-14,no hay direccion,0.04,0.3,0.14,0.36,0.24,0.18,0.14
2023-01-15,no hay direccion,0.19,0.22,0.31,0.32,0.09,0.25,0.27
2023-01-16,no hay direccion,0.49,0.17,0.19,0.47,0.12,0.4,0.12
2023-01-17,no hay direccion,0.04,0.04,0.3,0.23,0.05,0.31,0.16
2023-01-18,no hay direccion,0.02,0.38,0.37,0.3,0.14,0.02,0.44
2023-01-19,no hay direccion,0.17,0.46,0.15,0.3,0.11,0.16,0.13
2023-01-20,no hay direccion,0.21,0.22,0.28,0.39,0.14,0.21,0.01
2023-01-21,no hay direccion,0.46,0.38,0.07,0.36,0.43,0.19,0.05
2023-01-22,no hay direccion,0.28,0.1,0.42,0.42,0.03,0.09,0.4
2023-01-23,no hay direccion,0.27,0.46,0.09,0.0,0.33,0.39,0.49
2023-01-24,no hay direccion,0.14,0.34,0.1,0.38,0.39,0.32,0.11
2023-01-25,no hay direccion,0.14,0.3,0.33,0.13,0.04,0.17,0.16
2023-01-26,no hay direccion,0.0,0.15,0.0,0.28,0.3,0.39,0.29
2023-01-27,no hay direccion,0.08,0.11,0.18,0.11,0.38,0.06,0.23
2023-01-28,no hay direccion,0.14,0.03,0.29,0.2,0.42,0.22,0.06
2023-01-29,no hay direccion,0.37,0.23,0.4,0.27,0.48,0.08,0.25
2023-01-30,no hay direccion,0.08,0.01,0.45,0.26,0.38,0.28,0.26
2023-01-31,no hay direccion,0.26,0.11,0.3,0.29,0.0,0.36,0.44
2023-02-01,no hay direccion,0.11,0.23,0.44,0.11,0.39,0.29,0.33
2023-02-02,no hay direccion,0.34,0.03,0.27,0.28,0.03,0.45,0.05
2023-02-03,no hay direccion,0.35,0.01,0.15,0.43,0.11,0.36,0.15
2023-02-04,no hay direccion,0.4,0.46,0.34,0.15,0.22,0.2,0.06
2023-02-05,no hay direccion,0.41,0.22,0.36,0.11,0.21,0.35,0.36
2023-02-06,no hay direccion,0.08,0.29,0.0,0.43,0.12,0.49,0.17
2023-02-07,no hay direccion,0.03,0.06,0.21,0.2,0.33,0.01,0.33
2023-02-08,no hay direccion,0.05,0.02,0.01,0.23,0.19,0.02,0.47
2023-02-09,no hay direccion,0.03,0.46,0.27,0.21,0.24,0.37,0.2
2023-02-10,no hay direccion,0.19,0.43,0.13,0.45,0.17,0.18,0.4
2023-02-11,no hay direccion,0.4,0.09,0.32,0.16,0.04,0.02,0.24
2023-02-12,no hay direccion,0.1,0.11,0.4,0.32,0.11,0.34,0.03
2023-02-13,no hay direccion,0.15,0.39,0.1,0.43,0.19,0.48,0.36
2023-02-14,villa armonia,0.31,0.07,0.02,0.89,0.46,0.45,0.22
2023-02-15,no hay direccion,0.05,0.22,0.47,0.27,0.16,0.35,0.11
2023-02-16,no hay direccion,0.24,0.46,0.19,0.02,0.3,0.33,0.25
2023-02-17,no hay direccion,0.0,0.41,0.23,0.06,0.01,0.39,0.04
2023-02-18,no hay direccion,0.47,0.33,0.45,0.41,0.44,0.11,0.21
2023-02-19,no hay direccion,0.42,0.04,0.48,0.38,0.17,0.3,0.4
2023-02-20,no hay direccion,0.07,0.38,0.39,0.29,0.39,0.25,0.05
2023-02-21,no hay direccion,0.44,0.07,0.48,0.26,0.5,0.05,0.31
2023-02-22,no hay direccion,0.4,0.34,0.09,0.29,0.35,0.39,0.29
2023-02-23,no hay direccion,0.11,0.23,0.23,0.1,0.43,0.11,0.05
2023-02-24,urbanizacion sequoia,0.1,0.18,0.4,0.63,0.2,0.38,0.14
2023-02-25,aranjuez,0.44,0.2,0.29,0.54,0.21,0.18,0.1
2023-02-26,no hay direccion,0.29,0.23,0.44,0.14,0.13,0.37,0.16
2023-02-27,no hay direccion,0.0,0.09,0.49,0.39,0.25,0.18,0.48
2023-02-28,no hay direccion,0.05,0.23,0.45,0.05,0.06,0.47,0.04
2023-03-01,no hay direccion,0.21,0.03,0.32,0.23,0.23,0.02,0.18
2023-03-02,no hay direccion,0.4,0.33,0.06,0.47,0.33,0.34,0.45
2023-03-03,no hay direccion,0.42,0.16,0.47,0.43,0.03,0.37,0.43
2023-03-04,no hay direccion,0.44,0.33,0.4,0.39,0.11,0.25,0.33
2023-03-05,no hay direccion,0.17,0.07,0.48,0.16,0.27,0.27,0.3
2023-03-06,no hay direccion,0.32,0.29,0.5,0.45,0.16,0.18,0.09
2023-03-07,no hay direccion,0.04,0.46,0.29,0.44,0.31,0.2,0.01
2023-03-08,no hay direccion,0.12,0.15,0.11,0.23,0.05,0.16,0.26
2023-03-09,no hay direccion,0.3,0.39,0.02,0.43,0.38,0.5,0.17
2023-03-10,no hay direccion,0.5,0.23,0.43,0.44,0.31,0.13,0.29
2023-03-11,no hay direccion,0.17,0.42,0.18,0.23,0.28,0.4,0.19
2023-03-12,no hay direccion,0.47,0.45,0.03,0.01,0.25,0.4,0.41
2023-03-13,no hay direccion,0.18,0.14,0.37,0.46,0.07,0.28,0.49
2023-03-14,no hay direccion,0.12,0.47,0.49,0.15,0.19,0.38,0.32
2023-03-15,no hay direccion,0.14,0.17,0.24,0.48,0.43,0.15,0.25
2023-03-16,no hay direccion,0.07,0.3,0.44,0.09,0.44,0.23,0.37
2023-03-17,no hay direccion,0.03,0.01,0.34,0.46,0.37,0.34,0.39
2023-03-18,no hay direccion,0.01,0.44,0.21,0.28,0.31,0.41,0.33
2023-03-19,no hay direccion,0.14,0.38,0.07,0.13,0.5,0.17,0.07
2023-03-20,no hay direccion,0.33,0.02,0.16,0.4,0.1,0.24,0.31
2023-03-21,no hay direccion,0.11,0.33,0.19,0.06,0.0,0.13,0.16
2023-03-22,no hay direccion,0.04,0.33,0.32,0.26,0.44,0.03,0.42
2023-03-23,no hay direccion,0.46,0.19,0.05,0.42,0.35,0.32,0.49
2023-03-24,no hay direccion,0.11,0.5,0.08,0.03,0.33,0.08,0.01
2023-03-25,no hay direccion,0.22,0.46,0.33,0.16,0.33,0.08,0.21
2023-03-26,no hay direccion,0.09,0.42,0.2,0.31,0.37,0.06,0.3
2023-03-27,no hay direccion,0.39,0.19,0.08,0.18,0.22,0.1,0.04
2023-03-28,no hay direccion,0.48,0.04,0.37,0.24,0.04,0.5,0.07
2023-03-29,no hay direccion,0.06,0.27,0.22,0.08,0.04,0.44,0.03
2023-03-30,no hay direccion,0.28,0.34,0.18,0.28,0.37,0.04,0.25
2023-03-31,no hay direccion,0.07,0.06,0.45,0.17,0.09,0.29,0.01
2023-04-01,no hay direccion,0.26,0.15,0.42,0.48,0.41,0.17,0.05
2023-04-02,no hay direccion,0.45,0.37,0.21,0.17,0.17,0.06,0.09
2023-04-03,no hay direccion,0.01,0.12,0.23,0.38,0.01,0.02,0.02
2023-04-04,no hay direccion,0.33,0.31,0.16,0.28,0.4,0.42,0.49
2023-04-05,no hay direccion,0.05,0.5,0.06,0.39,0.31,0.16,0.26
2023-04-06,no hay direccion,0.43,0.09,0.22,0.08,0.39,0.38,0.06
2023-04-07,no hay direccion,0.48,0.27,0.27,0.21,0.48,0.19,0.44
2023-04-08,no hay direccion,0.15,0.14,0.18,0.26,0.03,0.45,0.27
2023-04-09,no hay direccion,0.01,0.26,0.24,0.36,0.14,0.42,0.44
2023-04-10,no hay direccion,0.24,0.28,0.23,0.38,0.06,0.13,0.46
2023-04-11,no hay direccion,0.33,0.41,0.49,0.03,0.16,0.47,0.35
2023-04-12,no hay direccion,0.36,0.17,0.44,0.31,0.04,0.4,0.09
2023-04-13,no hay direccion,0.36,0.02,0.32,0.31,0.15,0.05,0.38
2023-04-14,no hay direccion,0.26,0.12,0.39,0.18,0.19,0.44,0.06
2023-04-15,no hay direccion,0.34,0.26,0.43,0.34,0.13,0.05,0.39
2023-04-16,no hay direccion,0.26,0.37,0.35,0.31,0.24,0.16,0.23
2023-04-17,no hay direccion,0.02,0.38,0.46,0.09,0.3,0.49,0.04
2023-04-18,no hay direccion,0.37,0.21,0.43,0.21,0.04,0.35,0.12
2023-04-19,no hay direccion,0.15,0.45,0.17,0.13,0.39,0.43,0.07
2023-04-20,no hay direccion,0.02,0.31,0.45,0.33,0.32,0.12,0.12
2023-04-21,no hay direccion,0.03,0.22,0.38,0.42,0.14,0.03,0.14
2023-04-22,no hay direccion,0.43,0.37,0.44,0.27,0.06,0.21,0.24
2023-04-23,no hay direccion,0.08,0.2,0.46,0.44,0.01,0.28,0.48
2023-04-24,no hay direccion,0.02,0.01,0.06,0.49,0.19,0.12,0.06
2023-04-25,no hay direccion,0.3,0.02,0.26,0.3,0.33,0.1,0.37
2023-04-26,no hay direccion,0.34,0.37,0.09,0.49,0.28,0.25,0.16
2023-04-27,no hay direccion,0.21,0.02,0.3,0.02,0.35,0.14,0.05
2023-04-28,no hay direccion,0.19,0.43,0.39,0.35,0.08,0.5,0.26
2023-04-29,no hay direccion,0.07,0.02,0.39,0.33,0.06,0.19,0.32
2023-04-30,no hay direccion,0.17,0.05,0.11,0.43,0.12,0.42,0.23
2023-05-01,no hay direccion,0.23,0.2,0.42,0.26,0.41,0.48,0.21
2023-05-02,no hay direccion,0.11,0.42,0.02,0.27,0.01,0.34,0.09
2023-05-03,no hay direccion,0.2,0.27,0.19,0.23,0.37,0.24,0.02
2023-05-04,no hay direccion,0.25,0.23,0.23,0.05,0.13,0.15,0.37
2023-05-05,no hay direccion,0.22,0.36,0.4,0.42,0.3,0.4,0.1
2023-05-06,no hay direccion,0.5,0.47,0.3,0.26,0.28,0.16,0.49
2023-05-07,no hay direccion,0.2,0.2,0.3,0.28,0.04,0.46,0.39
2023-05-08,no hay direccion,0.33,0.01,0.23,0.15,0.03,0.17,0.0
2023-05-09,no hay direccion,0.15,0.18,0.4,0.14,0.25,0.02,0.45
2023-05-10,no hay direccion,0.09,0.11,0.36,0.47,0.1,0.09,0.07
2023-05-11,no hay direccion,0.03,0.01,0.45,0.15,0.09,0.04,0.33
2023-05-12,no hay direccion,0.11,0.21,0.42,0.27,0.3,0.33,0.41
2023-05-13,no hay direccion,0.34,0.26,0.12,0.15,0.12,0.18,0.42
2023-05-14,no hay direccion,0.36,0.06,0.05,0.45,0.46,0.35,0.23
2023-05-15,no hay direccion,0.04,0.35,0.16,0.49,0.0,0.19,0.04
2023-05-16,no hay direccion,0.15,0.39,0.14,0.26,0.25,0.5,0.21
2023-05-17,no hay direccion,0.16,0.35,0.18,0.1,0.08,0.35,0.45
2023-05-18,no hay direccion,0.25,0.49,0.27,0.08,0.13,0.02,0.32
2023-05-19,no hay direccion,0.1,0.04,0.01,0.23,0.41,0.14,0.01
2023-05-20,no hay direccion,0.01,0.2,0.21,0.36,0.03,0.48,0.05
2023-05-21,no hay direccion,0.17,0.18,0.42,0.43,0.04,0.39,0.32
2023-05-22,no hay direccion,0.03,0.2,0.01,0.31,0.28,0.18,0.14
2023-05-23,no hay direccion,0.24,0.12,0.44,0.3,0.02,0.04,0.5
2023-05-24,no hay direccion,0.33,0.2,0.38,0.13,0.18,0.42,0.22
2023-05-25,no hay direccion,0.3,0.12,0.49,0.4,0.19,0.07,0.36
2023-05-26,no hay direccion,0.45,0.29,0.41,0.1,0.18,0.2,0.12
2023-05-27,no hay direccion,0.44,0.44,0.0,0.41,0.17,0.07,0.32
2023-05-28,no hay direccion,0.13,0.45,0.44,0.42,0.02,0.17,0.1
2023-05-29,no hay direccion,0.35,0.0,0.45,0.38,0.07,0.38,0.24
2023-05-30,no hay direccion,0.38,0.16,0.25,0.44,0.45,0.37,0.16
2023-05-31,no hay direccion,0.31,0.04,0.32,0.33,0.33,0.1,0.2
2023-06-01,no hay direccion,0.41,0.17,0.37,0.13,0.45,0.12,0.29
2023-06-02,no hay direccion,0.46,0.22,0.01,0.29,0.21,0.46,0.42
2023-06-03,no hay direccion,0.13,0.02,0.38,0.22,0.43,0.15,0.32
2023-06-04,no hay direccion,0.19,0.3,0.21,0.05,0.18,0.22,0.36
2023-06-05,no hay direccion,0.0,0.3,0.42,0.37,0.25,0.1,0.45
2023-06-06,no hay direccion,0.19,0.09,0.46,0.09,0.44,0.41,0.47
2023-06-07,no hay direccion,0.21,0.3,0.17,0.35,0.2,0.46,0.1
2023-06-08,no hay direccion,0.07,0.43,0.24,0.25,0.42,0.45,0.18
2023-06-09,no hay direccion,0.32,0.08,0.15,0.44,0.0,0.48,0.18
2023-06-10,no hay direccion,0.2,0.06,0.4,0.32,0.12,0.02,0.36
2023-06-11,no hay direccion,0.14,0.11,0.3,0.06,0.33,0.3,0.27
2023-06-12,no hay direccion,0.31,0.03,0.12,0.44,0.24,0.27,0.29
2023-06-13,no hay direccion,0.41,0.1,0.01,0.08,0.45,0.12,0.17
2023-06-14,no hay direccion,0.49,0.03,0.23,0.04,0.2,0.08,0.34
2023-06-15,no hay direccion,0.07,0.3,0.23,0.0,0.48,0.4,0.29
2023-06-16,no hay direccion,0.49,0.05,0.19,0.24,0.16,0.04,0.31
2023-06-17,no hay direccion,0.02,0.07,0.01,0.34,0.09,0.5,0.29
2023-06-18,no hay direccion,0.34,0.14,0.31,0.24,0.36,0.45,0.41
2023-06-19,no hay direccion,0.04,0.08,0.39,0.39,0.08,0.28,0.47
2023-06-20,no hay direccion,0.24,0.31,0.04,0.44,0.22,0.25,0.4
2023-06-21,no hay direccion,0.47,0.5,0.37,0.24,0.1,0.3,0.24
2023-06-22,no hay direccion,0.04,0.35,0.09,0.38,0.26,0.13,0.37
2023-06-23,no hay direccion,0.45,0.37,0.12,0.47,0.44,0.15,0.02
2023-06-24,no hay direccion,0.17,0.35,0.4,0.4,0.5,0.19,0.45
2023-06-25,no hay direccion,0.09,0.22,0.07,0.45,0.22,0.13,0.45
2023-06-26,no hay direccion,0.31,0.48,0.31,0.31,0.36,0.05,0.2
2023-06-27,no hay direccion,0.39,0.19,0.42,0.12,0.14,0.11,0.24
2023-06-28,no hay direccion,0.14,0.44,0.22,0.38,0.14,0.19,0.32
2023-06-29,no hay direccion,0.46,0.15,0.16,0.25,0.26,0.07,0.29
2023-06-30,no hay direccion,0.03,0.15,0.13,0.14,0.5,0.28,0.04
2023-07-01,no hay direccion,0.37,0.48,0.5,0.43,0.18,0.46,0.13
2023-07-02,no hay direccion,0.04,0.17,0.0,0.23,0.3,0.48,0.19
2023-07-03,no hay direccion,0.43,0.21,0.18,0.49,0.18,0.29,0.17
2023-07-04,no hay direccion,0.45,0.16,0.08,0.01,0.29,0.18,0.03
2023-07-05,no hay direccion,0.34,0.24,0.17,0.48,0.39,0.5,0.13
2023-07-06,no hay direccion,0.26,0.06,0.47,0.09,0.49,0.49,0.43
2023-07-07,no hay direccion,0.42,0.29,0.38,0.16,0.37,0.03,0.02
2023-07-08,no hay direccion,0.18,0.45,0.02,0.26,0.08,0.25,0.04
2023-07-09,no hay direccion,0.36,0.36,0.48,0.44,0.33,0.36,0.23
2023-07-10,no hay direccion,0.34,0.02,0.38,0.01,0.29,0.08,0.38
2023-07-11,no hay direccion,0.26,0.08,0.02,0.35,0.13,0.24,0.1
2023-07-12,no hay direccion,0.43,0.39,0.19,0.13,0.31,0.24,0.32
2023-07-13,no hay direccion,0.38,0.02,0.23,0.11,0.16,0.05,0.04
2023-07-14,no hay direccion,0.17,0.49,0.22,0.04,0.01,0.34,0.32
2023-07-15,no hay direccion,0.18,0.46,0.31,0.36,0.15,0.34,0.12
2023-07-16,no hay direccion,0.27,0.02,0.29,0.28,0.13,0.14,0.43
2023-07-17,no hay direccion,0.12,0.07,0.33,0.35,0.21,0.08,0.42
2023-07-18,no hay direccion,0.22,0.15,0.29,0.45,0.27,0.22,0.06
2023-07-19,no hay direccion,0.44,0.36,0.06,0.18,0.07,0.27,0.47
2023-07-20,no hay direccion,0.15,0.48,0.31,0.09,0.26,0.41,0.15
2023-07-21,no hay direccion,0.23,0.08,0.36,0.2,0.16,0.23,0.18
2023-07-22,no hay direccion,0.43,0.06,0.36,0.07,0.46,0.11,0.36
2023-07-23,no hay direccion,0.22,0.27,0.18,0.47,0.39,0.28,0.02
2023-07-24,no hay direccion,0.03,0.21,0.13,0.08,0.45,0.26,0.06
2023-07-25,no hay direccion,0.31,0.06,0.5,0.42,0.03,0.02,0.49
2023-07-26,no hay direccion,0.31,0.43,0.17,0.43,0.43,0.06,0.3
2023-07-27,no hay direccion,0.5,0.48,0.38,0.37,0.23,0.36,0.36
2023-07-28,no hay direccion,0.07,0.25,0.45,0.12,0.41,0.02,0.1
2023-07-29,no hay direccion,0.33,0.47,0.14,0.12,0.01,0.29,0.43
2023-07-30,no hay direccion,0.25,0.08,0.3,0.45,0.05,0.01,0.34
2023-07-31,no hay direccion,0.37,0.36,0.13,0.18,0.29,0.3,0.04
2023-08-01,no hay direccion,0.22,0.42,0.5,0.42,0.12,0.19,0.18
2023-08-02,no hay direccion,0.26,0.27,0.03,0.13,0.21,0.45,0.46
2023-08-03,no hay direccion,0.37,0.36,0.08,0.21,0.25,0.43,0.24
2023-08-04,no hay direccion,0.14,0.17,0.33,0.22,0.27,0.09,0.31
2023-08-05,no hay direccion,0.02,0.4,0.49,0.48,0.24,0.01,0.02
2023-08-06,no hay direccion,0.2,0.12,0.11,0.2,0.08,0.39,0.32
2023-08-07,no hay direccion,0.26,0.48,0.21,0.1,0.31,0.09,0.38
2023-08-08,no hay direccion,0.08,0.48,0.03,0.45,0.45,0.21,0.3
2023-08-09,no hay direccion,0.12,0.23,0.36,0.05,0.4,0.22,0.16
2023-08-10,no hay direccion,0.13,0.11,0.29,0.09,0.04,0.23,0.11
2023-08-11,no hay direccion,0.08,0.08,0.34,0.0,0.37,0.06,0.36
2023-08-12,no hay direccion,0.12,0.37,0.09,0.15,0.46,0.22,0.3
2023-08-13,no hay direccion,0.14,0.45,0.44,0.26,0.39,0.0,0.39
2023-08-14,no hay direccion,0.14,0.12,0.14,0.09,0.32,0.15,0.02
2023-08-15,no hay direccion,0.12,0.47,0.15,0.45,0.3,0.33,0.17
2023-08-16,no hay direccion,0.44,0.04,0.49,0.13,0.44,0.07,0.15
2023-08-17,no hay direccion,0.39,0.44,0.37,0.46,0.46,0.04,0.26
2023-08-18,no hay direccion,0.26,0.01,0.05,0.07,0.26,0.48,0.02
2023-08-19,no hay direccion,0.34,0.14,0.03,0.01,0.16,0.2,0.05
2023-08-20,no hay direccion,0.25,0.13,0.26,0.05,0.44,0.41,0.41
2023-08-21,no hay direccion,0.3,0.28,0.1,0.37,0.25,0.32,0.47
2023-08-22,no hay direccion,0.44,0.3,0.3,0.37,0.45,0.27,0.27
2023-08-23,no hay direccion,0.11,0.38,0.32,0.39,0.14,0.18,0.42
2023-08-24,no hay direccion,0.18,0.29,0.02,0.12,0.05,0.22,0.45
2023-08-25,no hay direccion,0.32,0.32,0.3,0.33,0.01,0.01,0.01
2023-08-26,no hay direccion,0.36,0.44,0.03,0.24,0.47,0.45,0.06
2023-08-27,no hay direccion,0.33,0.42,0.35,0.33,0.22,0.36,0.02
2023-08-28,no hay direccion,0.11,0.3,0.5,0.01,0.39,0.18,0.45
2023-08-29,no hay direccion,0.04,0.22,0.48,0.45,0.28,0.3,0.3
2023-08-30,no hay direccion,0.43,0.48,0.47,0.13,0.08,0.47,0.27
2023-08-31,no hay direccion,0.3,0.36,0.18,0.14,0.19,0.38,0.44
2023-09-01,no hay direccion,0.12,0.47,0.23,0.27,0.32,0.25,0.41
2023-09-02,no hay direccion,0.36,0.14,0.13,0.25,0.44,0.26,0.49
2023-09-03,no hay direccion,0.16,0.02,0.32,0.34,0.17,0.07,0.43
2023-09-04,no hay direccion,0.27,0.43,0.21,0.3,0.08,0.24,0.47
2023-09-05,no hay direccion,0.11,0.42,0.21,0.43,0.07,0.46,0.19
2023-09-06,no hay direccion,0.01,0.43,0.42,0.01,0.19,0.31,0.45
2023-09-07,no hay direccion,0.01,0.02,0.3,0.38,0.42,0.25,0.09
2023-09-08,no hay direccion,0.01,0.22,0.12,0.34,0.13,0.04,0.23
2023-09-09,no hay direccion,0.45,0.07,0.11,0.24,0.25,0.17,0.01
2023-09-10,no hay direccion,0.34,0.3,0.2,0.46,0.16,0.4,0.09
2023-09-11,no hay direccion,0.01,0.28,0.1,0.42,0.03,0.24,0.2
2023-09-12,no hay direccion,0.36,0.41,0.44,0.12,0.19,0.21,0.23
2023-09-13,no hay direccion,0.03,0.07,0.37,0.37,0.21,0.05,0.11
2023-09-14,no hay direccion,0.37,0.49,0.14,0.43,0.4,0.34,0.18
2023-09-15,no hay direccion,0.21,0.19,0.25,0.02,0.4,0.07,0.36
2023-09-16,no hay direccion,0.06,0.13,0.29,0.36,0.27,0.16,0.24
2023-09-17,no hay direccion,0.2,0.01,0.15,0.2,0.46,0.46,0.3
2023-09-18,no hay direccion,0.15,0.41,0.23,0.25,0.43,0.26,0.22
2023-09-19,no hay direccion,0.16,0.08,0.26,0.33,0.29,0.26,0.35
2023-09-20,no hay direccion,0.03,0.35,0.16,0.33,0.03,0.1,0.19
2023-09-21,no hay direccion,0.33,0.34,0.41,0.08,0.08,0.27,0.29
2023-09-22,no hay direccion,0.38,0.13,0.03,0.36,0.33,0.23,0.06
2023-09-23,no hay direccion,0.4,0.37,0.4,0.02,0.35,0.29,0.3
2023-09-24,no hay direccion,0.14,0.44,0.41,0.02,0.5,0.46,0.04
2023-09-25,no hay direccion,0.38,0.41,0.38,0.14,0.22,0.44,0.33
2023-09-26,no hay direccion,0.36,0.25,0.46,0.31,0.49,0.05,0.35
2023-09-27,no hay direccion,0.41,0.16,0.5,0.02,0.01,0.2,0.43
2023-09-28,no hay direccion,0.14,0.1,0.12,0.21,0.32,0.1,0.31
2023-09-29,no hay direccion,0.13,0.11,0.45,0.11,0.38,0.29,0.46
2023-09-30,no hay direccion,0.03,0.01,0.05,0.2,0.46,0.17,0.26
2023-10-01,no hay direccion,0.48,0.05,0.44,0.12,0.25,0.43,0.09
2023-10-02,no hay direccion,0.26,0.14,0.23,0.4,0.36,0.45,0.38
2023-10-03,no hay direccion,0.34,0.04,0.2,0.24,0.39,0.08,0.34
2023-10-04,no hay direccion,0.46,0.09,0.48,0.3,0.25,0.14,0.35
2023-10-05,no hay direccion,0.05,0.02,0.36,0.45,0.49,0.2,0.18
2023-10-06,no hay direccion,0.49,0.3,0.38,0.13,0.11,0.11,0.33
2023-10-07,no hay direccion,0.03,0.46,0.46,0.47,0.19,0.24,0.45
2023-10-08,no hay direccion,0.08,0.2,0.24,0.12,0.32,0.38,0.37
2023-10-09,no hay direccion,0.23,0.06,0.07,0.45,0.33,0.29,0.18
2023-10-10,no hay direccion,0.1,0.43,0.23,0.41,0.26,0.1,0.16
2023-10-11,no hay direccion,0.23,0.36,0.07,0.35,0.16,0.1,0.27
2023-10-12,no hay direccion,0.35,0.04,0.35,0.1,0.04,0.4,0.11
2023-10-13,no hay direccion,0.09,0.44,0.41,0.42,0.36,0.28,0.1
2023-10-14,no hay direccion,0.15,0.23,0.49,0.2,0.12,0.07,0.08
2023-10-15,no hay direccion,0.18,0.08,0.11,0.44,0.34,0.34,0.06
2023-10-16,no hay direccion,0.03,0.21,0.19,0.37,0.29,0.33,0.37
2023-10-17,no hay direccion,0.1,0.12,0.23,0.39,0.03,0.08,0.47
2023-10-18,no hay direccion,0.09,0.38,0.42,0.11,0.03,0.39,0.47
2023-10-19,no hay direccion,0.0,0.49,0.18,0.39,0.39,0.21,0.15
2023-10-20,no hay direccion,0.34,0.02,0.48,0.44,0.19,0.35,0.02
2023-10-21,no hay direccion,0.48,0.01,0.35,0.5,0.34,0.37,0.18
2023-10-22,no hay direccion,0.12,0.5,0.28,0.11,0.14,0.23,0.33
2023-10-23,no hay direccion,0.13,0.22,0.35,0.23,0.11,0.37,0.37
2023-10-24,no hay direccion,0.33,0.35,0.29,0.01,0.24,0.15,0.01
2023-10-25,no hay direccion,0.42,0.41,0.38,0.24,0.21,0.45,0.3
2023-10-26,no hay direccion,0.21,0.2,0.2,0.08,0.12,0.25,0.33
2023-10-27,no hay direccion,0.36,0.38,0.24,0.12,0.2,0.3,0.13
2023-10-28,no hay direccion,0.48,0.25,0.19,0.47,0.45,0.22,0.04
2023-10-29,no hay direccion,0.37,0.11,0.38,0.2,0.35,0.31,0.03
2023-10-30,no hay direccion,0.39,0.04,0.16,0.31,0.42,0.43,0.45
2023-10-31,no hay direccion,0.33,0.02,0.01,0.12,0.18,0.35,0.01
2023-11-01,no hay direccion,0.28,0.25,0.48,0.4,0.11,0.21,0.11
2023-11-02,no hay direccion,0.37,0.41,0.29,0.4,0.15,0.32,0.2
2023-11-03,no hay direccion,0.29,0.01,0.44,0.42,0.0,0.01,0.45
2023-11-04,no hay direccion,0.41,0.48,0.43,0.16,0.07,0.25,0.26
2023-11-05,no hay direccion,0.38,0.45,0.43,0.48,0.45,0.0,0.18
2023-11-06,no hay direccion,0.23,0.32,0.06,0.08,0.15,0.02,0.08
2023-11-07,no hay direccion,0.25,0.06,0.11,0.15,0.09,0.05,0.29
2023-11-08,no hay direccion,0.14,0.48,0.1,0.14,0.0,0.32,0.29
2023-11-09,zona san antonio,0.17,0.43,0.18,0.49,0.35,0.05,0.42
2023-11-10,valle de las flores b amor de dios,0.49,0.29,0.31,0.79,0.13,0.06,0.3
2023-11-10,valle metropolitano,0.23,0.05,0.23,0.52,0.23,0.46,0.44
2023-11-11,no hay direccion,0.31,0.09,0.04,0.42,0.27,0.31,0.14
2023-11-12,no hay direccion,0.1,0.49,0.44,0.27,0.42,0.01,0.4
2023-11-13,no hay direccion,0.01,0.05,0.4,0.23,0.08,0.06,0.3
2023-11-14,no hay direccion,0.43,0.1,0.3,0.14,0.17,0.45,0.17
2023-11-15,no hay direccion,0.42,0.17,0.21,0.28,0.35,0.12,0.07
2023-11-16,no hay direccion,0.45,0.11,0.23,0.18,0.33,0.46,0.49
2023-11-17,no hay direccion,0.31,0.22,0.34,0.37,0.45,0.12,0.36
2023-11-18,no hay direccion,0.31,0.34,0.44,0.46,0.36,0.03,0.13
2023-11-19,no hay direccion,0.17,0.22,0.29,0.37,0.44,0.12,0.25
2023-11-20,no hay direccion,0.28,0.31,0.38,0.44,0.08,0.3,0.06
2023-11-21,no hay direccion,0.18,0.28,0.24,0.06,0.3,0.43,0.14
2023-11-22,no hay direccion,0.46,0.22,0.34,0.14,0.37,0.47,0.47
2023-11-23,no hay direccion,0.18,0.48,0.1,0.31,0.38,0.25,0.1
2023-11-24,no hay direccion,0.32,0.25,0.0,0.05,0.33,0.39,0.43
2023-11-25,no hay direccion,0.36,0.47,0.2,0.2,0.13,0.12,0.32
2023-11-26,no hay direccion,0.31,0.09,0.09,0.04,0.09,0.24,0.01
2023-11-27,no hay direccion,0.34,0.5,0.48,0.33,0.04,0.27,0.41
2023-11-28,no hay direccion,0.37,0.26,0.29,0.46,0.14,0.14,0.05
2023-11-29,zona ovejuyo,0.22,0.14,0.25,0.4,0.44,0.34,0.12
2023-11-30,no hay direccion,0.41,0.31,0.41,0.45,0.05,0.07,0.09
2023-12-01,no hay direccion,0.34,0.19,0.04,0.04,0.06,0.07,0.26
2023-12-02,no hay direccion,0.07,0.32,0.39,0.33,0.0,0.07,0.05
2023-12-03,no hay direccion,0.27,0.32,0.34,0.43,0.18,0.37,0.15
2023-12-04,no hay direccion,0.01,0.2,0.02,0.32,0.32,0.09,0.27
2023-12-05,no hay direccion,0.42,0.34,0.36,0.22,0.06,0.41,0.26
2023-12-06,no hay direccion,0.29,0.0,0.12,0.21,0.16,0.05,0.33
2023-12-07,no hay direccion,0.14,0.37,0.07,0.1,0.01,0.13,0.2
2023-12-08,no hay direccion,0.38,0.25,0.27,0.27,0.47,0.07,0.01
2023-12-09,macro distrito san antonio,0.27,0.22,0.01,0.82,0.06,0.17,0.42
2023-12-10,no hay direccion,0.2,0.33,0.37,0.05,0.36,0.1,0.11
2023-12-11,no hay direccion,0.14,0.05,0.45,0.41,0.21,0.13,0.35
2023-12-12,no hay direccion,0.01,0.19,0.01,0.29,0.32,0.38,0.3
2023-12-13,no hay direccion,0.19,0.34,0.44,0.29,0.36,0.41,0.42
2023-12-14,no hay direccion,0.49,0.17,0.02,0.01,0.27,0.27,0.35
2023-12-15,no hay direccion,0.47,0.28,0.14,0.35,0.39,0.07,0.02
2023-12-16,no hay direccion,0.11,0.38,0.18,0.07,0.43,0.12,0.2
2023-12-17,no hay direccion,0.38,0.12,0.3,0.24,0.38,0.46,0.35
2023-12-18,no hay direccion,0.03,0.2,0.37,0.05,0.44,0.44,0.28
2023-12-19,no hay direccion,0.26,0.23,0.47,0.25,0.35,0.14,0.06
2023-12-20,no hay direccion,0.28,0.4,0.42,0.05,0.38,0.37,0.11
2023-12-21,no hay direccion,0.43,0.36,0.11,0.05,0.5,0.26,0.37
2023-12-22,no hay direccion,0.23,0.42,0.33,0.41,0.45,0.08,0.17
2023-12-23,no hay direccion,0.23,0.08,0.37,0.42,0.1,0.39,0.19
2023-12-24,no hay direccion,0.27,0.49,0.09,0.31,0.41,0.44,0.33
2023-12-25,no hay direccion,0.36,0.1,0.21,0.11,0.35,0.46,0.21
2023-12-26,no hay direccion,0.12,0.12,0.29,0.15,0.43,0.06,0.12
2023-12-27,el rosal-llojeta,0.13,0.13,0.19,0.69,0.44,0.26,0.21
2023-12-28,no hay direccion,0.49,0.46,0.2,0.44,0.49,0.38,0.06
2023-12-29,no hay direccion,0.42,0.15,0.09,0.19,0.21,0.41,0.28
2023-12-30,no hay direccion,0.05,0.35,0.03,0.39,0.39,0.02,0.34
2023-12-31,no hay direccion,0.27,0.02,0.49,0.41,0.21,0.29,0.02
2024-01-01,no hay direccion,0.04,0.19,0.46,0.2,0.26,0.35,0.06
2024-01-02,no hay direccion,0.28,0.14,0.16,0.18,0.48,0.46,0.48
2024-01-03,no hay direccion,0.36,0.14,0.35,0.06,0.17,0.23,0.08
2024-01-04,no hay direccion,0.12,0.05,0.37,0.27,0.11,0.16,0.18
2024-01-05,no hay direccion,0.01,0.18,0.22,0.22,0.25,0.36,0.44
2024-01-06,no hay direccion,0.42,0.48,0.01,0.12,0.12,0.13,0.21
2024-01-07,no hay direccion,0.08,0.26,0.1,0.19,0.43,0.06,0.13
2024-01-08,no hay direccion,0.04,0.43,0.49,0.14,0.41,0.01,0.3
2024-01-09,no hay direccion,0.23,0.31,0.0,0.48,0.26,0.07,0.23
2024-01-10,no hay direccion,0.47,0.24,0.37,0.37,0.33,0.42,0.21
2024-01-11,20 de octubre,0.27,0.09,0.32,0.68,0.23,0.45,0.06
2024-01-12,no hay direccion,0.04,0.41,0.02,0.02,0.21,0.32,0.18
2024-01-13,no hay direccion,0.01,0.37,0.48,0.31,0.32,0.48,0.21
2024-01-14,no hay direccion,0.41,0.1,0.27,0.12,0.13,0.3,0.48
2024-01-15,no hay direccion,0.39,0.31,0.22,0.15,0.05,0.26,0.1
2024-01-16,no hay direccion,0.19,0.31,0.4,0.25,0.39,0.45,0.15
2024-01-17,no hay direccion,0.03,0.03,0.19,0.23,0.11,0.01,0.06
2024-01-18,no hay direccion,0.35,0.21,0.03,0.12,0.27,0.13,0.29
2024-01-19,no hay direccion,0.49,0.07,0.28,0.32,0.4,0.38,0.31
2024-01-20,no hay direccion,0.07,0.35,0.18,0.42,0.48,0.27,0.4
2024-01-21,no hay direccion,0.26,0.27,0.19,0.12,0.18,0.48,0.29
2024-01-22,no hay direccion,0.26,0.39,0.19,0.36,0.37,0.39,0.44
2024-01-23,no hay direccion,0.41,0.46,0.02,0.25,0.33,0.42,0.43
2024-01-24,no hay direccion,0.16,0.05,0.38,0.27,0.29,0.44,0.19
2024-01-25,no hay direccion,0.35,0.1,0.06,0.28,0.44,0.34,0.27
2024-01-26,no hay direccion,0.23,0.11,0.32,0.39,0.0,0.18,0.21
2024-01-27,no hay direccion,0.01,0.3,0.22,0.22,0.3,0.2,0.27
2024-01-28,no hay direccion,0.4,0.16,0.42,0.36,0.04,0.27,0.0
2024-01-29,no hay direccion,0.31,0.05,0.3,0.09,0.44,0.19,0.23
2024-01-30,no hay direccion,0.33,0.24,0.11,0.07,0.1,0.07,0.42
2024-01-31,no hay direccion,0.45,0.22,0.1,0.17,0.35,0.07,0.01
2024-02-01,no hay direccion,0.01,0.15,0.23,0.12,0.36,0.16,0.39
2024-02-02,no hay direccion,0.29,0.01,0.44,0.05,0.27,0.47,0.16
2024-02-03,no hay direccion,0.02,0.06,0.31,0.19,0.21,0.47,0.4
2024-02-04,no hay direccion,0.13,0.08,0.1,0.33,0.08,0.0,0.31
2024-02-05,no hay direccion,0.11,0.47,0.3,0.09,0.06,0.25,0.25
2024-02-06,no hay direccion,0.19,0.24,0.33,0.12,0.32,0.42,0.05
2024-02-07,no hay direccion,0.14,0.28,0.28,0.15,0.33,0.33,0.29
2024-02-08,no hay direccion,0.1,0.22,0.29,0.02,0.25,0.04,0.05
2024-02-09,no hay direccion,0.02,0.29,0.24,0.13,0.08,0.35,0.09
2024-02-10,no hay direccion,0.48,0.25,0.34,0.48,0.23,0.47,0.19
2024-02-11,no hay direccion,0.46,0.45,0.46,0.19,0.12,0.05,0.26
2024-02-12,no hay direccion,0.21,0.39,0.44,0.22,0.08,0.18,0.11
2024-02-13,no hay direccion,0.34,0.39,0.28,0.18,0.28,0.24,0.49
2024-02-14,no hay direccion,0.02,0.24,0.05,0.34,0.5,0.37,0.48
2024-02-15,no hay direccion,0.32,0.21,0.47,0.06,0.43,0.24,0.28
2024-02-16,jinchupalla,0.34,0.27,0.21,0.84,0.03,0.27,0.18
2024-02-17,no hay direccion,0.26,0.15,0.11,0.4,0.24,0.25,0.15
2024-02-18,no hay direccion,0.11,0.31,0.47,0.07,0.5,0.38,0.23
2024-02-19,no hay direccion,0.3,0.38,0.19,0.2,0.44,0.45,0.11
2024-02-20,no hay direccion,0.49,0.24,0.08,0.48,0.49,0.03,0.15
2024-02-21,no hay direccion,0.36,0.11,0.07,0.49,0.42,0.11,0.38
2024-02-22,bajo callapa,0.23,0.17,0.48,0.54,0.25,0.19,0.45
2024-02-22,irpavi 2,0.1,0.0,0.82,0.93,0.46,0.38,0.26
2024-02-23,rosal norte-orkojahuira,0.07,0.25,0.42,0.3,0.37,0.09,0.1
2024-02-24,no hay direccion,0.4,0.36,0.49,0.18,0.32,0.36,0.09
2024-02-25,no hay direccion,0.18,0.21,0.05,0.4,0.05,0.48,0.37
2024-02-26,no hay direccion,0.04,0.16,0.27,0.31,0.2,0.34,0.26
2024-02-27,no hay direccion,0.27,0.32,0.37,0.34,0.41,0.17,0.21
2024-02-28,no hay direccion,0.47,0.06,0.2,0.38,0.14,0.02,0.19
2024-02-29,no hay direccion,0.4,0.37,0.35,0.46,0.17,0.5,0.02
2024-03-01,no hay direccion,0.32,0.12,0.25,0.21,0.31,0.09,0.25
2024-03-02,no hay direccion,0.02,0.36,0.33,0.05,0.32,0.1,0.44
2024-03-03,no hay direccion,0.08,0.1,0.4,0.18,0.34,0.08,0.31
2024-03-04,no hay direccion,0.18,0.12,0.07,0.48,0.25,0.46,0.08
2024-03-05,no hay direccion,0.15,0.38,0.06,0.32,0.04,0.46,0.01
2024-03-06,no hay direccion,0.18,0.44,0.14,0.02,0.17,0.44,0.3
2024-03-07,no hay direccion,0.01,0.13,0.02,0.04,0.42,0.23,0.32
2024-03-08,achumani,0.07,0.18,0.37,0.29,0.41,0.59,0.03
2024-03-08,achumani huayllani,0.41,0.14,0.46,0.2,0.28,0.33,0.46
2024-03-09,no hay direccion,0.42,0.24,0.04,0.41,0.34,0.18,0.27
2024-03-10,no hay direccion,0.39,0.2,0.29,0.12,0.07,0.38,0.04
2024-03-11,no hay direccion,0.09,0.37,0.24,0.37,0.22,0.06,0.23
2024-03-12,mallasa,0.34,0.09,0.27,0.44,0.21,0.92,0.48
2024-03-12,rio choqueyapu,0.06,0.01,0.91,0.3,0.34,0.4,0.5
2024-03-12,rosal norte-orkojahuira,0.33,0.14,0.78,0.03,0.17,0.49,0.05
2024-03-13,no hay direccion,0.1,0.24,0.04,0.43,0.02,0.38,0.48
2024-03-14,no hay direccion,0.35,0.25,0.2,0.17,0.44,0.14,0.34
2024-03-15,no hay direccion,0.34,0.26,0.43,0.12,0.07,0.15,0.36
2024-03-16,no hay direccion,0.29,0.23,0.48,0.06,0.28,0.18,0.42
2024-03-17,no hay direccion,0.17,0.08,0.23,0.24,0.1,0.39,0.36
2024-03-18,no hay direccion,0.11,0.32,0.2,0.21,0.14,0.35,0.38
2024-03-19,no hay direccion,0.43,0.12,0.31,0.21,0.42,0.08,0.31
2024-03-20,achumani,0.41,0.1,0.48,0.05,0.31,0.06,0.19
2024-03-20,calacoto,0.1,0.19,0.95,0.1,0.38,0.11,0.19
2024-03-21,no hay direccion,0.35,0.08,0.04,0.21,0.29,0.4,0.12
2024-03-22,no hay direccion,0.3,0.43,0.01,0.16,0.03,0.41,0.09
2024-03-23,no hay direccion,0.03,0.19,0.35,0.02,0.24,0.13,0.26
2024-03-24,no hay direccion,0.09,0.39,0.3,0.14,0.14,0.05,0.35
2024-03-25,no hay direccion,0.3,0.31,0.04,0.21,0.09,0.16,0.24
2024-03-26,no hay direccion,0.44,0.1,0.01,0.38,0.11,0.08,0.13
2024-03-27,no hay direccion,0.26,0.09,0.34,0.2,0.16,0.14,0.26
2024-03-28,no hay direccion,0.16,0.48,0.01,0.09,0.42,0.05,0.14
2024-03-29,no hay direccion,0.21,0.04,0.2,0.32,0.31,0.24,0.42
2024-03-30,no hay direccion,0.38,0.46,0.41,0.15,0.49,0.22,0.02
2024-03-31,no hay direccion,0.4,0.2,0.01,0.01,0.0,0.45,0.43
2024-04-01,no hay direccion,0.47,0.44,0.22,0.01,0.38,0.5,0.07
2024-04-02,no hay direccion,0.07,0.04,0.06,0.47,0.05,0.47,0.18
2024-04-03,no hay direccion,0.44,0.0,0.38,0.16,0.03,0.47,0.22
2024-04-04,no hay direccion,0.13,0.43,0.22,0.38,0.15,0.17,0.49
2024-04-05,no hay direccion,0.22,0.3,0.19,0.44,0.21,0.02,0.2
2024-04-06,no hay direccion,0.33,0.07,0.41,0.23,0.06,0.01,0.09
2024-04-07,no hay direccion,0.32,0.38,0.3,0.29,0.48,0.06,0.46
2024-04-08,no hay direccion,0.22,0.35,0.43,0.09,0.29,0.43,0.24
2024-04-09,no hay direccion,0.26,0.5,0.39,0.21,0.4,0.29,0.01
2024-04-10,no hay direccion,0.0,0.11,0.29,0.42,0.45,0.26,0.35
2024-04-11,no hay direccion,0.1,0.46,0.13,0.33,0.28,0.38,0.3
2024-04-12,no hay direccion,0.49,0.2,0.2,0.47,0.46,0.45,0.19
2024-04-13,no hay direccion,0.14,0.29,0.37,0.47,0.47,0.49,0.46
2024-04-14,no hay direccion,0.45,0.25,0.05,0.42,0.04,0.32,0.36
2024-04-15,no hay direccion,0.21,0.4,0.02,0.4,0.44,0.15,0.15
2024-04-16,no hay direccion,0.08,0.13,0.03,0.31,0.5,0.24,0.32
2024-04-17,no hay direccion,0.3,0.13,0.43,0.42,0.22,0.48,0.27
2024-04-18,no hay direccion,0.39,0.14,0.04,0.08,0.04,0.04,0.36
2024-04-19,no hay direccion,0.05,0.01,0.41,0.23,0.26,0.44,0.41
2024-04-20,no hay direccion,0.37,0.44,0.05,0.17,0.1,0.35,0.01
2024-04-21,no hay direccion,0.08,0.4,0.33,0.12,0.08,0.04,0.26
2024-04-22,no hay direccion,0.16,0.35,0.26,0.12,0.44,0.36,0.25
2024-04-23,no hay direccion,0.35,0.45,0.29,0.4,0.21,0.08,0.42
2024-04-24,no hay direccion,0.45,0.37,0.07,0.03,0.22,0.13,0.11
2024-04-25,no hay direccion,0.11,0.3,0.26,0.1,0.48,0.01,0.1
2024-04-26,no hay direccion,0.47,0.26,0.04,0.2,0.09,0.12,0.34
2024-04-27,no hay direccion,0.04,0.19,0.31,0.49,0.07,0.21,0.06
2024-04-28,no hay direccion,0.33,0.16,0.27,0.36,0.49,0.34,0.31
2024-04-29,no hay direccion,0.41,0.03,0.07,0.33,0.38,0.36,0.32
2024-04-30,no hay direccion,0.0,0.01,0.32,0.27,0.1,0.01,0.17
2024-05-01,no hay direccion,0.13,0.39,0.08,0.47,0.46,0.24,0.2
2024-05-02,no hay direccion,0.27,0.25,0.25,0.1,0.41,0.33,0.16
2024-05-03,no hay direccion,0.23,0.13,0.3,0.32,0.47,0.07,0.28
2024-05-04,no hay direccion,0.03,0.36,0.14,0.18,0.29,0.41,0.45
2024-05-05,no hay direccion,0.15,0.45,0.24,0.0,0.5,0.13,0.12
2024-05-06,no hay direccion,0.03,0.43,0.4,0.32,0.36,0.49,0.15
2024-05-07,no hay direccion,0.46,0.25,0.18,0.35,0.03,0.0,0.17
2024-05-08,no hay direccion,0.01,0.26,0.3,0.49,0.2,0.43,0.33
2024-05-09,no hay direccion,0.1,0.07,0.19,0.48,0.11,0.02,0.39
2024-05-10,no hay direccion,0.48,0.24,0.33,0.34,0.11,0.36,0.29
2024-05-11,no hay direccion,0.18,0.42,0.21,0.23,0.11,0.14,0.24
2024-05-12,no hay direccion,0.11,0.5,0.33,0.38,0.01,0.48,0.16
2024-05-13,no hay direccion,0.25,0.12,0.29,0.07,0.22,0.39,0.39
2024-05-14,no hay direccion,0.22,0.49,0.24,0.1,0.02,0.1,0.22
2024-05-15,no hay direccion,0.07,0.02,0.19,0.06,0.4,0.33,0.07
2024-05-16,no hay direccion,0.01,0.17,0.05,0.21,0.05,0.04,0.21
2024-05-17,no hay direccion,0.21,0.41,0.32,0.42,0.23,0.41,0.03
2024-05-18,no hay direccion,0.17,0.18,0.03,0.49,0.16,0.1,0.06
2024-05-19,no hay direccion,0.09,0.42,0.21,0.21,0.07,0.17,0.05
2024-05-20,no hay direccion,0.15,0.09,0.48,0.12,0.32,0.16,0.4
2024-05-21,no hay direccion,0.16,0.06,0.46,0.36,0.41,0.11,0.22
2024-05-22,no hay direccion,0.19,0.24,0.18,0.03,0.16,0.16,0.15
2024-05-23,no hay direccion,0.17,0.29,0.45,0.0,0.43,0.19,0.02
2024-05-24,no hay direccion,0.17,0.21,0.08,0.07,0.47,0.04,0.21
2024-05-25,no hay direccion,0.19,0.19,0.04,0.44,0.18,0.12,0.41
2024-05-26,no hay direccion,0.29,0.42,0.3,0.17,0.5,0.3,0.45
2024-05-27,no hay direccion,0.3,0.25,0.08,0.23,0.19,0.18,0.32
2024-05-28,no hay direccion,0.26,0.41,0.26,0.19,0.44,0.35,0.14
2024-05-29,no hay direccion,0.49,0.33,0.03,0.12,0.27,0.46,0.46
2024-05-30,no hay direccion,0.32,0.3,0.43,0.06,0.28,0.37,0.14
2024-05-31,no hay direccion,0.3,0.02,0.07,0.37,0.44,0.32,0.13
2024-06-01,no hay direccion,0.36,0.12,0.45,0.19,0.46,0.18,0.06
2024-06-02,no hay direccion,0.41,0.48,0.14,0.39,0.47,0.2,0.21
2024-06-03,no hay direccion,0.11,0.21,0.01,0.09,0.0,0.29,0.27
2024-06-04,no hay direccion,0.02,0.0,0.39,0.19,0.25,0.06,0.43
2024-06-05,no hay direccion,0.35,0.13,0.04,0.24,0.01,0.29,0.01
2024-06-06,no hay direccion,0.48,0.46,0.42,0.37,0.35,0.04,0.38
2024-06-07,no hay direccion,0.08,0.33,0.2,0.36,0.25,0.13,0.13
2024-06-08,no hay direccion,0.14,0.16,0.28,0.17,0.5,0.07,0.42
2024-06-09,no hay direccion,0.29,0.34,0.04,0.32,0.1,0.23,0.49
2024-06-10,no hay direccion,0.43,0.17,0.12,0.26,0.09,0.31,0.32
2024-06-11,no hay direccion,0.23,0.44,0.24,0.42,0.2,0.07,0.05
2024-06-12,no hay direccion,0.49,0.47,0.41,0.03,0.1,0.08,0.22
2024-06-13,no hay direccion,0.15,0.03,0.48,0.44,0.46,0.45,0.22
2024-06-14,no hay direccion,0.27,0.45,0.26,0.47,0.37,0.45,0.46
2024-06-15,no hay direccion,0.48,0.29,0.22,0.46,0.37,0.41,0.25
2024-06-16,no hay direccion,0.04,0.28,0.38,0.48,0.15,0.19,0.07
2024-06-17,no hay direccion,0.45,0.16,0.13,0.42,0.22,0.24,0.05
2024-06-18,no hay direccion,0.43,0.39,0.22,0.47,0.26,0.31,0.34
2024-06-19,no hay direccion,0.29,0.43,0.12,0.01,0.47,0.42,0.25
2024-06-20,no hay direccion,0.13,0.23,0.47,0.17,0.46,0.33,0.14
2024-06-21,no hay direccion,0.27,0.02,0.35,0.32,0.42,0.45,0.04
2024-06-22,no hay direccion,0.19,0.05,0.48,0.49,0.36,0.1,0.42
2024-06-23,no hay direccion,0.34,0.18,0.34,0.21,0.46,0.47,0.3
2024-06-24,no hay direccion,0.16,0.14,0.3,0.22,0.41,0.3,0.31
2024-06-25,no hay direccion,0.12,0.12,0.46,0.46,0.05,0.12,0.15
2024-06-26,no hay direccion,0.08,0.38,0.03,0.15,0.33,0.35,0.17
2024-06-27,no hay direccion,0.33,0.11,0.04,0.47,0.14,0.1,0.06
2024-06-28,no hay direccion,0.01,0.34,0.07,0.33,0.02,0.0,0.13
2024-06-29,no hay direccion,0.3,0.17,0.05,0.05,0.11,0.13,0.04
2024-06-30,no hay direccion,0.46,0.27,0.27,0.36,0.13,0.14,0.13
2024-07-01,no hay direccion,0.42,0.49,0.16,0.45,0.36,0.02,0.14
2024-07-02,no hay direccion,0.23,0.04,0.23,0.4,0.27,0.37,0.23
2024-07-03,no hay direccion,0.19,0.22,0.36,0.09,0.03,0.06,0.18
2024-07-04,no hay direccion,0.47,0.2,0.34,0.4,0.4,0.26,0.47
2024-07-05,no hay direccion,0.17,0.49,0.01,0.42,0.12,0.08,0.46
2024-07-06,no hay direccion,0.48,0.02,0.17,0.01,0.34,0.29,0.22
2024-07-07,no hay direccion,0.46,0.1,0.03,0.21,0.36,0.41,0.37
2024-07-08,no hay direccion,0.08,0.34,0.21,0.07,0.3,0.18,0.41
2024-07-09,no hay direccion,0.02,0.07,0.21,0.13,0.08,0.27,0.2
2024-07-10,no hay direccion,0.15,0.34,0.43,0.31,0.3,0.04,0.31
2024-07-11,no hay direccion,0.5,0.11,0.27,0.47,0.02,0.38,0.39
2024-07-12,no hay direccion,0.2,0.39,0.24,0.33,0.08,0.17,0.17
2024-07-13,no hay direccion,0.24,0.45,0.34,0.03,0.44,0.22,0.2
2024-07-14,no hay direccion,0.48,0.5,0.4,0.43,0.12,0.19,0.18
2024-07-15,no hay direccion,0.47,0.19,0.35,0.3,0.3,0.31,0.27
2024-07-16,no hay direccion,0.5,0.44,0.35,0.31,0.3,0.45,0.41
2024-07-17,no hay direccion,0.12,0.45,0.36,0.23,0.39,0.47,0.15
2024-07-18,no hay direccion,0.15,0.47,0.31,0.34,0.14,0.16,0.09
2024-07-19,no hay direccion,0.25,0.42,0.24,0.19,0.11,0.19,0.45
2024-07-20,no hay direccion,0.39,0.12,0.44,0.45,0.43,0.01,0.3
2024-07-21,no hay direccion,0.15,0.24,0.48,0.38,0.06,0.47,0.48
2024-07-22,no hay direccion,0.14,0.5,0.31,0.4,0.3,0.45,0.23
2024-07-23,no hay direccion,0.27,0.44,0.43,0.19,0.03,0.33,0.01
2024-07-24,no hay direccion,0.12,0.17,0.4,0.33,0.12,0.49,0.18
2024-07-25,no hay direccion,0.08,0.43,0.45,0.15,0.3,0.22,0.36
2024-07-26,no hay direccion,0.46,0.28,0.15,0.48,0.08,0.09,0.25
2024-07-27,no hay direccion,0.48,0.25,0.24,0.46,0.04,0.35,0.11
2024-07-28,no hay direccion,0.28,0.47,0.24,0.49,0.23,0.48,0.24
2024-07-29,no hay direccion,0.02,0.31,0.49,0.18,0.1,0.13,0.47
2024-07-30,no hay direccion,0.47,0.28,0.17,0.03,0.09,0.32,0.09
2024-07-31,no hay direccion,0.5,0.15,0.17,0.35,0.3,0.28,0.42
2024-08-01,no hay direccion,0.49,0.08,0.25,0.24,0.29,0.21,0.4
2024-08-02,no hay direccion,0.4,0.4,0.45,0.46,0.25,0.3,0.31
2024-08-03,no hay direccion,0.44,0.2,0.36,0.48,0.43,0.35,0.28
2024-08-04,no hay direccion,0.07,0.44,0.47,0.42,0.36,0.35,0.33
2024-08-05,no hay direccion,0.17,0.45,0.14,0.48,0.37,0.41,0.14
2024-08-06,no hay direccion,0.28,0.34,0.18,0.06,0.39,0.05,0.43
2024-08-07,no hay direccion,0.07,0.32,0.08,0.39,0.36,0.07,0.13
2024-08-08,no hay direccion,0.48,0.34,0.13,0.27,0.1,0.35,0.16
2024-08-09,no hay direccion,0.0324,0.0198,0.0421,0.0022,0.0282,0.0439,0.0407
2024-08-10,no hay direccion,0.0418,0.0011,0.0487,0.0347,0.0083,0.0026,0.0313
2024-08-11,no hay direccion,0.0168,0.0306,0.0314,0.0108,0.0168,0.0298,0.0187
2024-08-12,no hay direccion,0.0397,0.0261,0.0342,0.0496,0.0118,0.0288,0.0086
2024-08-13,no hay direccion,0.0094,0.0405,0.0149,0.0361,0.016,0.0042,0.0246
2024-08-14,no hay direccion,0.0169,0.0349,0.0024,0.003,0.0107,0.0428,0.0117
2024-08-15,no hay direccion,0.0268,0.023,0.0061,0.0339,0.0236,0.0149,0.033
2024-08-16,no hay direccion,0.0347,0.0161,0.0415,0.008,0.0205,0.0345,0.0073
2024-08-17,no hay direccion,0.0059,0.034,0.0446,0.0215,0.0331,0.031,0.0243
2024-08-18,no hay direccion,0.0413,0.0029,0.0082,0.0317,0.0021,0.0433,0.0366
2024-08-19,no hay direccion,0.0111,0.0063,0.0224,0.0096,0.0089,0.0317,0.0099
2024-08-20,no hay direccion,0.0435,0.0168,0.0106,0.0202,0.0123,0.0256,0.0133
2024-08-21,no hay direccion,0.0432,0.0376,0.0477,0.026,0.0442,0.0421,0.0215
2024-08-22,no hay direccion,0.0221,0.0324,0.0297,0.0104,0.0451,0.004,0.0164
2024-08-23,no hay direccion,0.0117,0.0457,0.0467,0.0422,0.0324,0.0338,0.0075
2024-08-24,no hay direccion,0.038,0.0293,0.0052,0.0405,0.0224,0.0245,0.0334
2024-08-25,no hay direccion,0.0326,0.028,0.0306,0.0419,0.0421,0.0273,0.0262
2024-08-26,no hay direccion,0.0466,0.0175,0.0488,0.0362,0.0239,0.002,0.0468
2024-08-27,no hay direccion,0.0252,0.0022,0.0193,0.0146,0.0157,0.0451,0.0005
2024-08-28,no hay direccion,0.0402,0.0213,0.0245,0.0436,0.036,0.0217,0.0214
2024-08-29,no hay direccion,0.0383,0.0245,0.0424,0.0274,0.0191,0.0371,0.0119
2024-08-30,no hay direccion,0.0324,0.0469,0.0478,0.0199,0.0158,0.0242,0.0353
2024-08-31,no hay direccion,0.0144,0.013,0.0472,0.0342,0.045,0.0311,0.0056
2024-09-01,no hay direccion,0.0204,0.0402,0.0439,0.0169,0.0021,0.0106,0.0201
2024-09-02,no hay direccion,0.0245,0.0214,0.024,0.0277,0.0487,0.0493,0.0318
2024-09-03,no hay direccion,0.0189,0.0077,0.0295,0.0416,0.0312,0.0335,0.0078
2024-09-04,no hay direccion,0.0184,0.0297,0.0465,0.0059,0.0107,0.0392,0.0271
2024-09-05,no hay direccion,0.0257,0.0491,0.0181,0.0373,0.017,0.0451,0.0445
2024-09-06,no hay direccion,0.0057,0.047,0.0164,0.0495,0.0204,0.0407,0.0074
2024-09-07,no hay direccion,0.0292,0.0293,0.034,0.0268,0.0165,0.0327,0.0258
2024-09-08,no hay direccion,0.0472,0.0242,0.0281,0.0125,0.0008,0.0307,0.0418
2024-09-09,no hay direccion,0.0003,0.0042,0.016,0.041,0.0314,0.0067,0.0495
2024-09-10,no hay direccion,0.001,0.0137,0.0314,0.0069,0.0348,0.0103,0.0275
2024-09-11,no hay direccion,0.0394,0.012,0.0445,0.0204,0.0457,0.0303,0.0342
2024-09-12,no hay direccion,0.0081,0.0221,0.0033,0.0001,0.0319,0.0062,0.0081
2024-09-13,no hay direccion,0.0203,0.0139,0.038,0.0036,0.0004,0.0184,0.0143
2024-09-14,no hay direccion,0.0339,0.0049,0.0104,0.0212,0.0393,0.0112,0.02
2024-09-15,no hay direccion,0.047,0.015,0.0073,0.0105,0.0236,0.0157,0.0454
2024-09-16,no hay direccion,0.0081,0.032,0.0148,0.0182,0.0142,0.0341,0.0135
2024-09-17,no hay direccion,0.0431,0.0414,0.0477,0.0495,0.047,0.0029,0.0039
2024-09-18,no hay direccion,0.0023,0.0399,0.0187,0.021,0.0212,0.0314,0.0256
2024-09-19,no hay direccion,0.0421,0.0188,0.0179,0.0365,0.0199,0.0176,0.014
2024-09-20,no hay direccion,0.0439,0.0028,0.0421,0.0404,0.0294,0.047,0.0268
2024-09-21,no hay direccion,0.0427,0.0425,0.025,0.048,0.0291,0.0144,0.0286
2024-09-22,no hay direccion,0.0341,0.005,0.012,0.037,0.0434,0.0231,0.0011
2024-09-23,no hay direccion,0.0217,0.027,0.0413,0.0478,0.0023,0.0283,0.013
2024-09-24,no hay direccion,0.0382,0.0487,0.0146,0.0403,0.0115,0.0153,0.007
2024-09-25,no hay direccion,0.0306,0.0109,0.0037,0.0231,0.0451,0.0089,0.0386
2024-09-26,no hay direccion,0.031,0.0273,0.0003,0.001,0.0255,0.042,0.0147
2024-09-27,no hay direccion,0.0376,0.044,0.0208,0.0055,0.0389,0.0405,0.0318
2024-09-28,no hay direccion,0.0321,0.0328,0.0145,0.0103,0.0235,0.011,0.041
2024-09-29,no hay direccion,0.0422,0.0002,0.0315,0.0258,0.0031,0.0096,0.0115
2024-09-30,no hay direccion,0.0031,0.0469,0.0313,0.0252,0.0432,0.0341,0.0067
2024-10-01,no hay direccion,0.014,0.0189,0.0452,0.0229,0.0336,0.0267,0.0305
2024-10-02,no hay direccion,0.0368,0.0161,0.0109,0.0441,0.0097,0.0392,0.0406
2024-10-03,no hay direccion,0.0445,0.0281,0.0239,0.0418,0.0319,0.0279,0.0489
2024-10-04,no hay direccion,0.0395,0.0241,0.0364,0.03,0.0001,0.0052,0.0018
2024-10-05,no hay direccion,0.0378,0.0088,0.0074,0.0241,0.0017,0.0046,0.0431
2024-10-06,no hay direccion,0.0222,0.0443,0.0047,0.0344,0.0187,0.0152,0.0218
2024-10-07,no hay direccion,0.0491,0.0057,0.0344,0.0427,0.0338,0.0281,0.0344
2024-10-08,no hay direccion,0.0299,0.0092,0.0311,0.0428,0.0137,0.0098,0.028
2024-10-09,no hay direccion,0.0485,0.0019,0.0214,0.0341,0.0106,0.0293,0.0252
2024-10-10,no hay direccion,0.0376,0.0466,0.0384,0.0285,0.0224,0.0276,0.004
2024-10-11,no hay direccion,0.001,0.0406,0.0477,0.0052,0.0377,0.0278,0.0296
2024-10-12,no hay direccion,0.038,0.0437,0.0118,0.0431,0.0033,0.023,0.0439
2024-10-13,no hay direccion,0.0194,0.0419,0.0161,0.0095,0.0008,0.0352,0.0414
2024-10-14,no hay direccion,0.039,0.0356,0.0048,0.0469,0.0282,0.012,0.0044
2024-10-15,no hay direccion,0.0129,0.0008,0.0444,0.0281,0.0189,0.012,0.0401
2024-10-16,no hay direccion,0.0301,0.037,0.0188,0.008,0.045,0.0217,0.0256
2024-10-17,no hay direccion,0.0415,0.023,0.0081,0.0108,0.0473,0.0285,0.0482
2024-10-18,no hay direccion,0.0426,0.0248,0.0096,0.0415,0.0168,0.0056,0.0104
2024-10-19,no hay direccion,0.0469,0.003,0.0249,0.0177,0.0469,0.0343,0.0192
2024-10-20,no hay direccion,0.0165,0.0346,0.0252,0.0016,0.0054,0.0043,0.0117
2024-10-21,no hay direccion,0.0366,0.0379,0.0153,0.0113,0.0212,0.0098,0.0237
2024-10-22,no hay direccion,0.0022,0.0046,0.0159,0.0034,0.0248,0.0431,0.0447
2024-10-23,no hay direccion,0.004,0.0299,0.0143,0.0135,0.0434,0.0424,0.0462
2024-10-24,no hay direccion,0.0472,0.0212,0.0038,0.0268,0.0201,0.0101,0.0453
2024-10-25,no hay direccion,0.0273,0.0473,0.0276,0.0413,0.0399,0.049,0.0072
2024-10-26,no hay direccion,0.0044,0.042,0.0363,0.0055,0.01,0.0223,0.0016
2024-10-27,no hay direccion,0.0138,0.0132,0.0264,0.0208,0.0319,0.0113,0.0478
2024-10-28,no hay direccion,0.0364,0.0385,0.0151,0.018,0.0185,0.0319,0.03
2024-10-29,no hay direccion,0.0235,0.0202,0.0416,0.0318,0.036,0.0446,0.0467
2024-10-30,no hay direccion,0.0228,0.0245,0.0081,0.0421,0.0077,0.0343,0.0446
2024-10-31,no hay direccion,0.0193,0.0306,0.0335,0.017,0.0208,0.036,0.0063
2024-11-01,zona alto las delicias,0.006,0.0149,0.014,0.6717,0.0093,0.0323,0.0203
2024-11-02,no hay direccion,0.0446,0.0131,0.0493,0.0239,0.0296,0.0189,0.0095
2024-11-03,no hay direccion,0.0437,0.015,0.0101,0.0428,0.0427,0.0125,0.0368
2024-11-04,no hay direccion,0.011,0.0349,0.0489,0.0331,0.0414,0.0364,0.0334
2024-11-05,no hay direccion,0.0229,0.0303,0.0345,0.0065,0.0302,0.0269,0.0326
2024-11-06,no hay direccion,0.0296,0.0002,0.0085,0.0408,0.0262,0.023,0.0198
2024-11-07,no hay direccion,0.0215,0.0207,0.0283,0.0443,0.0068,0.0071,0.0196
2024-11-08,no hay direccion,0.0428,0.0379,0.0339,0.0467,0.0132,0.0373,0.0372
2024-11-09,retamani i,0.0063,0.0441,0.0347,0.7276,0.043,0.0276,0.0182
2024-11-10,zona san antonio,0.034,0.0383,0.0212,0.7527,0.0467,0.0168,0.0155
2024-11-11,no hay direccion,0.0049,0.0259,0.0371,0.0326,0.0048,0.0298,0.0243
2024-11-12,no hay direccion,0.0307,0.0198,0.0285,0.0248,0.0367,0.0421,0.0383
2024-11-13,no hay direccion,0.0196,0.0131,0.017,0.0377,0.0435,0.0454,0.0206
2024-11-14,no hay direccion,0.0197,0.0305,0.0054,0.0438,0.0013,0.0415,0.0272
2024-11-15,no hay direccion,0.0009,0.0153,0.0358,0.0208,0.0047,0.0126,0.0058
2024-11-16,zona ovejuyo,0.0238,0.0348,0.0422,0.5745,0.015,0.0267,0.0458
2024-11-17,no hay direccion,0.0222,0.0141,0.0159,0.0395,0.037,0.0469,0.0109
2024-11-18,no hay direccion,0.0383,0.0488,0.0424,0.0474,0.0204,0.0286,0.0328
2024-11-19,no hay direccion,0.0017,0.048,0.03,0.0197,0.0121,0.0114,0.0241
2024-11-20,no hay direccion,0.001,0.0033,0.0022,0.0399,0.0375,0.0379,0.0308
2024-11-21,no hay direccion,0.029,0.02,0.0112,0.0077,0.0348,0.0218,0.048
2024-11-22,no hay direccion,0.0284,0.0082,0.0442,0.0243,0.0232,0.008,0.0265
2024-11-23,no hay direccion,0.0147,0.0439,0.0265,0.0442,0.0472,0.0271,0.0246
2024-11-24,no hay direccion,0.001,0.003,0.0424,0.0069,0.0296,0.0465,0.0388
2024-11-25,no hay direccion,0.0241,0.0247,0.0282,0.0498,0.0397,0.0375,0.015
2024-11-26,no hay direccion,0.0028,0.0409,0.0064,0.0208,0.0066,0.0103,0.0128
2024-11-27,no hay direccion,0.049,0.023,0.0065,0.046,0.0365,0.0407,0.0259
2024-11-28,no hay direccion,0.0179,0.0399,0.0259,0.0455,0.0372,0.0122,0.0136
2024-11-29,rio chuluncani,0.044,0.0115,0.031,0.9163,0.0471,0.0019,0.0102
2024-11-30,no hay direccion,0.0269,0.0216,0.0287,0.0094,0.0223,0.0476,0.007
2024-12-01,no hay direccion,0.0473,0.0017,0.0049,0.0293,0.0337,0.0357,0.0113
2024-12-02,no hay direccion,0.0358,0.0011,0.0176,0.0377,0.023,0.0332,0.023
2024-12-03,no hay direccion,0.0144,0.0478,0.0112,0.012,0.0027,0.0169,0.0298
2024-12-04,no hay direccion,0.0177,0.0166,0.0284,0.0155,0.0356,0.0309,0.0432
2024-12-05,no hay direccion,0.0361,0.0367,0.0146,0.0031,0.0099,0.0204,0.0054
2024-12-06,no hay direccion,0.017,0.0423,0.022,0.0226,0.0453,0.0196,0.0239
2024-12-07,no hay direccion,0.0023,0.0083,0.0344,0.0413,0.0418,0.002,0.0474
2024-12-08,no hay direccion,0.0476,0.0187,0.0195,0.0263,0.0493,0.0453,0.0499
2024-12-09,munaypata,0.0197,0.0271,0.0249,0.8553,0.0489,0.0372,0.0469
2024-12-10,no hay direccion,0.0372,0.0188,0.0348,0.0395,0.0121,0.0117,0.0169
2024-12-11,jardin japones,0.0343,0.017,0.0104,0.8053,0.0398,0.0479,0.0139
2024-12-12,no hay direccion,0.0231,0.0445,0.0035,0.0022,0.024,0.0231,0.0308
2024-12-13,no hay direccion,0.039,0.0181,0.0485,0.0429,0.0145,0.0095,0.0245
2024-12-14,no hay direccion,0.0244,0.0351,0.0399,0.0406,0.0152,0.0173,0.0364
2024-12-15,no hay direccion,0.0472,0.0345,0.0429,0.022,0.0049,0.0107,0.0097
2024-12-16,no hay direccion,0.0358,0.0039,0.0191,0.0154,0.019,0.0046,0.0453
2024-12-17,no hay direccion,0.0199,0.0126,0.0176,0.0271,0.0333,0.0482,0.0048
2024-12-18,no hay direccion,0.0351,0.0089,0.0055,0.0213,0.0321,0.0389,0.0052
2024-12-19,no hay direccion,0.0365,0.0238,0.0151,0.0114,0.035,0.0006,0.0227
2024-12-20,no hay direccion,0.0096,0.0366,0.0254,0.0399,0.0013,0.0201,0.025
2024-12-21,no hay direccion,0.022,0.001,0.0497,0.025,0.0402,0.0195,0.0073
2024-12-22,no hay direccion,0.0321,0.0196,0.0247,0.0011,0.0333,0.0369,0.0393
2024-12-23,no hay direccion,0.0407,0.0073,0.0169,0.0287,0.0018,0.0222,0.045
2024-12-24,no hay direccion,0.0428,0.0135,0.0148,0.0139,0.0263,0.0165,0.0225
2024-12-25,no hay direccion,0.0183,0.0167,0.0267,0.0055,0.0246,0.0216,0.0348
2024-12-26,no hay direccion,0.0398,0.0016,0.0489,0.0489,0.0327,0.0465,0.0059
2024-12-27,urbanizacion condores lacota,0.0383,0.0095,0.0135,0.9002,0.0281,0.0375,0.0416
2024-12-28,villa el carmen,0.0039,0.0264,0.0014,0.0406,0.0053,0.8403,0.0078
2024-12-29,valle de las flores b amor de dios,0.0216,0.0083,0.0212,0.034,0.0459,0.736,0.0004
2024-12-30,no hay direccion,0.0275,0.0296,0.0304,0.0023,0.0005,0.023,0.0488
2024-12-31,rosal norte-orkojahuira,0.0405,0.0464,0.0216,0.0491,0.0141,0.8902,0.0438
